Date,Terminal,Product,TGP_Excluding_GST,GST,TGP_Including_GST
13/03/2026,Hastings,ULP,176.43,17.64,194.07
13/03/2026,Hastings,E10,176.25,17.62,193.87
13/03/2026,Hastings,P95,193.52,19.35,212.87
13/03/2026,Hastings,P98,200.70,20.07,220.77
13/03/2026,Hastings,DIS,211.23,21.12,232.36
13/03/2026,Hastings,PREDIS,213.05,21.31,234.36
13/03/2026,Yarraville,ULP,176.43,17.64,194.07
13/03/2026,Yarraville,E10,176.25,17.62,193.87
13/03/2026,Yarraville,P95,193.52,19.35,212.87
13/03/2026,Yarraville,P98,200.70,20.07,220.77
13/03/2026,Yarraville,DIS,211.23,21.12,232.36
13/03/2026,Yarraville,PREDIS,213.05,21.31,234.36
13/03/2026,Sydney,ULP,175.70,17.57,193.27
13/03/2026,Sydney,E10,175.43,17.54,192.98
13/03/2026,Sydney,P95,194.13,19.41,213.54
13/03/2026,Sydney,P98,202.24,20.22,222.46
13/03/2026,Sydney,DIS,211.45,21.14,232.59
13/03/2026,Sydney,PREDIS,213.26,21.33,234.59
13/03/2026,Brisbane,ULP,180.76,18.08,198.84
13/03/2026,Brisbane,E10,178.62,17.86,196.48
13/03/2026,Brisbane,P95,192.04,19.20,211.24
13/03/2026,Brisbane,P98,205.68,20.57,226.25
13/03/2026,Brisbane,DIS,213.15,21.32,234.47
13/03/2026,Brisbane,PREDIS,214.97,21.50,236.47
13/03/2026,Brisbane,B5,216.80,21.68,238.48
13/03/2026,Gladstone,ULP,183.91,18.39,202.30
13/03/2026,Gladstone,E10,181.55,18.16,199.71
13/03/2026,Gladstone,P95,189.01,18.90,207.91
13/03/2026,Gladstone,P98,,,
13/03/2026,Gladstone,DIS,212.00,21.20,233.20
13/03/2026,Gladstone,PREDIS,213.81,21.38,235.20
13/03/2026,Mackay,ULP,184.04,18.40,202.44
13/03/2026,Mackay,E10,184.18,18.42,202.60
13/03/2026,Mackay,P95,190.49,19.05,209.54
13/03/2026,Mackay,P98,193.39,19.34,212.73
13/03/2026,Mackay,DIS,212.75,21.27,234.02
13/03/2026,Mackay,PREDIS,214.57,21.46,236.02
13/03/2026,Townsville,ULP,183.99,18.40,202.39
13/03/2026,Townsville,E10,184.99,18.50,203.49
13/03/2026,Townsville,P95,198.83,19.88,218.71
13/03/2026,Townsville,P98,216.10,21.61,237.72
13/03/2026,Townsville,DIS,214.88,21.49,236.37
13/03/2026,Townsville,PREDIS,216.70,21.67,238.37
13/03/2026,Cairns,ULP,182.84,18.28,201.12
13/03/2026,Cairns,E10,189.01,18.90,207.91
13/03/2026,Cairns,P95,194.92,19.49,214.42
13/03/2026,Cairns,P98,,,
13/03/2026,Cairns,DIS,212.92,21.29,234.21
13/03/2026,Cairns,PREDIS,214.74,21.47,236.21
13/03/2026,Port Alma,DIS,212.00,21.20,233.20
13/03/2026,Adelaide,ULP,174.93,17.49,192.43
13/03/2026,Adelaide,E10,171.05,17.11,188.16
13/03/2026,Adelaide,P95,186.92,18.69,205.62
13/03/2026,Adelaide,P98,201.06,20.11,221.17
13/03/2026,Adelaide,DIS,208.09,20.81,228.90
13/03/2026,Adelaide,PREDIS,209.91,20.99,230.90
13/03/2026,Perth,ULP,177.30,17.73,195.03
13/03/2026,Perth,E10,,,
13/03/2026,Perth,P95,190.99,19.10,210.08
13/03/2026,Perth,P98,205.51,20.55,226.06
13/03/2026,Perth,DIS,209.34,20.93,230.28
13/03/2026,Perth,PREDIS,211.16,21.12,232.28
13/03/2026,Darwin,ULP,181.71,18.17,199.88
13/03/2026,Darwin,E10,,,
13/03/2026,Darwin,P95,195.06,19.51,214.56
13/03/2026,Darwin,P98,,,
13/03/2026,Darwin,DIS,211.98,21.20,233.18
13/03/2026,Darwin,PREDIS,213.80,21.38,235.18
13/03/2026,Bell Bay,ULP,182.05,18.20,200.25
13/03/2026,Bell Bay,E10,182.09,18.21,200.30
13/03/2026,Bell Bay,P95,193.66,19.37,213.02
13/03/2026,Bell Bay,P98,197.18,19.72,216.90
13/03/2026,Bell Bay,DIS,215.53,21.55,237.08
13/03/2026,Bell Bay,PREDIS,217.34,21.73,239.08
13/03/2026,Broome,ULP,203.74,20.37,224.11
13/03/2026,Broome,E10,,,
13/03/2026,Broome,P95,216.53,21.65,238.18
13/03/2026,Broome,P98,,,
13/03/2026,Broome,DIS,218.52,21.85,240.37
14/03/2026,Hastings,ULP,180.81,18.08,198.89
14/03/2026,Hastings,E10,180.59,18.06,198.64
14/03/2026,Hastings,P95,199.35,19.94,219.29
14/03/2026,Hastings,P98,206.64,20.66,227.30
14/03/2026,Hastings,DIS,219.93,21.99,241.92
14/03/2026,Hastings,PREDIS,221.75,22.17,243.92
14/03/2026,Yarraville,ULP,180.81,18.08,198.89
14/03/2026,Yarraville,E10,180.59,18.06,198.64
14/03/2026,Yarraville,P95,199.35,19.94,219.29
14/03/2026,Yarraville,P98,206.64,20.66,227.30
14/03/2026,Yarraville,DIS,219.93,21.99,241.92
14/03/2026,Yarraville,PREDIS,221.75,22.17,243.92
14/03/2026,Sydney,ULP,180.08,18.01,198.09
14/03/2026,Sydney,E10,179.77,17.98,197.75
14/03/2026,Sydney,P95,199.96,20.00,219.96
14/03/2026,Sydney,P98,208.17,20.82,228.99
14/03/2026,Sydney,DIS,220.14,22.01,242.16
14/03/2026,Sydney,PREDIS,221.96,22.20,244.16
14/03/2026,Brisbane,ULP,185.13,18.51,203.64
14/03/2026,Brisbane,E10,182.99,18.30,201.29
14/03/2026,Brisbane,P95,197.70,19.77,217.47
14/03/2026,Brisbane,P98,211.60,21.16,232.76
14/03/2026,Brisbane,DIS,221.83,22.18,244.01
14/03/2026,Brisbane,PREDIS,223.65,22.36,246.01
14/03/2026,Brisbane,B5,225.48,22.55,248.03
14/03/2026,Gladstone,ULP,188.29,18.83,207.12
14/03/2026,Gladstone,E10,185.49,18.55,204.04
14/03/2026,Gladstone,P95,194.68,19.47,214.15
14/03/2026,Gladstone,P98,,,
14/03/2026,Gladstone,DIS,220.68,22.07,242.75
14/03/2026,Gladstone,PREDIS,222.50,22.25,244.75
14/03/2026,Mackay,ULP,188.42,18.84,207.26
14/03/2026,Mackay,E10,188.12,18.81,206.93
14/03/2026,Mackay,P95,196.43,19.64,216.07
14/03/2026,Mackay,P98,199.32,19.93,219.25
14/03/2026,Mackay,DIS,221.43,22.14,243.58
14/03/2026,Mackay,PREDIS,223.25,22.33,245.58
14/03/2026,Townsville,ULP,188.36,18.84,207.20
14/03/2026,Townsville,E10,189.36,18.94,208.30
14/03/2026,Townsville,P95,204.77,20.48,225.24
14/03/2026,Townsville,P98,222.04,22.20,244.24
14/03/2026,Townsville,DIS,223.57,22.36,245.93
14/03/2026,Townsville,PREDIS,225.39,22.54,247.93
14/03/2026,Cairns,ULP,187.21,18.72,205.93
14/03/2026,Cairns,E10,194.62,19.46,214.08
14/03/2026,Cairns,P95,200.59,20.06,220.65
14/03/2026,Cairns,P98,,,
14/03/2026,Cairns,DIS,221.61,22.16,243.77
14/03/2026,Cairns,PREDIS,223.43,22.34,245.77
14/03/2026,Port Alma,DIS,220.68,22.07,242.75
14/03/2026,Adelaide,ULP,179.30,17.93,197.23
14/03/2026,Adelaide,E10,175.38,17.54,192.92
14/03/2026,Adelaide,P95,192.59,19.26,211.85
14/03/2026,Adelaide,P98,206.99,20.70,227.69
14/03/2026,Adelaide,DIS,216.77,21.68,238.45
14/03/2026,Adelaide,PREDIS,218.59,21.86,240.45
14/03/2026,Perth,ULP,181.67,18.17,199.84
14/03/2026,Perth,E10,,,
14/03/2026,Perth,P95,196.65,19.67,216.32
14/03/2026,Perth,P98,211.43,21.14,232.58
14/03/2026,Perth,DIS,218.01,21.80,239.81
14/03/2026,Perth,PREDIS,219.83,21.98,241.81
14/03/2026,Darwin,ULP,186.06,18.61,204.67
14/03/2026,Darwin,E10,,,
14/03/2026,Darwin,P95,200.97,20.10,221.07
14/03/2026,Darwin,P98,,,
14/03/2026,Darwin,DIS,220.65,22.06,242.71
14/03/2026,Darwin,PREDIS,222.47,22.25,244.71
14/03/2026,Bell Bay,ULP,186.44,18.64,205.08
14/03/2026,Bell Bay,E10,186.44,18.64,205.08
14/03/2026,Bell Bay,P95,199.50,19.95,219.45
14/03/2026,Bell Bay,P98,203.13,20.31,223.44
14/03/2026,Bell Bay,DIS,224.23,22.42,246.66
14/03/2026,Bell Bay,PREDIS,226.05,22.61,248.66
14/03/2026,Broome,ULP,208.31,20.83,229.14
14/03/2026,Broome,E10,,,
14/03/2026,Broome,P95,222.40,22.24,244.64
14/03/2026,Broome,P98,,,
14/03/2026,Broome,DIS,227.24,22.72,249.96
17/03/2026,Hastings,ULP,187.89,18.79,206.68
17/03/2026,Hastings,E10,187.95,18.79,206.74
17/03/2026,Hastings,P95,207.66,20.77,228.43
17/03/2026,Hastings,P98,215.04,21.50,236.54
17/03/2026,Hastings,DIS,228.32,22.83,251.15
17/03/2026,Hastings,PREDIS,230.14,23.01,253.15
17/03/2026,Yarraville,ULP,187.89,18.79,206.68
17/03/2026,Yarraville,E10,187.95,18.79,206.74
17/03/2026,Yarraville,P95,207.66,20.77,228.43
17/03/2026,Yarraville,P98,215.04,21.50,236.54
17/03/2026,Yarraville,DIS,228.32,22.83,251.15
17/03/2026,Yarraville,PREDIS,230.14,23.01,253.15
17/03/2026,Sydney,ULP,187.17,18.72,205.88
17/03/2026,Sydney,E10,187.13,18.71,205.84
17/03/2026,Sydney,P95,208.27,20.83,229.10
17/03/2026,Sydney,P98,216.57,21.66,238.23
17/03/2026,Sydney,DIS,228.54,22.85,251.39
17/03/2026,Sydney,PREDIS,230.35,23.04,253.39
17/03/2026,Brisbane,ULP,191.99,19.20,211.19
17/03/2026,Brisbane,E10,189.85,18.99,208.84
17/03/2026,Brisbane,P95,205.67,20.57,226.23
17/03/2026,Brisbane,P98,219.78,21.98,241.76
17/03/2026,Brisbane,DIS,229.98,23.00,252.98
17/03/2026,Brisbane,PREDIS,231.80,23.18,254.98
17/03/2026,Brisbane,B5,233.63,23.36,257.00
17/03/2026,Gladstone,ULP,195.37,19.54,214.91
17/03/2026,Gladstone,E10,192.12,19.21,211.33
17/03/2026,Gladstone,P95,202.86,20.29,223.15
17/03/2026,Gladstone,P98,,,
17/03/2026,Gladstone,DIS,229.08,22.91,251.99
17/03/2026,Gladstone,PREDIS,230.90,23.09,253.99
17/03/2026,Mackay,ULP,195.50,19.55,215.05
17/03/2026,Mackay,E10,194.75,19.47,214.22
17/03/2026,Mackay,P95,204.83,20.48,225.31
17/03/2026,Mackay,P98,207.72,20.77,228.49
17/03/2026,Mackay,DIS,229.83,22.98,252.81
17/03/2026,Mackay,PREDIS,231.65,23.16,254.81
17/03/2026,Townsville,ULP,195.45,19.54,214.99
17/03/2026,Townsville,E10,196.45,19.64,216.09
17/03/2026,Townsville,P95,213.17,21.32,234.48
17/03/2026,Townsville,P98,230.44,23.04,253.48
17/03/2026,Townsville,DIS,231.97,23.20,255.16
17/03/2026,Townsville,PREDIS,233.78,23.38,257.16
17/03/2026,Cairns,ULP,194.29,19.43,213.72
17/03/2026,Cairns,E10,202.75,20.28,223.03
17/03/2026,Cairns,P95,208.78,20.88,229.65
17/03/2026,Cairns,P98,,,
17/03/2026,Cairns,DIS,230.00,23.00,253.00
17/03/2026,Cairns,PREDIS,231.82,23.18,255.00
17/03/2026,Port Alma,DIS,229.08,22.91,251.99
17/03/2026,Adelaide,ULP,186.39,18.64,205.03
17/03/2026,Adelaide,E10,182.74,18.27,201.02
17/03/2026,Adelaide,P95,200.78,20.08,220.85
17/03/2026,Adelaide,P98,215.39,21.54,236.93
17/03/2026,Adelaide,DIS,225.17,22.52,247.69
17/03/2026,Adelaide,PREDIS,226.99,22.70,249.69
17/03/2026,Perth,ULP,188.76,18.88,207.64
17/03/2026,Perth,E10,,,
17/03/2026,Perth,P95,204.84,20.48,225.32
17/03/2026,Perth,P98,219.83,21.98,241.82
17/03/2026,Perth,DIS,226.42,22.64,249.06
17/03/2026,Perth,PREDIS,228.23,22.82,251.06
17/03/2026,Darwin,ULP,193.16,19.32,212.47
17/03/2026,Darwin,E10,,,
17/03/2026,Darwin,P95,209.38,20.94,230.32
17/03/2026,Darwin,P98,,,
17/03/2026,Darwin,DIS,229.05,22.91,251.96
17/03/2026,Darwin,PREDIS,230.87,23.09,253.96
17/03/2026,Bell Bay,ULP,193.52,19.35,212.87
17/03/2026,Bell Bay,E10,193.79,19.38,213.17
17/03/2026,Bell Bay,P95,207.81,20.78,228.59
17/03/2026,Bell Bay,P98,211.52,21.15,232.67
17/03/2026,Bell Bay,DIS,232.62,23.26,255.88
17/03/2026,Bell Bay,PREDIS,234.44,23.44,257.88
17/03/2026,Broome,ULP,215.32,21.53,236.85
17/03/2026,Broome,E10,,,
17/03/2026,Broome,P95,230.50,23.05,253.56
17/03/2026,Broome,P98,,,
17/03/2026,Broome,DIS,235.62,23.56,259.18
18/03/2026,Hastings,ULP,192.38,19.24,211.62
18/03/2026,Hastings,E10,192.39,19.24,211.63
18/03/2026,Hastings,P95,213.42,21.34,234.76
18/03/2026,Hastings,P98,220.88,22.09,242.97
18/03/2026,Hastings,DIS,233.36,23.34,256.70
18/03/2026,Hastings,PREDIS,235.18,23.52,258.70
18/03/2026,Yarraville,ULP,192.38,19.24,211.62
18/03/2026,Yarraville,E10,192.39,19.24,211.63
18/03/2026,Yarraville,P95,213.42,21.34,234.76
18/03/2026,Yarraville,P98,220.88,22.09,242.97
18/03/2026,Yarraville,DIS,233.36,23.34,256.70
18/03/2026,Yarraville,PREDIS,235.18,23.52,258.70
18/03/2026,Sydney,ULP,191.66,19.17,210.82
18/03/2026,Sydney,E10,191.58,19.16,210.73
18/03/2026,Sydney,P95,214.03,21.40,235.43
18/03/2026,Sydney,P98,222.42,22.24,244.66
18/03/2026,Sydney,DIS,233.58,23.36,256.93
18/03/2026,Sydney,PREDIS,235.39,23.54,258.93
18/03/2026,Brisbane,ULP,196.26,19.63,215.88
18/03/2026,Brisbane,E10,194.12,19.41,213.53
18/03/2026,Brisbane,P95,211.05,21.11,232.16
18/03/2026,Brisbane,P98,225.40,22.54,247.94
18/03/2026,Brisbane,DIS,234.76,23.48,258.24
18/03/2026,Brisbane,PREDIS,236.58,23.66,260.24
18/03/2026,Brisbane,B5,238.41,23.84,262.25
18/03/2026,Gladstone,ULP,199.87,19.99,219.85
18/03/2026,Gladstone,E10,196.16,19.62,215.78
18/03/2026,Gladstone,P95,208.48,20.85,229.33
18/03/2026,Gladstone,P98,,,
18/03/2026,Gladstone,DIS,234.12,23.41,257.53
18/03/2026,Gladstone,PREDIS,235.94,23.59,259.53
18/03/2026,Mackay,ULP,200.00,20.00,220.00
18/03/2026,Mackay,E10,198.79,19.88,218.67
18/03/2026,Mackay,P95,210.67,21.07,231.74
18/03/2026,Mackay,P98,213.57,21.36,234.92
18/03/2026,Mackay,DIS,234.87,23.49,258.36
18/03/2026,Mackay,PREDIS,236.69,23.67,260.36
18/03/2026,Townsville,ULP,199.94,19.99,219.94
18/03/2026,Townsville,E10,200.94,20.09,221.04
18/03/2026,Townsville,P95,219.01,21.90,240.91
18/03/2026,Townsville,P98,236.28,23.63,259.91
18/03/2026,Townsville,DIS,237.01,23.70,260.71
18/03/2026,Townsville,PREDIS,238.83,23.88,262.71
18/03/2026,Cairns,ULP,198.79,19.88,218.67
18/03/2026,Cairns,E10,208.31,20.83,229.14
18/03/2026,Cairns,P95,214.40,21.44,235.84
18/03/2026,Cairns,P98,,,
18/03/2026,Cairns,DIS,235.05,23.50,258.55
18/03/2026,Cairns,PREDIS,236.86,23.69,260.55
18/03/2026,Port Alma,DIS,234.12,23.41,257.53
18/03/2026,Adelaide,ULP,190.89,19.09,209.98
18/03/2026,Adelaide,E10,187.19,18.72,205.91
18/03/2026,Adelaide,P95,206.40,20.64,227.04
18/03/2026,Adelaide,P98,221.24,22.12,243.37
18/03/2026,Adelaide,DIS,230.22,23.02,253.24
18/03/2026,Adelaide,PREDIS,232.04,23.20,255.24
18/03/2026,Perth,ULP,193.26,19.33,212.58
18/03/2026,Perth,E10,,,
18/03/2026,Perth,P95,210.46,21.05,231.50
18/03/2026,Perth,P98,225.69,22.57,248.26
18/03/2026,Perth,DIS,231.46,23.15,254.61
18/03/2026,Perth,PREDIS,233.28,23.33,256.61
18/03/2026,Darwin,ULP,197.66,19.77,217.42
18/03/2026,Darwin,E10,,,
18/03/2026,Darwin,P95,215.23,21.52,236.76
18/03/2026,Darwin,P98,,,
18/03/2026,Darwin,DIS,234.10,23.41,257.51
18/03/2026,Darwin,PREDIS,235.92,23.59,259.51
18/03/2026,Bell Bay,ULP,198.01,19.80,217.81
18/03/2026,Bell Bay,E10,198.24,19.82,218.06
18/03/2026,Bell Bay,P95,213.56,21.36,234.91
18/03/2026,Bell Bay,P98,217.37,21.74,239.10
18/03/2026,Bell Bay,DIS,237.66,23.77,261.42
18/03/2026,Bell Bay,PREDIS,239.48,23.95,263.42
18/03/2026,Broome,ULP,219.75,21.98,241.73
18/03/2026,Broome,E10,,,
18/03/2026,Broome,P95,236.06,23.61,259.67
18/03/2026,Broome,P98,,,
18/03/2026,Broome,DIS,240.65,24.07,264.72
19/03/2026,Hastings,ULP,196.75,19.67,216.42
19/03/2026,Hastings,E10,196.73,19.67,216.40
19/03/2026,Hastings,P95,218.50,21.85,240.35
19/03/2026,Hastings,P98,226.01,22.60,248.61
19/03/2026,Hastings,DIS,239.81,23.98,263.79
19/03/2026,Hastings,PREDIS,241.63,24.16,265.79
19/03/2026,Yarraville,ULP,196.75,19.67,216.42
19/03/2026,Yarraville,E10,196.73,19.67,216.40
19/03/2026,Yarraville,P95,218.50,21.85,240.35
19/03/2026,Yarraville,P98,226.01,22.60,248.61
19/03/2026,Yarraville,DIS,239.81,23.98,263.79
19/03/2026,Yarraville,PREDIS,241.63,24.16,265.79
19/03/2026,Sydney,ULP,196.02,19.60,215.63
19/03/2026,Sydney,E10,195.91,19.59,215.50
19/03/2026,Sydney,P95,219.11,21.91,241.02
19/03/2026,Sydney,P98,227.54,22.75,250.30
19/03/2026,Sydney,DIS,240.02,24.00,264.02
19/03/2026,Sydney,PREDIS,241.84,24.18,266.02
19/03/2026,Brisbane,ULP,200.47,20.05,220.52
19/03/2026,Brisbane,E10,198.33,19.83,218.17
19/03/2026,Brisbane,P95,215.91,21.59,237.50
19/03/2026,Brisbane,P98,230.38,23.04,253.41
19/03/2026,Brisbane,DIS,241.04,24.10,265.15
19/03/2026,Brisbane,PREDIS,242.86,24.29,267.15
19/03/2026,Brisbane,B5,244.69,24.47,269.16
19/03/2026,Gladstone,ULP,204.23,20.42,224.65
19/03/2026,Gladstone,E10,200.22,20.02,220.24
19/03/2026,Gladstone,P95,213.49,21.35,234.83
19/03/2026,Gladstone,P98,,,
19/03/2026,Gladstone,DIS,240.57,24.06,264.63
19/03/2026,Gladstone,PREDIS,242.39,24.24,266.63
19/03/2026,Mackay,ULP,204.36,20.44,224.80
19/03/2026,Mackay,E10,202.85,20.28,223.13
19/03/2026,Mackay,P95,215.81,21.58,237.39
19/03/2026,Mackay,P98,218.70,21.87,240.57
19/03/2026,Mackay,DIS,241.33,24.13,265.46
19/03/2026,Mackay,PREDIS,243.14,24.31,267.46
19/03/2026,Townsville,ULP,204.31,20.43,224.74
19/03/2026,Townsville,E10,205.31,20.53,225.84
19/03/2026,Townsville,P95,224.14,22.41,246.56
19/03/2026,Townsville,P98,241.41,24.14,265.56
19/03/2026,Townsville,DIS,243.46,24.35,267.80
19/03/2026,Townsville,PREDIS,245.28,24.53,269.80
19/03/2026,Cairns,ULP,203.16,20.32,223.47
19/03/2026,Cairns,E10,213.28,21.33,234.61
19/03/2026,Cairns,P95,219.40,21.94,241.34
19/03/2026,Cairns,P98,,,
19/03/2026,Cairns,DIS,241.50,24.15,265.65
19/03/2026,Cairns,PREDIS,243.32,24.33,267.65
19/03/2026,Port Alma,DIS,240.57,24.06,264.63
19/03/2026,Adelaide,ULP,195.26,19.53,214.78
19/03/2026,Adelaide,E10,191.53,19.15,210.69
19/03/2026,Adelaide,P95,211.40,21.14,232.54
19/03/2026,Adelaide,P98,226.37,22.64,249.01
19/03/2026,Adelaide,DIS,236.67,23.67,260.34
19/03/2026,Adelaide,PREDIS,238.49,23.85,262.34
19/03/2026,Perth,ULP,197.63,19.76,217.39
19/03/2026,Perth,E10,,,
19/03/2026,Perth,P95,215.47,21.55,237.01
19/03/2026,Perth,P98,230.82,23.08,253.90
19/03/2026,Perth,DIS,237.92,23.79,261.72
19/03/2026,Perth,PREDIS,239.74,23.97,263.72
19/03/2026,Darwin,ULP,202.03,20.20,222.24
19/03/2026,Darwin,E10,,,
19/03/2026,Darwin,P95,220.37,22.04,242.41
19/03/2026,Darwin,P98,,,
19/03/2026,Darwin,DIS,240.56,24.06,264.61
19/03/2026,Darwin,PREDIS,242.38,24.24,266.61
19/03/2026,Bell Bay,ULP,202.37,20.24,222.60
19/03/2026,Bell Bay,E10,202.57,20.26,222.82
19/03/2026,Bell Bay,P95,218.63,21.86,240.49
19/03/2026,Bell Bay,P98,222.49,22.25,244.74
19/03/2026,Bell Bay,DIS,244.10,24.41,268.51
19/03/2026,Bell Bay,PREDIS,245.92,24.59,270.51
19/03/2026,Broome,ULP,224.03,22.40,246.43
19/03/2026,Broome,E10,,,
19/03/2026,Broome,P95,240.98,24.10,265.07
19/03/2026,Broome,P98,,,
19/03/2026,Broome,DIS,247.09,24.71,271.80
20/03/2026,Hastings,ULP,197.72,19.77,217.49
20/03/2026,Hastings,E10,197.65,19.77,217.42
20/03/2026,Hastings,P95,220.15,22.02,242.17
20/03/2026,Hastings,P98,227.70,22.77,250.48
20/03/2026,Hastings,DIS,242.30,24.23,266.53
20/03/2026,Hastings,PREDIS,244.12,24.41,268.53
20/03/2026,Yarraville,ULP,197.72,19.77,217.49
20/03/2026,Yarraville,E10,197.65,19.77,217.42
20/03/2026,Yarraville,P95,220.15,22.02,242.17
20/03/2026,Yarraville,P98,227.70,22.77,250.48
20/03/2026,Yarraville,DIS,242.30,24.23,266.53
20/03/2026,Yarraville,PREDIS,244.12,24.41,268.53
20/03/2026,Sydney,ULP,196.99,19.70,216.69
20/03/2026,Sydney,E10,196.83,19.68,216.52
20/03/2026,Sydney,P95,220.76,22.08,242.84
20/03/2026,Sydney,P98,229.24,22.92,252.16
20/03/2026,Sydney,DIS,242.52,24.25,266.77
20/03/2026,Sydney,PREDIS,244.33,24.43,268.77
20/03/2026,Brisbane,ULP,201.48,20.15,221.63
20/03/2026,Brisbane,E10,199.34,19.93,219.28
20/03/2026,Brisbane,P95,217.53,21.75,239.29
20/03/2026,Brisbane,P98,232.12,23.21,255.33
20/03/2026,Brisbane,DIS,243.60,24.36,267.96
20/03/2026,Brisbane,PREDIS,245.41,24.54,269.96
20/03/2026,Brisbane,B5,247.25,24.72,271.97
20/03/2026,Gladstone,ULP,205.22,20.52,225.74
20/03/2026,Gladstone,E10,201.23,20.12,221.35
20/03/2026,Gladstone,P95,215.09,21.51,236.60
20/03/2026,Gladstone,P98,,,
20/03/2026,Gladstone,DIS,243.10,24.31,267.41
20/03/2026,Gladstone,PREDIS,244.92,24.49,269.41
20/03/2026,Mackay,ULP,205.35,20.54,225.89
20/03/2026,Mackay,E10,203.86,20.39,224.24
20/03/2026,Mackay,P95,217.54,21.75,239.29
20/03/2026,Mackay,P98,220.42,22.04,242.46
20/03/2026,Mackay,DIS,243.85,24.39,268.24
20/03/2026,Mackay,PREDIS,245.67,24.57,270.24
20/03/2026,Townsville,ULP,205.30,20.53,225.83
20/03/2026,Townsville,E10,206.30,20.63,226.93
20/03/2026,Townsville,P95,225.87,22.59,248.46
20/03/2026,Townsville,P98,243.14,24.31,267.45
20/03/2026,Townsville,DIS,245.98,24.60,270.58
20/03/2026,Townsville,PREDIS,247.80,24.78,272.58
20/03/2026,Cairns,ULP,204.15,20.41,224.56
20/03/2026,Cairns,E10,214.89,21.49,236.38
20/03/2026,Cairns,P95,221.01,22.10,243.11
20/03/2026,Cairns,P98,,,
20/03/2026,Cairns,DIS,244.02,24.40,268.43
20/03/2026,Cairns,PREDIS,245.84,24.58,270.43
20/03/2026,Port Alma,DIS,243.10,24.31,267.41
20/03/2026,Adelaide,ULP,196.25,19.62,215.87
20/03/2026,Adelaide,E10,192.53,19.25,211.78
20/03/2026,Adelaide,P95,213.01,21.30,234.31
20/03/2026,Adelaide,P98,228.09,22.81,250.90
20/03/2026,Adelaide,DIS,239.20,23.92,263.12
20/03/2026,Adelaide,PREDIS,241.02,24.10,265.12
20/03/2026,Perth,ULP,198.61,19.86,218.48
20/03/2026,Perth,E10,,,
20/03/2026,Perth,P95,217.07,21.71,238.78
20/03/2026,Perth,P98,232.54,23.25,255.79
20/03/2026,Perth,DIS,240.46,24.05,264.50
20/03/2026,Perth,PREDIS,242.27,24.23,266.50
20/03/2026,Darwin,ULP,203.02,20.30,223.32
20/03/2026,Darwin,E10,,,
20/03/2026,Darwin,P95,222.10,22.21,244.31
20/03/2026,Darwin,P98,,,
20/03/2026,Darwin,DIS,243.09,24.31,267.40
20/03/2026,Darwin,PREDIS,244.91,24.49,269.40
20/03/2026,Bell Bay,ULP,203.33,20.33,223.67
20/03/2026,Bell Bay,E10,203.49,20.35,223.84
20/03/2026,Bell Bay,P95,220.28,22.03,242.31
20/03/2026,Bell Bay,P98,224.18,22.42,246.60
20/03/2026,Bell Bay,DIS,246.59,24.66,271.25
20/03/2026,Bell Bay,PREDIS,248.41,24.84,273.25
20/03/2026,Broome,ULP,224.96,22.50,247.46
20/03/2026,Broome,E10,,,
20/03/2026,Broome,P95,242.52,24.25,266.78
20/03/2026,Broome,P98,,,
20/03/2026,Broome,DIS,249.61,24.96,274.57
21/03/2026,Hastings,ULP,204.02,20.40,224.42
21/03/2026,Hastings,E10,203.91,20.39,224.30
21/03/2026,Hastings,P95,227.20,22.72,249.92
21/03/2026,Hastings,P98,234.81,23.48,258.29
21/03/2026,Hastings,DIS,252.51,25.25,277.76
21/03/2026,Hastings,PREDIS,254.33,25.43,279.76
21/03/2026,Yarraville,ULP,204.02,20.40,224.42
21/03/2026,Yarraville,E10,203.91,20.39,224.30
21/03/2026,Yarraville,P95,227.20,22.72,249.92
21/03/2026,Yarraville,P98,234.81,23.48,258.29
21/03/2026,Yarraville,DIS,252.51,25.25,277.76
21/03/2026,Yarraville,PREDIS,254.33,25.43,279.76
21/03/2026,Sydney,ULP,203.29,20.33,223.62
21/03/2026,Sydney,E10,203.09,20.31,223.40
21/03/2026,Sydney,P95,227.81,22.78,250.59
21/03/2026,Sydney,P98,236.34,23.63,259.98
21/03/2026,Sydney,DIS,252.72,25.27,277.99
21/03/2026,Sydney,PREDIS,254.54,25.45,279.99
21/03/2026,Brisbane,ULP,207.70,20.77,228.47
21/03/2026,Brisbane,E10,205.56,20.56,226.12
21/03/2026,Brisbane,P95,224.42,22.44,246.86
21/03/2026,Brisbane,P98,239.14,23.91,263.05
21/03/2026,Brisbane,DIS,253.71,25.37,279.08
21/03/2026,Brisbane,PREDIS,255.52,25.55,281.08
21/03/2026,Brisbane,B5,257.36,25.74,283.09
21/03/2026,Gladstone,ULP,211.51,21.15,232.66
21/03/2026,Gladstone,E10,207.10,20.71,227.81
21/03/2026,Gladstone,P95,222.05,22.21,244.26
21/03/2026,Gladstone,P98,,,
21/03/2026,Gladstone,DIS,253.30,25.33,278.63
21/03/2026,Gladstone,PREDIS,255.12,25.51,280.63
21/03/2026,Mackay,ULP,211.65,21.16,232.81
21/03/2026,Mackay,E10,209.72,20.97,230.69
21/03/2026,Mackay,P95,224.63,22.46,247.09
21/03/2026,Mackay,P98,227.52,22.75,250.27
21/03/2026,Mackay,DIS,254.05,25.41,279.46
21/03/2026,Mackay,PREDIS,255.87,25.59,281.46
21/03/2026,Townsville,ULP,211.59,21.16,232.75
21/03/2026,Townsville,E10,212.59,21.26,233.85
21/03/2026,Townsville,P95,232.97,23.30,256.26
21/03/2026,Townsville,P98,250.23,25.02,275.26
21/03/2026,Townsville,DIS,256.18,25.62,281.80
21/03/2026,Townsville,PREDIS,258.00,25.80,283.80
21/03/2026,Cairns,ULP,210.44,21.04,231.49
21/03/2026,Cairns,E10,221.80,22.18,243.98
21/03/2026,Cairns,P95,227.97,22.80,250.77
21/03/2026,Cairns,P98,,,
21/03/2026,Cairns,DIS,254.22,25.42,279.65
21/03/2026,Cairns,PREDIS,256.04,25.60,281.65
21/03/2026,Port Alma,DIS,253.30,25.33,278.63
21/03/2026,Adelaide,ULP,202.54,20.25,222.80
21/03/2026,Adelaide,E10,198.78,19.88,218.66
21/03/2026,Adelaide,P95,219.97,22.00,241.97
21/03/2026,Adelaide,P98,235.19,23.52,258.71
21/03/2026,Adelaide,DIS,249.40,24.94,274.34
21/03/2026,Adelaide,PREDIS,251.22,25.12,276.34
21/03/2026,Perth,ULP,204.91,20.49,225.40
21/03/2026,Perth,E10,,,
21/03/2026,Perth,P95,224.03,22.40,246.44
21/03/2026,Perth,P98,239.63,23.96,263.60
21/03/2026,Perth,DIS,250.65,25.07,275.72
21/03/2026,Perth,PREDIS,252.47,25.25,277.72
21/03/2026,Darwin,ULP,209.32,20.93,230.25
21/03/2026,Darwin,E10,,,
21/03/2026,Darwin,P95,229.19,22.92,252.11
21/03/2026,Darwin,P98,,,
21/03/2026,Darwin,DIS,253.29,25.33,278.62
21/03/2026,Darwin,PREDIS,255.10,25.51,280.62
21/03/2026,Bell Bay,ULP,209.63,20.96,230.60
21/03/2026,Bell Bay,E10,209.74,20.97,230.72
21/03/2026,Bell Bay,P95,227.33,22.73,250.06
21/03/2026,Bell Bay,P98,231.29,23.13,254.41
21/03/2026,Bell Bay,DIS,256.80,25.68,282.48
21/03/2026,Bell Bay,PREDIS,258.62,25.86,284.48
21/03/2026,Broome,ULP,231.28,23.13,254.40
21/03/2026,Broome,E10,,,
21/03/2026,Broome,P95,249.51,24.95,274.46
21/03/2026,Broome,P98,,,
21/03/2026,Broome,DIS,259.81,25.98,285.79
24/03/2026,Hastings,ULP,209.57,20.96,230.53
24/03/2026,Hastings,E10,209.40,20.94,230.35
24/03/2026,Hastings,P95,232.89,23.29,256.18
24/03/2026,Hastings,P98,240.51,24.05,264.57
24/03/2026,Hastings,DIS,261.22,26.12,287.35
24/03/2026,Hastings,PREDIS,263.04,26.30,289.35
24/03/2026,Yarraville,ULP,209.57,20.96,230.53
24/03/2026,Yarraville,E10,209.40,20.94,230.35
24/03/2026,Yarraville,P95,232.89,23.29,256.18
24/03/2026,Yarraville,P98,240.51,24.05,264.57
24/03/2026,Yarraville,DIS,261.22,26.12,287.35
24/03/2026,Yarraville,PREDIS,263.04,26.30,289.35
24/03/2026,Sydney,ULP,208.84,20.88,229.73
24/03/2026,Sydney,E10,208.59,20.86,229.45
24/03/2026,Sydney,P95,233.50,23.35,256.85
24/03/2026,Sydney,P98,242.05,24.20,266.25
24/03/2026,Sydney,DIS,261.44,26.14,287.58
24/03/2026,Sydney,PREDIS,263.25,26.33,289.58
24/03/2026,Brisbane,ULP,212.01,21.20,233.21
24/03/2026,Brisbane,E10,209.87,20.99,230.85
24/03/2026,Brisbane,P95,228.85,22.89,251.74
24/03/2026,Brisbane,P98,243.60,24.36,267.96
24/03/2026,Brisbane,DIS,261.16,26.12,287.28
24/03/2026,Brisbane,PREDIS,262.98,26.30,289.28
24/03/2026,Brisbane,B5,264.81,26.48,291.29
24/03/2026,Gladstone,ULP,215.95,21.59,237.54
24/03/2026,Gladstone,E10,211.09,21.11,232.20
24/03/2026,Gladstone,P95,226.61,22.66,249.27
24/03/2026,Gladstone,P98,,,
24/03/2026,Gladstone,DIS,260.89,26.09,286.98
24/03/2026,Gladstone,PREDIS,262.71,26.27,288.98
24/03/2026,Mackay,ULP,216.08,21.61,237.68
24/03/2026,Mackay,E10,213.71,21.37,235.08
24/03/2026,Mackay,P95,229.21,22.92,252.13
24/03/2026,Mackay,P98,232.10,23.21,255.31
24/03/2026,Mackay,DIS,267.43,26.74,294.18
24/03/2026,Mackay,PREDIS,269.25,26.93,296.18
24/03/2026,Townsville,ULP,216.02,21.60,237.63
24/03/2026,Townsville,E10,217.02,21.70,238.73
24/03/2026,Townsville,P95,237.55,23.75,261.30
24/03/2026,Townsville,P98,254.82,25.48,280.30
24/03/2026,Townsville,DIS,263.77,26.38,290.15
24/03/2026,Townsville,PREDIS,265.59,26.56,292.15
24/03/2026,Cairns,ULP,214.87,21.49,236.36
24/03/2026,Cairns,E10,226.31,22.63,248.94
24/03/2026,Cairns,P95,232.52,23.25,255.78
24/03/2026,Cairns,P98,,,
24/03/2026,Cairns,DIS,261.81,26.18,288.00
24/03/2026,Cairns,PREDIS,263.63,26.36,290.00
24/03/2026,Port Alma,DIS,260.89,26.09,286.98
24/03/2026,Adelaide,ULP,206.97,20.70,227.66
24/03/2026,Adelaide,E10,203.16,20.32,223.47
24/03/2026,Adelaide,P95,224.52,22.45,246.98
24/03/2026,Adelaide,P98,239.77,23.98,263.75
24/03/2026,Adelaide,DIS,256.99,25.70,282.68
24/03/2026,Adelaide,PREDIS,258.80,25.88,284.68
24/03/2026,Perth,ULP,209.34,20.93,230.27
24/03/2026,Perth,E10,,,
24/03/2026,Perth,P95,228.59,22.86,251.44
24/03/2026,Perth,P98,244.21,24.42,268.64
24/03/2026,Perth,DIS,258.23,25.82,284.05
24/03/2026,Perth,PREDIS,260.05,26.00,286.05
24/03/2026,Darwin,ULP,213.73,21.37,235.11
24/03/2026,Darwin,E10,,,
24/03/2026,Darwin,P95,233.76,23.38,257.14
24/03/2026,Darwin,P98,,,
24/03/2026,Darwin,DIS,260.87,26.09,286.95
24/03/2026,Darwin,PREDIS,262.68,26.27,288.95
24/03/2026,Bell Bay,ULP,215.19,21.52,236.71
24/03/2026,Bell Bay,E10,215.25,21.52,236.77
24/03/2026,Bell Bay,P95,233.03,23.30,256.34
24/03/2026,Bell Bay,P98,237.00,23.70,260.70
24/03/2026,Bell Bay,DIS,265.52,26.55,292.07
24/03/2026,Bell Bay,PREDIS,267.34,26.73,294.07
24/03/2026,Broome,ULP,235.85,23.58,259.43
24/03/2026,Broome,E10,,,
24/03/2026,Broome,P95,254.20,25.42,279.62
24/03/2026,Broome,P98,,,
24/03/2026,Broome,DIS,267.42,26.74,294.16
25/03/2026,Hastings,ULP,214.56,21.46,236.01
25/03/2026,Hastings,E10,214.35,21.44,235.79
25/03/2026,Hastings,P95,237.93,23.79,261.72
25/03/2026,Hastings,P98,245.56,24.56,270.12
25/03/2026,Hastings,DIS,269.09,26.91,295.99
25/03/2026,Hastings,PREDIS,270.90,27.09,297.99
25/03/2026,Yarraville,ULP,214.56,21.46,236.01
25/03/2026,Yarraville,E10,214.35,21.44,235.79
25/03/2026,Yarraville,P95,237.93,23.79,261.72
25/03/2026,Yarraville,P98,245.56,24.56,270.12
25/03/2026,Yarraville,DIS,269.09,26.91,295.99
25/03/2026,Yarraville,PREDIS,270.90,27.09,297.99
25/03/2026,Sydney,ULP,213.83,21.38,235.21
25/03/2026,Sydney,E10,213.54,21.35,234.89
25/03/2026,Sydney,P95,238.54,23.85,262.39
25/03/2026,Sydney,P98,247.10,24.71,271.80
25/03/2026,Sydney,DIS,269.30,26.93,296.23
25/03/2026,Sydney,PREDIS,271.12,27.11,298.23
25/03/2026,Brisbane,ULP,216.88,21.69,238.57
25/03/2026,Brisbane,E10,214.74,21.47,236.21
25/03/2026,Brisbane,P95,233.76,23.38,257.14
25/03/2026,Brisbane,P98,248.53,24.85,273.38
25/03/2026,Brisbane,DIS,268.89,26.89,295.78
25/03/2026,Brisbane,PREDIS,270.71,27.07,297.78
25/03/2026,Brisbane,B5,272.54,27.25,299.79
25/03/2026,Gladstone,ULP,220.92,22.09,243.01
25/03/2026,Gladstone,E10,215.66,21.57,237.23
25/03/2026,Gladstone,P95,231.62,23.16,254.79
25/03/2026,Gladstone,P98,,,
25/03/2026,Gladstone,DIS,268.70,26.87,295.57
25/03/2026,Gladstone,PREDIS,270.52,27.05,297.57
25/03/2026,Mackay,ULP,221.04,22.10,243.14
25/03/2026,Mackay,E10,218.28,21.83,240.11
25/03/2026,Mackay,P95,234.22,23.42,257.64
25/03/2026,Mackay,P98,237.11,23.71,260.82
25/03/2026,Mackay,DIS,275.26,27.53,302.78
25/03/2026,Mackay,PREDIS,277.07,27.71,304.78
25/03/2026,Townsville,ULP,220.99,22.10,243.08
25/03/2026,Townsville,E10,221.99,22.20,244.18
25/03/2026,Townsville,P95,242.55,24.26,266.81
25/03/2026,Townsville,P98,259.83,25.98,285.81
25/03/2026,Townsville,DIS,271.59,27.16,298.75
25/03/2026,Townsville,PREDIS,273.41,27.34,300.75
25/03/2026,Cairns,ULP,219.82,21.98,241.80
25/03/2026,Cairns,E10,231.25,23.12,254.37
25/03/2026,Cairns,P95,237.51,23.75,261.26
25/03/2026,Cairns,P98,,,
25/03/2026,Cairns,DIS,269.63,26.96,296.59
25/03/2026,Cairns,PREDIS,271.45,27.14,298.59
25/03/2026,Port Alma,DIS,268.70,26.87,295.57
25/03/2026,Adelaide,ULP,211.90,21.19,233.09
25/03/2026,Adelaide,E10,208.05,20.81,228.86
25/03/2026,Adelaide,P95,229.50,22.95,252.45
25/03/2026,Adelaide,P98,244.77,24.48,269.24
25/03/2026,Adelaide,DIS,264.77,26.48,291.25
25/03/2026,Adelaide,PREDIS,266.59,26.66,293.25
25/03/2026,Perth,ULP,214.28,21.43,235.70
25/03/2026,Perth,E10,,,
25/03/2026,Perth,P95,233.56,23.36,256.92
25/03/2026,Perth,P98,249.21,24.92,274.13
25/03/2026,Perth,DIS,265.98,26.60,292.58
25/03/2026,Perth,PREDIS,267.80,26.78,294.58
25/03/2026,Darwin,ULP,218.63,21.86,240.50
25/03/2026,Darwin,E10,,,
25/03/2026,Darwin,P95,238.71,23.87,262.58
25/03/2026,Darwin,P98,,,
25/03/2026,Darwin,DIS,268.62,26.86,295.48
25/03/2026,Darwin,PREDIS,270.44,27.04,297.48
25/03/2026,Bell Bay,ULP,220.21,22.02,242.23
25/03/2026,Bell Bay,E10,220.23,22.02,242.25
25/03/2026,Bell Bay,P95,238.10,23.81,261.91
25/03/2026,Bell Bay,P98,242.08,24.21,266.28
25/03/2026,Bell Bay,DIS,273.42,27.34,300.76
25/03/2026,Bell Bay,PREDIS,275.24,27.52,302.76
25/03/2026,Broome,ULP,241.48,24.15,265.63
25/03/2026,Broome,E10,,,
25/03/2026,Broome,P95,259.88,25.99,285.87
25/03/2026,Broome,P98,,,
25/03/2026,Broome,DIS,275.35,27.53,302.88
26/03/2026,Hastings,ULP,215.61,21.56,237.17
26/03/2026,Hastings,E10,215.40,21.54,236.94
26/03/2026,Hastings,P95,237.75,23.77,261.52
26/03/2026,Hastings,P98,245.30,24.53,269.83
26/03/2026,Hastings,DIS,274.25,27.43,301.68
26/03/2026,Hastings,PREDIS,276.07,27.61,303.68
26/03/2026,Yarraville,ULP,215.61,21.56,237.17
26/03/2026,Yarraville,E10,215.40,21.54,236.94
26/03/2026,Yarraville,P95,237.75,23.77,261.52
26/03/2026,Yarraville,P98,245.30,24.53,269.83
26/03/2026,Yarraville,DIS,274.25,27.43,301.68
26/03/2026,Yarraville,PREDIS,276.07,27.61,303.68
26/03/2026,Sydney,ULP,214.89,21.49,236.37
26/03/2026,Sydney,E10,214.58,21.46,236.04
26/03/2026,Sydney,P95,238.36,23.84,262.19
26/03/2026,Sydney,P98,246.83,24.68,271.51
26/03/2026,Sydney,DIS,274.47,27.45,301.91
26/03/2026,Sydney,PREDIS,276.29,27.63,303.91
26/03/2026,Brisbane,ULP,217.81,21.78,239.60
26/03/2026,Brisbane,E10,215.67,21.57,237.24
26/03/2026,Brisbane,P95,233.59,23.36,256.95
26/03/2026,Brisbane,P98,248.14,24.81,272.95
26/03/2026,Brisbane,DIS,273.92,27.39,301.31
26/03/2026,Brisbane,PREDIS,275.74,27.57,303.31
26/03/2026,Brisbane,B5,277.57,27.76,305.33
26/03/2026,Gladstone,ULP,221.97,22.20,244.16
26/03/2026,Gladstone,E10,216.60,21.66,238.26
26/03/2026,Gladstone,P95,231.57,23.16,254.72
26/03/2026,Gladstone,P98,,,
26/03/2026,Gladstone,DIS,273.82,27.38,301.21
26/03/2026,Gladstone,PREDIS,275.64,27.56,303.21
26/03/2026,Mackay,ULP,222.07,22.21,244.28
26/03/2026,Mackay,E10,219.22,21.92,241.14
26/03/2026,Mackay,P95,233.93,23.39,257.32
26/03/2026,Mackay,P98,236.82,23.68,260.51
26/03/2026,Mackay,DIS,280.38,28.04,308.41
26/03/2026,Mackay,PREDIS,282.19,28.22,310.41
26/03/2026,Townsville,ULP,222.02,22.20,244.22
26/03/2026,Townsville,E10,223.02,22.30,245.32
26/03/2026,Townsville,P95,242.26,24.23,266.49
26/03/2026,Townsville,P98,259.54,25.95,285.50
26/03/2026,Townsville,DIS,276.72,27.67,304.39
26/03/2026,Townsville,PREDIS,278.54,27.85,306.39
26/03/2026,Cairns,ULP,220.84,22.08,242.92
26/03/2026,Cairns,E10,231.16,23.12,254.27
26/03/2026,Cairns,P95,237.42,23.74,261.17
26/03/2026,Cairns,P98,,,
26/03/2026,Cairns,DIS,274.75,27.47,302.22
26/03/2026,Cairns,PREDIS,276.57,27.66,304.22
26/03/2026,Port Alma,DIS,273.82,27.38,301.21
26/03/2026,Adelaide,ULP,212.90,21.29,234.19
26/03/2026,Adelaide,E10,209.04,20.90,229.94
26/03/2026,Adelaide,P95,229.41,22.94,252.35
26/03/2026,Adelaide,P98,244.45,24.45,268.90
26/03/2026,Adelaide,DIS,269.86,26.99,296.85
26/03/2026,Adelaide,PREDIS,271.68,27.17,298.85
26/03/2026,Perth,ULP,215.28,21.53,236.81
26/03/2026,Perth,E10,,,
26/03/2026,Perth,P95,233.47,23.35,256.81
26/03/2026,Perth,P98,248.90,24.89,273.79
26/03/2026,Perth,DIS,271.03,27.10,298.13
26/03/2026,Perth,PREDIS,272.85,27.28,300.13
26/03/2026,Darwin,ULP,219.59,21.96,241.55
26/03/2026,Darwin,E10,,,
26/03/2026,Darwin,P95,238.34,23.83,262.18
26/03/2026,Darwin,P98,,,
26/03/2026,Darwin,DIS,273.68,27.37,301.05
26/03/2026,Darwin,PREDIS,275.50,27.55,303.05
26/03/2026,Bell Bay,ULP,221.30,22.13,243.43
26/03/2026,Bell Bay,E10,221.31,22.13,243.44
26/03/2026,Bell Bay,P95,237.96,23.80,261.75
26/03/2026,Bell Bay,P98,241.85,24.18,266.03
26/03/2026,Bell Bay,DIS,278.63,27.86,306.49
26/03/2026,Bell Bay,PREDIS,280.45,28.04,308.49
26/03/2026,Broome,ULP,243.29,24.33,267.62
26/03/2026,Broome,E10,,,
26/03/2026,Broome,P95,260.58,26.06,286.64
26/03/2026,Broome,P98,,,
26/03/2026,Broome,DIS,280.60,28.06,308.66
27/03/2026,Hastings,ULP,215.53,21.55,237.08
27/03/2026,Hastings,E10,215.31,21.53,236.85
27/03/2026,Hastings,P95,236.41,23.64,260.05
27/03/2026,Hastings,P98,243.87,24.39,268.25
27/03/2026,Hastings,DIS,277.68,27.77,305.45
27/03/2026,Hastings,PREDIS,279.50,27.95,307.45
27/03/2026,Yarraville,ULP,215.53,21.55,237.08
27/03/2026,Yarraville,E10,215.31,21.53,236.85
27/03/2026,Yarraville,P95,236.41,23.64,260.05
27/03/2026,Yarraville,P98,243.87,24.39,268.25
27/03/2026,Yarraville,DIS,277.68,27.77,305.45
27/03/2026,Yarraville,PREDIS,279.50,27.95,307.45
27/03/2026,Sydney,ULP,214.80,21.48,236.28
27/03/2026,Sydney,E10,214.50,21.45,235.95
27/03/2026,Sydney,P95,237.02,23.70,260.72
27/03/2026,Sydney,P98,245.40,24.54,269.94
27/03/2026,Sydney,DIS,277.90,27.79,305.69
27/03/2026,Sydney,PREDIS,279.71,27.97,307.69
27/03/2026,Brisbane,ULP,216.74,21.67,238.42
27/03/2026,Brisbane,E10,214.60,21.46,236.06
27/03/2026,Brisbane,P95,231.40,23.14,254.54
27/03/2026,Brisbane,P98,245.72,24.57,270.29
27/03/2026,Brisbane,DIS,275.90,27.59,303.49
27/03/2026,Brisbane,PREDIS,277.72,27.77,305.49
27/03/2026,Brisbane,B5,279.55,27.96,307.51
27/03/2026,Gladstone,ULP,220.98,22.10,243.08
27/03/2026,Gladstone,E10,215.72,21.57,237.29
27/03/2026,Gladstone,P95,229.46,22.95,252.40
27/03/2026,Gladstone,P98,,,
27/03/2026,Gladstone,DIS,275.87,27.59,303.46
27/03/2026,Gladstone,PREDIS,277.69,27.77,305.46
27/03/2026,Mackay,ULP,221.08,22.11,243.19
27/03/2026,Mackay,E10,218.32,21.83,240.15
27/03/2026,Mackay,P95,231.58,23.16,254.74
27/03/2026,Mackay,P98,234.48,23.45,257.93
27/03/2026,Mackay,DIS,283.76,28.38,312.13
27/03/2026,Mackay,PREDIS,285.58,28.56,314.13
27/03/2026,Townsville,ULP,221.02,22.10,243.13
27/03/2026,Townsville,E10,222.02,22.20,244.23
27/03/2026,Townsville,P95,239.92,23.99,263.91
27/03/2026,Townsville,P98,257.20,25.72,282.92
27/03/2026,Townsville,DIS,278.77,27.88,306.65
27/03/2026,Townsville,PREDIS,280.59,28.06,308.65
27/03/2026,Cairns,ULP,219.82,21.98,241.81
27/03/2026,Cairns,E10,229.04,22.90,251.95
27/03/2026,Cairns,P95,235.29,23.53,258.82
27/03/2026,Cairns,P98,,,
27/03/2026,Cairns,DIS,276.80,27.68,304.48
27/03/2026,Cairns,PREDIS,278.62,27.86,306.48
27/03/2026,Port Alma,DIS,275.87,27.59,303.46
27/03/2026,Adelaide,ULP,211.87,21.19,233.05
27/03/2026,Adelaide,E10,208.02,20.80,228.82
27/03/2026,Adelaide,P95,227.27,22.73,249.99
27/03/2026,Adelaide,P98,242.09,24.21,266.30
27/03/2026,Adelaide,DIS,271.88,27.19,299.07
27/03/2026,Adelaide,PREDIS,273.70,27.37,301.07
27/03/2026,Perth,ULP,214.26,21.43,235.69
27/03/2026,Perth,E10,,,
27/03/2026,Perth,P95,231.32,23.13,254.46
27/03/2026,Perth,P98,246.53,24.65,271.18
27/03/2026,Perth,DIS,273.01,27.30,300.31
27/03/2026,Perth,PREDIS,274.82,27.48,302.31
27/03/2026,Darwin,ULP,218.52,21.85,240.37
27/03/2026,Darwin,E10,,,
27/03/2026,Darwin,P95,235.93,23.59,259.52
27/03/2026,Darwin,P98,,,
27/03/2026,Darwin,DIS,275.66,27.57,303.23
27/03/2026,Darwin,PREDIS,277.48,27.75,305.23
27/03/2026,Bell Bay,ULP,221.25,22.13,243.38
27/03/2026,Bell Bay,E10,221.26,22.13,243.38
27/03/2026,Bell Bay,P95,236.65,23.66,260.31
27/03/2026,Bell Bay,P98,240.45,24.05,264.50
27/03/2026,Bell Bay,DIS,281.65,28.16,309.81
27/03/2026,Bell Bay,PREDIS,283.47,28.35,311.81
27/03/2026,Broome,ULP,243.04,24.30,267.34
27/03/2026,Broome,E10,,,
27/03/2026,Broome,P95,259.21,25.92,285.13
27/03/2026,Broome,P98,,,
27/03/2026,Broome,DIS,282.77,28.28,311.05
28/03/2026,Hastings,ULP,214.40,21.44,235.84
28/03/2026,Hastings,E10,214.20,21.42,235.62
28/03/2026,Hastings,P95,232.55,23.25,255.80
28/03/2026,Hastings,P98,239.82,23.98,263.80
28/03/2026,Hastings,DIS,284.61,28.46,313.07
28/03/2026,Hastings,PREDIS,286.43,28.64,315.07
28/03/2026,Yarraville,ULP,214.40,21.44,235.84
28/03/2026,Yarraville,E10,214.20,21.42,235.62
28/03/2026,Yarraville,P95,232.55,23.25,255.80
28/03/2026,Yarraville,P98,239.82,23.98,263.80
28/03/2026,Yarraville,DIS,284.61,28.46,313.07
28/03/2026,Yarraville,PREDIS,286.43,28.64,315.07
28/03/2026,Sydney,ULP,213.67,21.37,235.04
28/03/2026,Sydney,E10,213.38,21.34,234.72
28/03/2026,Sydney,P95,233.15,23.32,256.47
28/03/2026,Sydney,P98,241.35,24.13,265.48
28/03/2026,Sydney,DIS,284.82,28.48,313.31
28/03/2026,Sydney,PREDIS,286.64,28.66,315.31
28/03/2026,Brisbane,ULP,214.65,21.47,236.12
28/03/2026,Brisbane,E10,212.51,21.25,233.77
28/03/2026,Brisbane,P95,226.87,22.69,249.55
28/03/2026,Brisbane,P98,240.71,24.07,264.78
28/03/2026,Brisbane,DIS,281.41,28.14,309.55
28/03/2026,Brisbane,PREDIS,283.23,28.32,311.55
28/03/2026,Brisbane,B5,285.06,28.51,313.57
28/03/2026,Gladstone,ULP,218.94,21.89,240.83
28/03/2026,Gladstone,E10,213.88,21.39,235.27
28/03/2026,Gladstone,P95,224.97,22.50,247.47
28/03/2026,Gladstone,P98,,,
28/03/2026,Gladstone,DIS,281.40,28.14,309.54
28/03/2026,Gladstone,PREDIS,283.22,28.32,311.54
28/03/2026,Mackay,ULP,219.02,21.90,240.93
28/03/2026,Mackay,E10,216.48,21.65,238.12
28/03/2026,Mackay,P95,226.59,22.66,249.25
28/03/2026,Mackay,P98,229.50,22.95,252.45
28/03/2026,Mackay,DIS,290.64,29.06,319.71
28/03/2026,Mackay,PREDIS,292.46,29.25,321.71
28/03/2026,Townsville,ULP,218.97,21.90,240.87
28/03/2026,Townsville,E10,219.97,22.00,241.97
28/03/2026,Townsville,P95,234.93,23.49,258.42
28/03/2026,Townsville,P98,252.22,25.22,277.44
28/03/2026,Townsville,DIS,284.31,28.43,312.74
28/03/2026,Townsville,PREDIS,286.13,28.61,314.74
28/03/2026,Cairns,ULP,217.75,21.78,239.53
28/03/2026,Cairns,E10,224.57,22.46,247.02
28/03/2026,Cairns,P95,230.78,23.08,253.85
28/03/2026,Cairns,P98,,,
28/03/2026,Cairns,DIS,282.33,28.23,310.56
28/03/2026,Cairns,PREDIS,284.15,28.41,312.56
28/03/2026,Port Alma,DIS,281.40,28.14,309.54
28/03/2026,Adelaide,ULP,209.78,20.98,230.76
28/03/2026,Adelaide,E10,205.95,20.60,226.55
28/03/2026,Adelaide,P95,222.75,22.27,245.02
28/03/2026,Adelaide,P98,237.09,23.71,260.80
28/03/2026,Adelaide,DIS,277.38,27.74,305.12
28/03/2026,Adelaide,PREDIS,279.20,27.92,307.12
28/03/2026,Perth,ULP,212.18,21.22,233.40
28/03/2026,Perth,E10,,,
28/03/2026,Perth,P95,226.80,22.68,249.48
28/03/2026,Perth,P98,241.53,24.15,265.68
28/03/2026,Perth,DIS,278.47,27.85,306.31
28/03/2026,Perth,PREDIS,280.29,28.03,308.31
28/03/2026,Darwin,ULP,216.40,21.64,238.04
28/03/2026,Darwin,E10,,,
28/03/2026,Darwin,P95,230.87,23.09,253.96
28/03/2026,Darwin,P98,,,
28/03/2026,Darwin,DIS,281.13,28.11,309.25
28/03/2026,Darwin,PREDIS,282.95,28.30,311.25
28/03/2026,Bell Bay,ULP,220.16,22.02,242.17
28/03/2026,Bell Bay,E10,220.17,22.02,242.19
28/03/2026,Bell Bay,P95,232.82,23.28,256.10
28/03/2026,Bell Bay,P98,236.43,23.64,260.08
28/03/2026,Bell Bay,DIS,288.61,28.86,317.47
28/03/2026,Bell Bay,PREDIS,290.43,29.04,319.47
28/03/2026,Broome,ULP,241.69,24.17,265.86
28/03/2026,Broome,E10,,,
28/03/2026,Broome,P95,255.42,25.54,280.96
28/03/2026,Broome,P98,,,
28/03/2026,Broome,DIS,288.42,28.84,317.26
31/03/2026,Hastings,ULP,216.01,21.60,237.61
31/03/2026,Hastings,E10,215.79,21.58,237.37
31/03/2026,Hastings,P95,234.46,23.45,257.91
31/03/2026,Hastings,P98,241.77,24.18,265.95
31/03/2026,Hastings,DIS,290.56,29.06,319.61
31/03/2026,Hastings,PREDIS,292.38,29.24,321.61
31/03/2026,Yarraville,ULP,216.01,21.60,237.61
31/03/2026,Yarraville,E10,215.79,21.58,237.37
31/03/2026,Yarraville,P95,234.46,23.45,257.91
31/03/2026,Yarraville,P98,241.77,24.18,265.95
31/03/2026,Yarraville,DIS,290.56,29.06,319.61
31/03/2026,Yarraville,PREDIS,292.38,29.24,321.61
31/03/2026,Sydney,ULP,215.28,21.53,236.81
31/03/2026,Sydney,E10,214.97,21.50,236.47
31/03/2026,Sydney,P95,235.07,23.51,258.58
31/03/2026,Sydney,P98,243.30,24.33,267.63
31/03/2026,Sydney,DIS,290.77,29.08,319.85
31/03/2026,Sydney,PREDIS,292.59,29.26,321.85
31/03/2026,Brisbane,ULP,215.21,21.52,236.73
31/03/2026,Brisbane,E10,213.07,21.31,234.38
31/03/2026,Brisbane,P95,227.69,22.77,250.46
31/03/2026,Brisbane,P98,241.60,24.16,265.76
31/03/2026,Brisbane,DIS,285.83,28.58,314.41
31/03/2026,Brisbane,PREDIS,287.65,28.76,316.41
31/03/2026,Brisbane,B5,289.48,28.95,318.43
31/03/2026,Gladstone,ULP,219.61,21.96,241.57
31/03/2026,Gladstone,E10,214.49,21.45,235.93
31/03/2026,Gladstone,P95,225.92,22.59,248.51
31/03/2026,Gladstone,P98,,,
31/03/2026,Gladstone,DIS,285.92,28.59,314.51
31/03/2026,Gladstone,PREDIS,287.73,28.77,316.51
31/03/2026,Mackay,ULP,219.68,21.97,241.65
31/03/2026,Mackay,E10,217.08,21.71,238.78
31/03/2026,Mackay,P95,227.57,22.76,250.33
31/03/2026,Mackay,P98,230.49,23.05,253.54
31/03/2026,Mackay,DIS,296.54,29.65,326.20
31/03/2026,Mackay,PREDIS,298.36,29.84,328.20
31/03/2026,Townsville,ULP,219.63,21.96,241.59
31/03/2026,Townsville,E10,220.63,22.06,242.69
31/03/2026,Townsville,P95,235.91,23.59,259.50
31/03/2026,Townsville,P98,253.21,25.32,278.53
31/03/2026,Townsville,DIS,288.83,28.88,317.71
31/03/2026,Townsville,PREDIS,290.65,29.06,319.71
31/03/2026,Cairns,ULP,218.40,21.84,240.24
31/03/2026,Cairns,E10,225.46,22.55,248.00
31/03/2026,Cairns,P95,231.69,23.17,254.86
31/03/2026,Cairns,P98,,,
31/03/2026,Cairns,DIS,286.85,28.68,315.53
31/03/2026,Cairns,PREDIS,288.66,28.87,317.53
31/03/2026,Port Alma,DIS,285.92,28.59,314.51
31/03/2026,Adelaide,ULP,210.40,21.04,231.45
31/03/2026,Adelaide,E10,206.57,20.66,227.23
31/03/2026,Adelaide,P95,223.65,22.37,246.02
31/03/2026,Adelaide,P98,238.06,23.81,261.87
31/03/2026,Adelaide,DIS,281.87,28.19,310.06
31/03/2026,Adelaide,PREDIS,283.69,28.37,312.06
31/03/2026,Perth,ULP,212.82,21.28,234.10
31/03/2026,Perth,E10,,,
31/03/2026,Perth,P95,227.71,22.77,250.48
31/03/2026,Perth,P98,242.50,24.25,266.75
31/03/2026,Perth,DIS,282.91,28.29,311.20
31/03/2026,Perth,PREDIS,284.73,28.47,313.20
31/03/2026,Darwin,ULP,216.98,21.70,238.68
31/03/2026,Darwin,E10,,,
31/03/2026,Darwin,P95,231.79,23.18,254.97
31/03/2026,Darwin,P98,,,
31/03/2026,Darwin,DIS,285.59,28.56,314.15
31/03/2026,Darwin,PREDIS,287.41,28.74,316.15
31/03/2026,Bell Bay,ULP,221.80,22.18,243.98
31/03/2026,Bell Bay,E10,221.80,22.18,243.98
31/03/2026,Bell Bay,P95,234.77,23.48,258.25
31/03/2026,Bell Bay,P98,238.42,23.84,262.26
31/03/2026,Bell Bay,DIS,294.60,29.46,324.06
31/03/2026,Bell Bay,PREDIS,296.41,29.64,326.06
31/03/2026,Broome,ULP,243.12,24.31,267.43
31/03/2026,Broome,E10,,,
31/03/2026,Broome,P95,257.12,25.71,282.83
31/03/2026,Broome,P98,,,
31/03/2026,Broome,DIS,293.07,29.31,322.37
1/04/2026,Hastings,ULP,184.91,18.49,203.40
1/04/2026,Hastings,E10,184.86,18.49,203.34
1/04/2026,Hastings,P95,203.57,20.36,223.92
1/04/2026,Hastings,P98,211.50,21.15,232.65
1/04/2026,Hastings,DIS,277.38,27.74,305.12
1/04/2026,Hastings,PREDIS,279.20,27.92,307.12
1/04/2026,Yarraville,ULP,191.22,19.12,210.34
1/04/2026,Yarraville,E10,186.57,18.66,205.22
1/04/2026,Yarraville,P95,205.24,20.52,225.76
1/04/2026,Yarraville,P98,211.99,21.20,233.19
1/04/2026,Yarraville,DIS,277.44,27.74,305.19
1/04/2026,Yarraville,PREDIS,279.26,27.93,307.19
1/04/2026,Sydney,ULP,184.19,18.42,202.60
1/04/2026,Sydney,E10,184.04,18.40,202.44
1/04/2026,Sydney,P95,204.18,20.42,224.59
1/04/2026,Sydney,P98,213.04,21.30,234.34
1/04/2026,Sydney,DIS,277.60,27.76,305.36
1/04/2026,Sydney,PREDIS,279.42,27.94,307.36
1/04/2026,Brisbane,ULP,187.78,18.78,206.55
1/04/2026,Brisbane,E10,187.41,18.74,206.15
1/04/2026,Brisbane,P95,202.24,20.22,222.46
1/04/2026,Brisbane,P98,216.04,21.60,237.64
1/04/2026,Brisbane,DIS,277.86,27.79,305.65
1/04/2026,Brisbane,PREDIS,279.68,27.97,307.65
1/04/2026,Brisbane,B5,281.51,28.15,309.66
1/04/2026,Gladstone,ULP,192.25,19.23,211.48
1/04/2026,Gladstone,E10,187.90,18.79,206.69
1/04/2026,Gladstone,P95,200.54,20.05,220.59
1/04/2026,Gladstone,P98,,,
1/04/2026,Gladstone,DIS,278.00,27.80,305.80
1/04/2026,Gladstone,PREDIS,279.82,27.98,307.80
1/04/2026,Mackay,ULP,192.31,19.23,211.54
1/04/2026,Mackay,E10,190.49,19.05,209.54
1/04/2026,Mackay,P95,202.06,20.21,222.26
1/04/2026,Mackay,P98,204.98,20.50,225.48
1/04/2026,Mackay,DIS,279.03,27.90,306.93
1/04/2026,Mackay,PREDIS,280.85,28.08,308.93
1/04/2026,Townsville,ULP,192.26,19.23,211.48
1/04/2026,Townsville,E10,193.26,19.33,212.58
1/04/2026,Townsville,P95,210.39,21.04,231.43
1/04/2026,Townsville,P98,227.70,22.77,250.47
1/04/2026,Townsville,DIS,280.92,28.09,309.02
1/04/2026,Townsville,PREDIS,282.74,28.27,311.02
1/04/2026,Cairns,ULP,191.01,19.10,210.11
1/04/2026,Cairns,E10,197.41,19.74,217.15
1/04/2026,Cairns,P95,206.29,20.63,226.91
1/04/2026,Cairns,P98,,,
1/04/2026,Cairns,DIS,278.93,27.89,306.83
1/04/2026,Cairns,PREDIS,280.75,28.08,308.83
1/04/2026,Port Alma,DIS,278.00,27.80,305.80
1/04/2026,Adelaide,ULP,183.00,18.30,201.30
1/04/2026,Adelaide,E10,181.00,18.10,199.10
1/04/2026,Adelaide,P95,198.24,19.82,218.06
1/04/2026,Adelaide,P98,212.54,21.25,233.79
1/04/2026,Adelaide,DIS,273.93,27.39,301.32
1/04/2026,Adelaide,PREDIS,275.75,27.57,303.32
1/04/2026,Perth,ULP,185.42,18.54,203.97
1/04/2026,Perth,E10,,,
1/04/2026,Perth,P95,202.29,20.23,222.52
1/04/2026,Perth,P98,216.98,21.70,238.67
1/04/2026,Perth,DIS,274.93,27.49,302.42
1/04/2026,Perth,PREDIS,276.75,27.67,304.42
1/04/2026,Darwin,ULP,189.86,18.99,208.85
1/04/2026,Darwin,E10,,,
1/04/2026,Darwin,P95,206.53,20.65,227.18
1/04/2026,Darwin,P98,,,
1/04/2026,Darwin,DIS,277.93,27.79,305.73
1/04/2026,Darwin,PREDIS,279.75,27.98,307.73
1/04/2026,Bell Bay,ULP,190.74,19.07,209.82
1/04/2026,Bell Bay,E10,190.90,19.09,209.99
1/04/2026,Bell Bay,P95,203.91,20.39,224.30
1/04/2026,Bell Bay,P98,208.19,20.82,229.01
1/04/2026,Bell Bay,DIS,281.91,28.19,310.10
1/04/2026,Bell Bay,PREDIS,283.73,28.37,312.10
1/04/2026,Broome,ULP,216.50,21.65,238.14
1/04/2026,Broome,E10,,,
1/04/2026,Broome,P95,232.48,23.25,255.72
1/04/2026,Broome,P98,,,
1/04/2026,Broome,DIS,285.28,28.53,313.81
2/04/2026,Hastings,ULP,185.30,18.53,203.83
2/04/2026,Hastings,E10,185.24,18.52,203.76
2/04/2026,Hastings,P95,202.48,20.25,222.73
2/04/2026,Hastings,P98,209.94,20.99,230.93
2/04/2026,Hastings,DIS,273.56,27.36,300.92
2/04/2026,Hastings,PREDIS,275.38,27.54,302.92
2/04/2026,Yarraville,ULP,189.68,18.97,208.65
2/04/2026,Yarraville,E10,185.17,18.52,203.69
2/04/2026,Yarraville,P95,203.61,20.36,223.97
2/04/2026,Yarraville,P98,210.39,21.04,231.43
2/04/2026,Yarraville,DIS,280.74,28.07,308.82
2/04/2026,Yarraville,PREDIS,282.56,28.26,310.82
2/04/2026,Sydney,ULP,184.57,18.46,203.03
2/04/2026,Sydney,E10,184.42,18.44,202.86
2/04/2026,Sydney,P95,203.09,20.31,223.40
2/04/2026,Sydney,P98,211.47,21.15,232.62
2/04/2026,Sydney,DIS,273.77,27.38,301.15
2/04/2026,Sydney,PREDIS,275.59,27.56,303.15
2/04/2026,Brisbane,ULP,187.04,18.70,205.75
2/04/2026,Brisbane,E10,186.67,18.67,205.34
2/04/2026,Brisbane,P95,200.79,20.08,220.87
2/04/2026,Brisbane,P98,214.48,21.45,235.93
2/04/2026,Brisbane,DIS,281.22,28.12,309.34
2/04/2026,Brisbane,PREDIS,283.04,28.30,311.34
2/04/2026,Brisbane,B5,284.87,28.49,313.36
2/04/2026,Gladstone,ULP,191.51,19.15,210.66
2/04/2026,Gladstone,E10,187.23,18.72,205.96
2/04/2026,Gladstone,P95,199.08,19.91,218.99
2/04/2026,Gladstone,P98,,,
2/04/2026,Gladstone,DIS,281.32,28.13,309.45
2/04/2026,Gladstone,PREDIS,283.14,28.31,311.45
2/04/2026,Mackay,ULP,191.55,19.16,210.71
2/04/2026,Mackay,E10,189.82,18.98,208.80
2/04/2026,Mackay,P95,200.46,20.05,220.50
2/04/2026,Mackay,P98,203.39,20.34,223.73
2/04/2026,Mackay,DIS,275.17,27.52,302.69
2/04/2026,Mackay,PREDIS,276.99,27.70,304.69
2/04/2026,Townsville,ULP,191.50,19.15,210.65
2/04/2026,Townsville,E10,192.50,19.25,211.75
2/04/2026,Townsville,P95,208.79,20.88,229.67
2/04/2026,Townsville,P98,226.11,22.61,248.72
2/04/2026,Townsville,DIS,284.25,28.42,312.67
2/04/2026,Townsville,PREDIS,286.06,28.61,314.67
2/04/2026,Cairns,ULP,190.24,19.02,209.27
2/04/2026,Cairns,E10,195.91,19.59,215.50
2/04/2026,Cairns,P95,204.80,20.48,225.28
2/04/2026,Cairns,P98,,,
2/04/2026,Cairns,DIS,282.25,28.23,310.48
2/04/2026,Cairns,PREDIS,284.07,28.41,312.48
2/04/2026,Port Alma,DIS,281.32,28.13,309.45
2/04/2026,Adelaide,ULP,182.22,18.22,200.44
2/04/2026,Adelaide,E10,180.22,18.02,198.24
2/04/2026,Adelaide,P95,196.75,19.68,216.43
2/04/2026,Adelaide,P98,210.94,21.09,232.03
2/04/2026,Adelaide,DIS,277.22,27.72,304.94
2/04/2026,Adelaide,PREDIS,279.04,27.90,306.94
2/04/2026,Perth,ULP,184.65,18.46,203.11
2/04/2026,Perth,E10,,,
2/04/2026,Perth,P95,200.80,20.08,220.88
2/04/2026,Perth,P98,215.38,21.54,236.92
2/04/2026,Perth,DIS,278.19,27.82,306.01
2/04/2026,Perth,PREDIS,280.00,28.00,308.01
2/04/2026,Darwin,ULP,189.05,18.90,207.95
2/04/2026,Darwin,E10,,,
2/04/2026,Darwin,P95,204.88,20.49,225.37
2/04/2026,Darwin,P98,,,
2/04/2026,Darwin,DIS,281.20,28.12,309.32
2/04/2026,Darwin,PREDIS,283.02,28.30,311.32
2/04/2026,Bell Bay,ULP,190.03,19.00,209.03
2/04/2026,Bell Bay,E10,190.19,19.02,209.21
2/04/2026,Bell Bay,P95,202.40,20.24,222.64
2/04/2026,Bell Bay,P98,206.65,20.67,227.32
2/04/2026,Bell Bay,DIS,285.30,28.53,313.83
2/04/2026,Bell Bay,PREDIS,287.12,28.71,315.83
2/04/2026,Broome,ULP,216.37,21.64,238.01
2/04/2026,Broome,E10,,,
2/04/2026,Broome,P95,231.64,23.16,254.80
2/04/2026,Broome,P98,,,
2/04/2026,Broome,DIS,288.70,28.87,317.57
03/04 to 07/04/26,Hastings,ULP,182.89,18.29,201.17
03/04 to 07/04/26,Hastings,E10,182.85,18.28,201.13
03/04 to 07/04/26,Hastings,P95,199.22,19.92,219.15
03/04 to 07/04/26,Hastings,P98,206.63,20.66,227.30
03/04 to 07/04/26,Hastings,DIS,274.50,27.45,301.95
03/04 to 07/04/26,Hastings,PREDIS,276.32,27.63,303.95
03/04 to 07/04/26,Yarraville,ULP,186.48,18.65,205.12
03/04 to 07/04/26,Yarraville,E10,182.27,18.23,200.50
03/04 to 07/04/26,Yarraville,P95,200.29,20.03,220.32
03/04 to 07/04/26,Yarraville,P98,207.08,20.71,227.79
03/04 to 07/04/26,Yarraville,DIS,281.69,28.17,309.85
03/04 to 07/04/26,Yarraville,PREDIS,283.50,28.35,311.85
03/04 to 07/04/26,Sydney,ULP,182.16,18.22,200.38
03/04 to 07/04/26,Sydney,E10,182.03,18.20,200.24
03/04 to 07/04/26,Sydney,P95,199.83,19.98,219.82
03/04 to 07/04/26,Sydney,P98,208.17,20.82,228.98
03/04 to 07/04/26,Sydney,DIS,274.71,27.47,302.19
03/04 to 07/04/26,Sydney,PREDIS,276.53,27.65,304.19
03/04 to 07/04/26,Brisbane,ULP,184.71,18.47,203.18
03/04 to 07/04/26,Brisbane,E10,184.34,18.43,202.77
03/04 to 07/04/26,Brisbane,P95,197.69,19.77,217.46
03/04 to 07/04/26,Brisbane,P98,211.26,21.13,232.38
03/04 to 07/04/26,Brisbane,DIS,282.26,28.23,310.49
03/04 to 07/04/26,Brisbane,PREDIS,284.08,28.41,312.49
03/04 to 07/04/26,Brisbane,B5,285.91,28.59,314.50
03/04 to 07/04/26,Gladstone,ULP,189.10,18.91,208.01
03/04 to 07/04/26,Gladstone,E10,185.06,18.51,203.57
03/04 to 07/04/26,Gladstone,P95,195.90,19.59,215.49
03/04 to 07/04/26,Gladstone,P98,,,
03/04 to 07/04/26,Gladstone,DIS,282.27,28.23,310.49
03/04 to 07/04/26,Gladstone,PREDIS,284.09,28.41,312.49
03/04 to 07/04/26,Mackay,ULP,189.14,18.91,208.05
03/04 to 07/04/26,Mackay,E10,187.65,18.76,206.41
03/04 to 07/04/26,Mackay,P95,197.14,19.71,216.86
03/04 to 07/04/26,Mackay,P98,200.08,20.01,220.09
03/04 to 07/04/26,Mackay,DIS,276.10,27.61,303.71
03/04 to 07/04/26,Mackay,PREDIS,277.92,27.79,305.71
03/04 to 07/04/26,Townsville,ULP,189.09,18.91,208.00
03/04 to 07/04/26,Townsville,E10,190.09,19.01,209.10
03/04 to 07/04/26,Townsville,P95,205.48,20.55,226.03
03/04 to 07/04/26,Townsville,P98,222.80,22.28,245.08
03/04 to 07/04/26,Townsville,DIS,285.19,28.52,313.71
03/04 to 07/04/26,Townsville,PREDIS,287.01,28.70,315.71
03/04 to 07/04/26,Cairns,ULP,187.83,18.78,206.61
03/04 to 07/04/26,Cairns,E10,192.75,19.27,212.02
03/04 to 07/04/26,Cairns,P95,201.62,20.16,221.78
03/04 to 07/04/26,Cairns,P98,,,
03/04 to 07/04/26,Cairns,DIS,283.20,28.32,311.52
03/04 to 07/04/26,Cairns,PREDIS,285.02,28.50,313.52
03/04 to 07/04/26,Port Alma,DIS,282.27,28.23,310.49
03/04 to 07/04/26,Adelaide,ULP,179.80,17.98,197.77
03/04 to 07/04/26,Adelaide,E10,177.82,17.78,195.61
03/04 to 07/04/26,Adelaide,P95,193.57,19.36,212.92
03/04 to 07/04/26,Adelaide,P98,207.63,20.76,228.39
03/04 to 07/04/26,Adelaide,DIS,278.16,27.82,305.98
03/04 to 07/04/26,Adelaide,PREDIS,279.98,28.00,307.98
03/04 to 07/04/26,Perth,ULP,182.23,18.22,200.45
03/04 to 07/04/26,Perth,E10,,,
03/04 to 07/04/26,Perth,P95,197.62,19.76,217.38
03/04 to 07/04/26,Perth,P98,212.07,21.21,233.28
03/04 to 07/04/26,Perth,DIS,279.12,27.91,307.03
03/04 to 07/04/26,Perth,PREDIS,280.94,28.09,309.03
03/04 to 07/04/26,Darwin,ULP,186.62,18.66,205.28
03/04 to 07/04/26,Darwin,E10,,,
03/04 to 07/04/26,Darwin,P95,201.56,20.16,221.72
03/04 to 07/04/26,Darwin,P98,,,
03/04 to 07/04/26,Darwin,DIS,282.14,28.21,310.35
03/04 to 07/04/26,Darwin,PREDIS,283.96,28.40,312.35
03/04 to 07/04/26,Bell Bay,ULP,187.62,18.76,206.38
03/04 to 07/04/26,Bell Bay,E10,187.81,18.78,206.59
03/04 to 07/04/26,Bell Bay,P95,199.15,19.92,219.07
03/04 to 07/04/26,Bell Bay,P98,203.36,20.34,223.69
03/04 to 07/04/26,Bell Bay,DIS,286.26,28.63,314.89
03/04 to 07/04/26,Bell Bay,PREDIS,288.08,28.81,316.89
03/04 to 07/04/26,Broome,ULP,214.11,21.41,235.52
03/04 to 07/04/26,Broome,E10,,,
03/04 to 07/04/26,Broome,P95,228.61,22.86,251.47
03/04 to 07/04/26,Broome,P98,,,
03/04 to 07/04/26,Broome,DIS,289.67,28.97,318.64
8/04/2026,Hastings,ULP,179.27,17.93,197.19
8/04/2026,Hastings,E10,179.25,17.92,197.17
8/04/2026,Hastings,P95,196.70,19.67,216.37
8/04/2026,Hastings,P98,204.21,20.42,224.63
8/04/2026,Hastings,DIS,287.53,28.75,316.28
8/04/2026,Hastings,PREDIS,289.35,28.93,318.28
8/04/2026,Yarraville,ULP,183.78,18.38,202.16
8/04/2026,Yarraville,E10,179.66,17.97,197.63
8/04/2026,Yarraville,P95,197.84,19.78,217.63
8/04/2026,Yarraville,P98,204.64,20.46,225.11
8/04/2026,Yarraville,DIS,294.72,29.47,324.19
8/04/2026,Yarraville,PREDIS,296.53,29.65,326.19
8/04/2026,Sydney,ULP,178.54,17.85,196.39
8/04/2026,Sydney,E10,178.43,17.84,196.28
8/04/2026,Sydney,P95,197.31,19.73,217.04
8/04/2026,Sydney,P98,205.74,20.57,226.31
8/04/2026,Sydney,DIS,287.74,28.77,316.52
8/04/2026,Sydney,PREDIS,289.56,28.96,318.52
8/04/2026,Brisbane,ULP,181.48,18.15,199.63
8/04/2026,Brisbane,E10,181.50,18.15,199.65
8/04/2026,Brisbane,P95,195.42,19.54,214.96
8/04/2026,Brisbane,P98,209.23,20.92,230.15
8/04/2026,Brisbane,DIS,295.74,29.57,325.32
8/04/2026,Brisbane,PREDIS,297.56,29.76,327.32
8/04/2026,Brisbane,B5,299.39,29.94,329.33
8/04/2026,Gladstone,ULP,185.48,18.55,204.03
8/04/2026,Gladstone,E10,181.63,18.16,199.79
8/04/2026,Gladstone,P95,193.24,19.32,212.56
8/04/2026,Gladstone,P98,,,
8/04/2026,Gladstone,DIS,295.30,29.53,324.83
8/04/2026,Gladstone,PREDIS,297.12,29.71,326.83
8/04/2026,Mackay,ULP,185.51,18.55,204.07
8/04/2026,Mackay,E10,184.21,18.42,202.63
8/04/2026,Mackay,P95,194.70,19.47,214.17
8/04/2026,Mackay,P98,197.65,19.77,217.42
8/04/2026,Mackay,DIS,289.12,28.91,318.04
8/04/2026,Mackay,PREDIS,290.94,29.09,320.04
8/04/2026,Townsville,ULP,185.46,18.55,204.01
8/04/2026,Townsville,E10,186.46,18.65,205.11
8/04/2026,Townsville,P95,203.04,20.30,223.35
8/04/2026,Townsville,P98,220.37,22.04,242.41
8/04/2026,Townsville,DIS,298.23,29.82,328.05
8/04/2026,Townsville,PREDIS,300.05,30.00,330.05
8/04/2026,Cairns,ULP,184.20,18.42,202.62
8/04/2026,Cairns,E10,190.07,19.01,209.08
8/04/2026,Cairns,P95,198.95,19.89,218.84
8/04/2026,Cairns,P98,,,
8/04/2026,Cairns,DIS,296.23,29.62,325.86
8/04/2026,Cairns,PREDIS,298.05,29.81,327.86
8/04/2026,Port Alma,DIS,295.30,29.53,324.83
8/04/2026,Adelaide,ULP,176.16,17.62,193.78
8/04/2026,Adelaide,E10,174.60,17.46,192.06
8/04/2026,Adelaide,P95,190.89,19.09,209.98
8/04/2026,Adelaide,P98,205.20,20.52,225.72
8/04/2026,Adelaide,DIS,291.19,29.12,320.31
8/04/2026,Adelaide,PREDIS,293.01,29.30,322.31
8/04/2026,Perth,ULP,178.60,17.86,196.46
8/04/2026,Perth,E10,,,
8/04/2026,Perth,P95,194.94,19.49,214.44
8/04/2026,Perth,P98,209.64,20.96,230.60
8/04/2026,Perth,DIS,292.14,29.21,321.35
8/04/2026,Perth,PREDIS,293.95,29.40,323.35
8/04/2026,Darwin,ULP,182.98,18.30,201.28
8/04/2026,Darwin,E10,,,
8/04/2026,Darwin,P95,199.11,19.91,219.02
8/04/2026,Darwin,P98,,,
8/04/2026,Darwin,DIS,295.16,29.52,324.67
8/04/2026,Darwin,PREDIS,296.98,29.70,326.67
8/04/2026,Bell Bay,ULP,184.01,18.40,202.41
8/04/2026,Bell Bay,E10,184.22,18.42,202.64
8/04/2026,Bell Bay,P95,196.63,19.66,216.30
8/04/2026,Bell Bay,P98,200.94,20.09,221.03
8/04/2026,Bell Bay,DIS,299.31,29.93,329.25
8/04/2026,Bell Bay,PREDIS,301.13,30.11,331.25
8/04/2026,Broome,ULP,210.67,21.07,231.73
8/04/2026,Broome,E10,,,
8/04/2026,Broome,P95,226.12,22.61,248.74
8/04/2026,Broome,P98,,,
8/04/2026,Broome,DIS,302.74,30.27,333.01
9/04/2026,Hastings,ULP,180.97,18.10,199.07
9/04/2026,Hastings,E10,180.94,18.09,199.03
9/04/2026,Hastings,P95,199.09,19.91,219.00
9/04/2026,Hastings,P98,206.66,20.67,227.33
9/04/2026,Hastings,DIS,293.09,29.31,322.40
9/04/2026,Hastings,PREDIS,294.91,29.49,324.40
9/04/2026,Yarraville,ULP,186.06,18.61,204.67
9/04/2026,Yarraville,E10,181.73,18.17,199.90
9/04/2026,Yarraville,P95,200.28,20.03,220.31
9/04/2026,Yarraville,P98,207.09,20.71,227.80
9/04/2026,Yarraville,DIS,300.27,30.03,330.30
9/04/2026,Yarraville,PREDIS,302.09,30.21,332.30
9/04/2026,Sydney,ULP,180.25,18.02,198.27
9/04/2026,Sydney,E10,180.12,18.01,198.13
9/04/2026,Sydney,P95,199.70,19.97,219.67
9/04/2026,Sydney,P98,208.20,20.82,229.02
9/04/2026,Sydney,DIS,293.31,29.33,322.64
9/04/2026,Sydney,PREDIS,295.13,29.51,324.64
9/04/2026,Brisbane,ULP,183.33,18.33,201.66
9/04/2026,Brisbane,E10,183.35,18.33,201.68
9/04/2026,Brisbane,P95,197.87,19.79,217.66
9/04/2026,Brisbane,P98,211.82,21.18,233.01
9/04/2026,Brisbane,DIS,301.47,30.15,331.62
9/04/2026,Brisbane,PREDIS,303.29,30.33,333.62
9/04/2026,Brisbane,B5,305.12,30.51,335.63
9/04/2026,Gladstone,ULP,187.18,18.72,205.90
9/04/2026,Gladstone,E10,183.16,18.32,201.48
9/04/2026,Gladstone,P95,195.55,19.55,215.10
9/04/2026,Gladstone,P98,,,
9/04/2026,Gladstone,DIS,300.86,30.09,330.95
9/04/2026,Gladstone,PREDIS,302.68,30.27,332.95
9/04/2026,Mackay,ULP,187.22,18.72,205.94
9/04/2026,Mackay,E10,185.74,18.57,204.32
9/04/2026,Mackay,P95,197.15,19.71,216.86
9/04/2026,Mackay,P98,200.10,20.01,220.11
9/04/2026,Mackay,DIS,294.67,29.47,324.14
9/04/2026,Mackay,PREDIS,296.49,29.65,326.14
9/04/2026,Townsville,ULP,187.16,18.72,205.88
9/04/2026,Townsville,E10,188.16,18.82,206.98
9/04/2026,Townsville,P95,205.49,20.55,226.04
9/04/2026,Townsville,P98,222.82,22.28,245.10
9/04/2026,Townsville,DIS,303.79,30.38,334.17
9/04/2026,Townsville,PREDIS,305.61,30.56,336.17
9/04/2026,Cairns,ULP,185.90,18.59,204.49
9/04/2026,Cairns,E10,192.34,19.23,211.57
9/04/2026,Cairns,P95,201.25,20.12,221.37
9/04/2026,Cairns,P98,,,
9/04/2026,Cairns,DIS,301.80,30.18,331.98
9/04/2026,Cairns,PREDIS,303.61,30.36,333.98
9/04/2026,Port Alma,DIS,300.86,30.09,330.95
9/04/2026,Adelaide,ULP,177.85,17.79,195.64
9/04/2026,Adelaide,E10,176.27,17.63,193.90
9/04/2026,Adelaide,P95,193.19,19.32,212.51
9/04/2026,Adelaide,P98,207.64,20.76,228.41
9/04/2026,Adelaide,DIS,296.74,29.67,326.42
9/04/2026,Adelaide,PREDIS,298.56,29.86,328.42
9/04/2026,Perth,ULP,180.30,18.03,198.33
9/04/2026,Perth,E10,,,
9/04/2026,Perth,P95,197.24,19.72,216.97
9/04/2026,Perth,P98,212.08,21.21,233.29
9/04/2026,Perth,DIS,297.68,29.77,327.44
9/04/2026,Perth,PREDIS,299.49,29.95,329.44
9/04/2026,Darwin,ULP,184.66,18.47,203.13
9/04/2026,Darwin,E10,,,
9/04/2026,Darwin,P95,201.54,20.15,221.70
9/04/2026,Darwin,P98,,,
9/04/2026,Darwin,DIS,300.70,30.07,330.77
9/04/2026,Darwin,PREDIS,302.52,30.25,332.77
9/04/2026,Bell Bay,ULP,185.72,18.57,204.30
9/04/2026,Bell Bay,E10,185.92,18.59,204.51
9/04/2026,Bell Bay,P95,199.04,19.90,218.94
9/04/2026,Bell Bay,P98,203.41,20.34,223.75
9/04/2026,Bell Bay,DIS,304.90,30.49,335.39
9/04/2026,Bell Bay,PREDIS,306.72,30.67,337.39
9/04/2026,Broome,ULP,212.60,21.26,233.87
9/04/2026,Broome,E10,,,
9/04/2026,Broome,P95,228.67,22.87,251.53
9/04/2026,Broome,P98,,,
9/04/2026,Broome,DIS,308.34,30.83,339.17
10/04/2026,Hastings,ULP,179.17,17.92,197.09
10/04/2026,Hastings,E10,179.15,17.92,197.07
10/04/2026,Hastings,P95,197.53,19.75,217.28
10/04/2026,Hastings,P98,205.12,20.51,225.63
10/04/2026,Hastings,DIS,287.30,28.73,316.03
10/04/2026,Hastings,PREDIS,289.12,28.91,318.03
10/04/2026,Yarraville,ULP,184.48,18.45,202.92
10/04/2026,Yarraville,E10,180.29,18.03,198.32
10/04/2026,Yarraville,P95,198.74,19.87,218.61
10/04/2026,Yarraville,P98,205.53,20.55,226.09
10/04/2026,Yarraville,DIS,294.45,29.45,323.90
10/04/2026,Yarraville,PREDIS,296.27,29.63,325.90
10/04/2026,Sydney,ULP,178.44,17.84,196.29
10/04/2026,Sydney,E10,178.34,17.83,196.17
10/04/2026,Sydney,P95,198.14,19.81,217.95
10/04/2026,Sydney,P98,206.65,20.67,227.32
10/04/2026,Sydney,DIS,287.51,28.75,316.26
10/04/2026,Sydney,PREDIS,289.33,28.93,318.26
10/04/2026,Brisbane,ULP,181.65,18.17,199.82
10/04/2026,Brisbane,E10,181.67,18.17,199.84
10/04/2026,Brisbane,P95,196.40,19.64,216.04
10/04/2026,Brisbane,P98,210.40,21.04,231.44
10/04/2026,Brisbane,DIS,295.80,29.58,325.38
10/04/2026,Brisbane,PREDIS,297.62,29.76,327.38
10/04/2026,Brisbane,B5,299.45,29.95,329.40
10/04/2026,Gladstone,ULP,185.38,18.54,203.92
10/04/2026,Gladstone,E10,181.54,18.15,199.69
10/04/2026,Gladstone,P95,193.94,19.39,213.34
10/04/2026,Gladstone,P98,,,
10/04/2026,Gladstone,DIS,295.05,29.50,324.55
10/04/2026,Gladstone,PREDIS,296.86,29.69,326.55
10/04/2026,Mackay,ULP,185.41,18.54,203.95
10/04/2026,Mackay,E10,184.11,18.41,202.53
10/04/2026,Mackay,P95,195.61,19.56,215.17
10/04/2026,Mackay,P98,198.56,19.86,218.42
10/04/2026,Mackay,DIS,288.87,28.89,317.76
10/04/2026,Mackay,PREDIS,290.69,29.07,319.76
10/04/2026,Townsville,ULP,185.36,18.54,203.90
10/04/2026,Townsville,E10,186.36,18.64,205.00
10/04/2026,Townsville,P95,203.95,20.40,224.35
10/04/2026,Townsville,P98,221.28,22.13,243.40
10/04/2026,Townsville,DIS,297.98,29.80,327.77
10/04/2026,Townsville,PREDIS,299.80,29.98,329.77
10/04/2026,Cairns,ULP,184.09,18.41,202.50
10/04/2026,Cairns,E10,190.77,19.08,209.84
10/04/2026,Cairns,P95,199.64,19.96,219.61
10/04/2026,Cairns,P98,,,
10/04/2026,Cairns,DIS,295.98,29.60,325.58
10/04/2026,Cairns,PREDIS,297.80,29.78,327.58
10/04/2026,Port Alma,DIS,295.05,29.50,324.55
10/04/2026,Adelaide,ULP,176.04,17.60,193.65
10/04/2026,Adelaide,E10,174.48,17.45,191.93
10/04/2026,Adelaide,P95,191.58,19.16,210.74
10/04/2026,Adelaide,P98,206.09,20.61,226.70
10/04/2026,Adelaide,DIS,290.92,29.09,320.02
10/04/2026,Adelaide,PREDIS,292.74,29.27,322.02
10/04/2026,Perth,ULP,178.49,17.85,196.34
10/04/2026,Perth,E10,,,
10/04/2026,Perth,P95,195.64,19.56,215.20
10/04/2026,Perth,P98,210.53,21.05,231.58
10/04/2026,Perth,DIS,291.85,29.19,321.04
10/04/2026,Perth,PREDIS,293.67,29.37,323.04
10/04/2026,Darwin,ULP,182.85,18.28,201.13
10/04/2026,Darwin,E10,,,
10/04/2026,Darwin,P95,199.99,20.00,219.98
10/04/2026,Darwin,P98,,,
10/04/2026,Darwin,DIS,294.87,29.49,324.36
10/04/2026,Darwin,PREDIS,296.69,29.67,326.36
10/04/2026,Bell Bay,ULP,183.93,18.39,202.32
10/04/2026,Bell Bay,E10,184.14,18.41,202.55
10/04/2026,Bell Bay,P95,197.48,19.75,217.23
10/04/2026,Bell Bay,P98,201.87,20.19,222.05
10/04/2026,Bell Bay,DIS,299.09,29.91,329.00
10/04/2026,Bell Bay,PREDIS,300.91,30.09,331.00
10/04/2026,Broome,ULP,210.88,21.09,231.97
10/04/2026,Broome,E10,,,
10/04/2026,Broome,P95,227.14,22.71,249.86
10/04/2026,Broome,P98,,,
10/04/2026,Broome,DIS,302.54,30.25,332.79
11/04/2026,Hastings,ULP,177.64,17.76,195.40
11/04/2026,Hastings,E10,177.63,17.76,195.40
11/04/2026,Hastings,P95,195.48,19.55,215.03
11/04/2026,Hastings,P98,203.02,20.30,223.32
11/04/2026,Hastings,DIS,281.24,28.12,309.36
11/04/2026,Hastings,PREDIS,283.05,28.31,311.36
11/04/2026,Yarraville,ULP,182.50,18.25,200.75
11/04/2026,Yarraville,E10,178.50,17.85,196.35
11/04/2026,Yarraville,P95,196.64,19.66,216.31
11/04/2026,Yarraville,P98,203.42,20.34,223.77
11/04/2026,Yarraville,DIS,288.36,28.84,317.20
11/04/2026,Yarraville,PREDIS,290.18,29.02,319.20
11/04/2026,Sydney,ULP,176.91,17.69,194.60
11/04/2026,Sydney,E10,176.82,17.68,194.50
11/04/2026,Sydney,P95,196.09,19.61,215.70
11/04/2026,Sydney,P98,204.55,20.46,225.01
11/04/2026,Sydney,DIS,281.45,28.14,309.59
11/04/2026,Sydney,PREDIS,283.27,28.33,311.59
11/04/2026,Brisbane,ULP,180.26,18.03,198.29
11/04/2026,Brisbane,E10,180.28,18.03,198.31
11/04/2026,Brisbane,P95,194.54,19.45,214.00
11/04/2026,Brisbane,P98,208.45,20.84,229.29
11/04/2026,Brisbane,DIS,289.88,28.99,318.87
11/04/2026,Brisbane,PREDIS,291.70,29.17,320.87
11/04/2026,Brisbane,B5,293.53,29.35,322.88
11/04/2026,Gladstone,ULP,183.85,18.38,202.23
11/04/2026,Gladstone,E10,180.16,18.02,198.17
11/04/2026,Gladstone,P95,191.94,19.19,211.14
11/04/2026,Gladstone,P98,,,
11/04/2026,Gladstone,DIS,288.96,28.90,317.86
11/04/2026,Gladstone,PREDIS,290.78,29.08,319.86
11/04/2026,Mackay,ULP,183.88,18.39,202.27
11/04/2026,Mackay,E10,182.73,18.27,201.00
11/04/2026,Mackay,P95,193.53,19.35,212.88
11/04/2026,Mackay,P98,196.46,19.65,216.11
11/04/2026,Mackay,DIS,282.80,28.28,311.08
11/04/2026,Mackay,PREDIS,284.62,28.46,313.08
11/04/2026,Townsville,ULP,183.83,18.38,202.21
11/04/2026,Townsville,E10,184.83,18.48,203.31
11/04/2026,Townsville,P95,201.86,20.19,222.05
11/04/2026,Townsville,P98,219.18,21.92,241.10
11/04/2026,Townsville,DIS,291.89,29.19,321.08
11/04/2026,Townsville,PREDIS,293.71,29.37,323.08
11/04/2026,Cairns,ULP,182.55,18.26,200.81
11/04/2026,Cairns,E10,188.80,18.88,207.68
11/04/2026,Cairns,P95,197.64,19.76,217.40
11/04/2026,Cairns,P98,,,
11/04/2026,Cairns,DIS,289.89,28.99,318.88
11/04/2026,Cairns,PREDIS,291.71,29.17,320.88
11/04/2026,Port Alma,DIS,288.96,28.90,317.86
11/04/2026,Adelaide,ULP,174.51,17.45,191.96
11/04/2026,Adelaide,E10,172.96,17.30,190.25
11/04/2026,Adelaide,P95,189.58,18.96,208.54
11/04/2026,Adelaide,P98,203.99,20.40,224.38
11/04/2026,Adelaide,DIS,284.83,28.48,313.32
11/04/2026,Adelaide,PREDIS,286.65,28.67,315.32
11/04/2026,Perth,ULP,176.95,17.69,194.64
11/04/2026,Perth,E10,,,
11/04/2026,Perth,P95,193.63,19.36,212.99
11/04/2026,Perth,P98,208.42,20.84,229.27
11/04/2026,Perth,DIS,285.76,28.58,314.33
11/04/2026,Perth,PREDIS,287.57,28.76,316.33
11/04/2026,Darwin,ULP,181.30,18.13,199.43
11/04/2026,Darwin,E10,,,
11/04/2026,Darwin,P95,197.88,19.79,217.67
11/04/2026,Darwin,P98,,,
11/04/2026,Darwin,DIS,288.78,28.88,317.66
11/04/2026,Darwin,PREDIS,290.60,29.06,319.66
11/04/2026,Bell Bay,ULP,182.40,18.24,200.64
11/04/2026,Bell Bay,E10,182.62,18.26,200.89
11/04/2026,Bell Bay,P95,195.43,19.54,214.98
11/04/2026,Bell Bay,P98,199.77,19.98,219.75
11/04/2026,Bell Bay,DIS,293.01,29.30,322.31
11/04/2026,Bell Bay,PREDIS,294.83,29.48,324.31
11/04/2026,Broome,ULP,209.42,20.94,230.36
11/04/2026,Broome,E10,,,
11/04/2026,Broome,P95,225.22,22.52,247.74
11/04/2026,Broome,P98,,,
11/04/2026,Broome,DIS,296.46,29.65,326.11
14/04/2026,Hastings,ULP,175.74,17.57,193.32
14/04/2026,Hastings,E10,175.76,17.58,193.34
14/04/2026,Hastings,P95,193.29,19.33,212.62
14/04/2026,Hastings,P98,200.80,20.08,220.88
14/04/2026,Hastings,DIS,276.50,27.65,304.15
14/04/2026,Hastings,PREDIS,278.32,27.83,306.15
14/04/2026,Yarraville,ULP,180.36,18.04,198.39
14/04/2026,Yarraville,E10,176.57,17.66,194.22
14/04/2026,Yarraville,P95,194.42,19.44,213.86
14/04/2026,Yarraville,P98,201.17,20.12,221.29
14/04/2026,Yarraville,DIS,283.57,28.36,311.93
14/04/2026,Yarraville,PREDIS,285.39,28.54,313.93
14/04/2026,Sydney,ULP,175.02,17.50,192.52
14/04/2026,Sydney,E10,174.94,17.49,192.44
14/04/2026,Sydney,P95,193.90,19.39,213.29
14/04/2026,Sydney,P98,202.33,20.23,222.56
14/04/2026,Sydney,DIS,276.71,27.67,304.38
14/04/2026,Sydney,PREDIS,278.53,27.85,306.38
14/04/2026,Brisbane,ULP,178.41,17.84,196.25
14/04/2026,Brisbane,E10,178.43,17.84,196.27
14/04/2026,Brisbane,P95,192.42,19.24,211.66
14/04/2026,Brisbane,P98,206.26,20.63,226.88
14/04/2026,Brisbane,DIS,285.16,28.52,313.67
14/04/2026,Brisbane,PREDIS,286.97,28.70,315.67
14/04/2026,Brisbane,B5,288.81,28.88,317.69
14/04/2026,Gladstone,ULP,181.95,18.20,200.15
14/04/2026,Gladstone,E10,178.45,17.85,196.30
14/04/2026,Gladstone,P95,189.78,18.98,208.76
14/04/2026,Gladstone,P98,,,
14/04/2026,Gladstone,DIS,284.18,28.42,312.60
14/04/2026,Gladstone,PREDIS,286.00,28.60,314.60
14/04/2026,Mackay,ULP,181.98,18.20,200.18
14/04/2026,Mackay,E10,181.02,18.10,199.12
14/04/2026,Mackay,P95,191.31,19.13,210.45
14/04/2026,Mackay,P98,194.24,19.42,213.66
14/04/2026,Mackay,DIS,278.04,27.80,305.85
14/04/2026,Mackay,PREDIS,279.86,27.99,307.85
14/04/2026,Townsville,ULP,181.93,18.19,200.12
14/04/2026,Townsville,E10,182.93,18.29,201.22
14/04/2026,Townsville,P95,199.65,19.97,219.62
14/04/2026,Townsville,P98,216.96,21.70,238.65
14/04/2026,Townsville,DIS,287.11,28.71,315.82
14/04/2026,Townsville,PREDIS,288.93,28.89,317.82
14/04/2026,Cairns,ULP,180.65,18.06,198.71
14/04/2026,Cairns,E10,186.68,18.67,205.35
14/04/2026,Cairns,P95,195.47,19.55,215.01
14/04/2026,Cairns,P98,,,
14/04/2026,Cairns,DIS,285.11,28.51,313.62
14/04/2026,Cairns,PREDIS,286.93,28.69,315.62
14/04/2026,Port Alma,DIS,284.18,28.42,312.60
14/04/2026,Adelaide,ULP,172.59,17.26,189.85
14/04/2026,Adelaide,E10,171.06,17.11,188.17
14/04/2026,Adelaide,P95,187.40,18.74,206.14
14/04/2026,Adelaide,P98,201.74,20.17,221.92
14/04/2026,Adelaide,DIS,280.04,28.00,308.04
14/04/2026,Adelaide,PREDIS,281.86,28.19,310.04
14/04/2026,Perth,ULP,175.04,17.50,192.54
14/04/2026,Perth,E10,,,
14/04/2026,Perth,P95,191.45,19.15,210.60
14/04/2026,Perth,P98,206.18,20.62,226.79
14/04/2026,Perth,DIS,280.94,28.09,309.04
14/04/2026,Perth,PREDIS,282.76,28.28,311.04
14/04/2026,Darwin,ULP,179.37,17.94,197.30
14/04/2026,Darwin,E10,,,
14/04/2026,Darwin,P95,195.62,19.56,215.18
14/04/2026,Darwin,P98,,,
14/04/2026,Darwin,DIS,283.96,28.40,312.36
14/04/2026,Darwin,PREDIS,285.78,28.58,314.36
14/04/2026,Bell Bay,ULP,180.52,18.05,198.58
14/04/2026,Bell Bay,E10,180.77,18.08,198.85
14/04/2026,Bell Bay,P95,193.26,19.33,212.59
14/04/2026,Bell Bay,P98,197.56,19.76,217.32
14/04/2026,Bell Bay,DIS,288.26,28.83,317.09
14/04/2026,Bell Bay,PREDIS,290.08,29.01,319.09
14/04/2026,Broome,ULP,207.83,20.78,228.62
14/04/2026,Broome,E10,,,
14/04/2026,Broome,P95,223.36,22.34,245.70
14/04/2026,Broome,P98,,,
14/04/2026,Broome,DIS,291.73,29.17,320.90
15/04/2026,Hastings,ULP,174.36,17.44,191.80
15/04/2026,Hastings,E10,174.39,17.44,191.83
15/04/2026,Hastings,P95,191.90,19.19,211.09
15/04/2026,Hastings,P98,199.39,19.94,219.33
15/04/2026,Hastings,DIS,270.26,27.03,297.28
15/04/2026,Hastings,PREDIS,272.08,27.21,299.28
15/04/2026,Yarraville,ULP,178.98,17.90,196.87
15/04/2026,Yarraville,E10,175.31,17.53,192.85
15/04/2026,Yarraville,P95,193.01,19.30,212.31
15/04/2026,Yarraville,P98,199.75,19.97,219.72
15/04/2026,Yarraville,DIS,277.29,27.73,305.02
15/04/2026,Yarraville,PREDIS,279.11,27.91,307.02
15/04/2026,Sydney,ULP,173.63,17.36,191.00
15/04/2026,Sydney,E10,173.57,17.36,190.93
15/04/2026,Sydney,P95,192.51,19.25,211.76
15/04/2026,Sydney,P98,200.92,20.09,221.01
15/04/2026,Sydney,DIS,270.47,27.05,297.52
15/04/2026,Sydney,PREDIS,272.29,27.23,299.52
15/04/2026,Brisbane,ULP,177.10,17.71,194.82
15/04/2026,Brisbane,E10,177.12,17.71,194.84
15/04/2026,Brisbane,P95,191.10,19.11,210.21
15/04/2026,Brisbane,P98,204.92,20.49,225.42
15/04/2026,Brisbane,DIS,278.98,27.90,306.88
15/04/2026,Brisbane,PREDIS,280.80,28.08,308.88
15/04/2026,Brisbane,B5,282.63,28.26,310.89
15/04/2026,Gladstone,ULP,180.57,18.06,198.63
15/04/2026,Gladstone,E10,177.21,17.72,194.93
15/04/2026,Gladstone,P95,188.38,18.84,207.22
15/04/2026,Gladstone,P98,,,
15/04/2026,Gladstone,DIS,277.90,27.79,305.69
15/04/2026,Gladstone,PREDIS,279.72,27.97,307.69
15/04/2026,Mackay,ULP,180.60,18.06,198.66
15/04/2026,Mackay,E10,179.76,17.98,197.74
15/04/2026,Mackay,P95,189.92,18.99,208.91
15/04/2026,Mackay,P98,192.83,19.28,212.12
15/04/2026,Mackay,DIS,271.78,27.18,298.96
15/04/2026,Mackay,PREDIS,273.60,27.36,300.96
15/04/2026,Townsville,ULP,180.55,18.05,198.60
15/04/2026,Townsville,E10,181.55,18.15,199.70
15/04/2026,Townsville,P95,198.25,19.83,218.08
15/04/2026,Townsville,P98,215.55,21.56,237.11
15/04/2026,Townsville,DIS,267.32,26.73,294.05
15/04/2026,Townsville,PREDIS,269.14,26.91,296.05
15/04/2026,Cairns,ULP,179.26,17.93,197.18
15/04/2026,Cairns,E10,185.31,18.53,203.84
15/04/2026,Cairns,P95,194.06,19.41,213.47
15/04/2026,Cairns,P98,,,
15/04/2026,Cairns,DIS,265.32,26.53,291.85
15/04/2026,Cairns,PREDIS,267.13,26.71,293.85
15/04/2026,Port Alma,DIS,277.90,27.79,305.69
15/04/2026,Adelaide,ULP,171.20,17.12,188.32
15/04/2026,Adelaide,E10,169.68,16.97,186.65
15/04/2026,Adelaide,P95,186.00,18.60,204.60
15/04/2026,Adelaide,P98,200.32,20.03,220.35
15/04/2026,Adelaide,DIS,273.75,27.38,301.13
15/04/2026,Adelaide,PREDIS,275.57,27.56,303.13
15/04/2026,Perth,ULP,173.64,17.36,191.01
15/04/2026,Perth,E10,,,
15/04/2026,Perth,P95,190.04,19.00,209.05
15/04/2026,Perth,P98,204.75,20.48,225.23
15/04/2026,Perth,DIS,274.65,27.46,302.11
15/04/2026,Perth,PREDIS,276.47,27.65,304.11
15/04/2026,Darwin,ULP,177.95,17.80,195.75
15/04/2026,Darwin,E10,,,
15/04/2026,Darwin,P95,194.19,19.42,213.60
15/04/2026,Darwin,P98,,,
15/04/2026,Darwin,DIS,277.67,27.77,305.43
15/04/2026,Darwin,PREDIS,279.49,27.95,307.43
15/04/2026,Bell Bay,ULP,179.16,17.92,197.07
15/04/2026,Bell Bay,E10,179.42,17.94,197.36
15/04/2026,Bell Bay,P95,191.88,19.19,211.07
15/04/2026,Bell Bay,P98,196.16,19.62,215.78
15/04/2026,Bell Bay,DIS,282.00,28.20,310.20
15/04/2026,Bell Bay,PREDIS,283.82,28.38,312.20
15/04/2026,Broome,ULP,206.67,20.67,227.33
15/04/2026,Broome,E10,,,
15/04/2026,Broome,P95,222.17,22.22,244.39
15/04/2026,Broome,P98,,,
15/04/2026,Broome,DIS,285.49,28.55,314.04
16/04/2026,Hastings,ULP,171.21,17.12,188.34
16/04/2026,Hastings,E10,171.28,17.13,188.41
16/04/2026,Hastings,P95,188.40,18.84,207.24
16/04/2026,Hastings,P98,195.85,19.59,215.44
16/04/2026,Hastings,DIS,256.43,25.64,282.07
16/04/2026,Hastings,PREDIS,258.25,25.82,284.07
16/04/2026,Yarraville,ULP,175.53,17.55,193.09
16/04/2026,Yarraville,E10,172.20,17.22,189.42
16/04/2026,Yarraville,P95,189.47,18.95,208.42
16/04/2026,Yarraville,P98,196.19,19.62,215.81
16/04/2026,Yarraville,DIS,263.42,26.34,289.76
16/04/2026,Yarraville,PREDIS,265.24,26.52,291.76
16/04/2026,Sydney,ULP,170.49,17.05,187.54
16/04/2026,Sydney,E10,170.46,17.05,187.51
16/04/2026,Sydney,P95,189.01,18.90,207.91
16/04/2026,Sydney,P98,197.39,19.74,217.12
16/04/2026,Sydney,DIS,256.64,25.66,282.31
16/04/2026,Sydney,PREDIS,258.46,25.85,284.31
16/04/2026,Brisbane,ULP,173.94,17.39,191.33
16/04/2026,Brisbane,E10,173.96,17.40,191.35
16/04/2026,Brisbane,P95,187.61,18.76,206.37
16/04/2026,Brisbane,P98,201.36,20.14,221.49
16/04/2026,Brisbane,DIS,265.09,26.51,291.60
16/04/2026,Brisbane,PREDIS,266.91,26.69,293.60
16/04/2026,Brisbane,B5,268.74,26.87,295.62
16/04/2026,Gladstone,ULP,177.43,17.74,195.17
16/04/2026,Gladstone,E10,174.38,17.44,191.82
16/04/2026,Gladstone,P95,184.92,18.49,203.41
16/04/2026,Gladstone,P98,,,
16/04/2026,Gladstone,DIS,264.04,26.40,290.44
16/04/2026,Gladstone,PREDIS,265.86,26.59,292.44
16/04/2026,Mackay,ULP,177.45,17.75,195.20
16/04/2026,Mackay,E10,176.93,17.69,194.62
16/04/2026,Mackay,P95,186.39,18.64,205.03
16/04/2026,Mackay,P98,189.30,18.93,208.23
16/04/2026,Mackay,DIS,257.94,25.79,283.73
16/04/2026,Mackay,PREDIS,259.76,25.98,285.73
16/04/2026,Townsville,ULP,177.40,17.74,195.14
16/04/2026,Townsville,E10,178.40,17.84,196.24
16/04/2026,Townsville,P95,194.73,19.47,214.20
16/04/2026,Townsville,P98,212.02,21.20,233.22
16/04/2026,Townsville,DIS,253.51,25.35,278.86
16/04/2026,Townsville,PREDIS,255.33,25.53,280.86
16/04/2026,Cairns,ULP,176.10,17.61,193.72
16/04/2026,Cairns,E10,181.89,18.19,200.08
16/04/2026,Cairns,P95,190.59,19.06,209.65
16/04/2026,Cairns,P98,,,
16/04/2026,Cairns,DIS,251.51,25.15,276.66
16/04/2026,Cairns,PREDIS,253.32,25.33,278.66
16/04/2026,Port Alma,DIS,264.04,26.40,290.44
16/04/2026,Adelaide,ULP,168.04,16.80,184.85
16/04/2026,Adelaide,E10,166.56,16.66,183.21
16/04/2026,Adelaide,P95,182.52,18.25,200.77
16/04/2026,Adelaide,P98,196.77,19.68,216.45
16/04/2026,Adelaide,DIS,259.88,25.99,285.87
16/04/2026,Adelaide,PREDIS,261.70,26.17,287.87
16/04/2026,Perth,ULP,170.49,17.05,187.54
16/04/2026,Perth,E10,,,
16/04/2026,Perth,P95,186.57,18.66,205.22
16/04/2026,Perth,P98,201.20,20.12,221.32
16/04/2026,Perth,DIS,260.77,26.08,286.84
16/04/2026,Perth,PREDIS,262.58,26.26,288.84
16/04/2026,Darwin,ULP,174.78,17.48,192.26
16/04/2026,Darwin,E10,,,
16/04/2026,Darwin,P95,190.63,19.06,209.69
16/04/2026,Darwin,P98,,,
16/04/2026,Darwin,DIS,263.78,26.38,290.16
16/04/2026,Darwin,PREDIS,265.60,26.56,292.16
16/04/2026,Bell Bay,ULP,176.02,17.60,193.63
16/04/2026,Bell Bay,E10,176.31,17.63,193.95
16/04/2026,Bell Bay,P95,188.39,18.84,207.23
16/04/2026,Bell Bay,P98,192.64,19.26,211.90
16/04/2026,Bell Bay,DIS,268.16,26.82,294.97
16/04/2026,Bell Bay,PREDIS,269.98,27.00,296.97
16/04/2026,Broome,ULP,203.71,20.37,224.08
16/04/2026,Broome,E10,,,
16/04/2026,Broome,P95,218.90,21.89,240.79
16/04/2026,Broome,P98,,,
16/04/2026,Broome,DIS,271.66,27.17,298.82
17/04/2026,Hastings,ULP,167.82,16.78,184.60
17/04/2026,Hastings,E10,167.92,16.79,184.71
17/04/2026,Hastings,P95,184.56,18.46,203.01
17/04/2026,Hastings,P98,191.97,19.20,211.16
17/04/2026,Hastings,DIS,242.94,24.29,267.23
17/04/2026,Hastings,PREDIS,244.76,24.48,269.23
17/04/2026,Yarraville,ULP,171.75,17.17,188.92
17/04/2026,Yarraville,E10,168.77,16.88,185.65
17/04/2026,Yarraville,P95,185.58,18.56,204.14
17/04/2026,Yarraville,P98,192.28,19.23,211.51
17/04/2026,Yarraville,DIS,249.88,24.99,274.86
17/04/2026,Yarraville,PREDIS,251.69,25.17,276.86
17/04/2026,Sydney,ULP,167.10,16.71,183.81
17/04/2026,Sydney,E10,167.10,16.71,183.81
17/04/2026,Sydney,P95,185.16,18.52,203.68
17/04/2026,Sydney,P98,193.50,19.35,212.85
17/04/2026,Sydney,DIS,243.15,24.32,267.47
17/04/2026,Sydney,PREDIS,244.97,24.50,269.47
17/04/2026,Brisbane,ULP,170.46,17.05,187.51
17/04/2026,Brisbane,E10,170.48,17.05,187.53
17/04/2026,Brisbane,P95,183.73,18.37,202.10
17/04/2026,Brisbane,P98,197.39,19.74,217.12
17/04/2026,Brisbane,DIS,251.48,25.15,276.63
17/04/2026,Brisbane,PREDIS,253.30,25.33,278.63
17/04/2026,Brisbane,B5,255.13,25.51,280.65
17/04/2026,Gladstone,ULP,174.03,17.40,191.44
17/04/2026,Gladstone,E10,171.33,17.13,188.46
17/04/2026,Gladstone,P95,181.12,18.11,199.23
17/04/2026,Gladstone,P98,,,
17/04/2026,Gladstone,DIS,250.50,25.05,275.55
17/04/2026,Gladstone,PREDIS,252.32,25.23,277.55
17/04/2026,Mackay,ULP,174.06,17.41,191.47
17/04/2026,Mackay,E10,173.86,17.39,191.25
17/04/2026,Mackay,P95,182.51,18.25,200.77
17/04/2026,Mackay,P98,185.41,18.54,203.95
17/04/2026,Mackay,DIS,244.43,24.44,268.87
17/04/2026,Mackay,PREDIS,246.24,24.62,270.87
17/04/2026,Townsville,ULP,174.01,17.40,191.41
17/04/2026,Townsville,E10,175.01,17.50,192.51
17/04/2026,Townsville,P95,190.85,19.09,209.94
17/04/2026,Townsville,P98,208.13,20.81,228.94
17/04/2026,Townsville,DIS,238.24,23.82,262.07
17/04/2026,Townsville,PREDIS,240.06,24.01,264.07
17/04/2026,Cairns,ULP,172.70,17.27,189.97
17/04/2026,Cairns,E10,178.14,17.81,195.96
17/04/2026,Cairns,P95,186.77,18.68,205.45
17/04/2026,Cairns,P98,,,
17/04/2026,Cairns,DIS,236.24,23.62,259.86
17/04/2026,Cairns,PREDIS,238.06,23.81,261.86
17/04/2026,Port Alma,DIS,250.50,25.05,275.55
17/04/2026,Adelaide,ULP,164.63,16.46,181.09
17/04/2026,Adelaide,E10,163.18,16.32,179.50
17/04/2026,Adelaide,P95,178.70,17.87,196.58
17/04/2026,Adelaide,P98,192.86,19.29,212.15
17/04/2026,Adelaide,DIS,246.34,24.63,270.97
17/04/2026,Adelaide,PREDIS,248.15,24.82,272.97
17/04/2026,Perth,ULP,167.08,16.71,183.79
17/04/2026,Perth,E10,,,
17/04/2026,Perth,P95,182.75,18.27,201.02
17/04/2026,Perth,P98,197.29,19.73,217.02
17/04/2026,Perth,DIS,247.20,24.72,271.92
17/04/2026,Perth,PREDIS,249.02,24.90,273.92
17/04/2026,Darwin,ULP,171.35,17.13,188.48
17/04/2026,Darwin,E10,,,
17/04/2026,Darwin,P95,186.70,18.67,205.37
17/04/2026,Darwin,P98,,,
17/04/2026,Darwin,DIS,250.21,25.02,275.24
17/04/2026,Darwin,PREDIS,252.03,25.20,277.24
17/04/2026,Bell Bay,ULP,172.65,17.27,189.92
17/04/2026,Bell Bay,E10,172.98,17.30,190.27
17/04/2026,Bell Bay,P95,184.57,18.46,203.02
17/04/2026,Bell Bay,P98,188.76,18.88,207.64
17/04/2026,Bell Bay,DIS,254.65,25.47,280.12
17/04/2026,Bell Bay,PREDIS,256.47,25.65,282.12
17/04/2026,Broome,ULP,200.64,20.06,220.70
17/04/2026,Broome,E10,,,
17/04/2026,Broome,P95,215.42,21.54,236.96
17/04/2026,Broome,P98,,,
17/04/2026,Broome,DIS,258.18,25.82,284.00
18/04/2026,Hastings,ULP,165.05,16.51,181.56
18/04/2026,Hastings,E10,165.18,16.52,181.70
18/04/2026,Hastings,P95,180.64,18.06,198.71
18/04/2026,Hastings,P98,187.96,18.80,206.75
18/04/2026,Hastings,DIS,231.43,23.14,254.58
18/04/2026,Hastings,PREDIS,233.25,23.33,256.58
18/04/2026,Yarraville,ULP,167.97,16.80,184.77
18/04/2026,Yarraville,E10,165.35,16.54,181.89
18/04/2026,Yarraville,P95,181.56,18.16,199.71
18/04/2026,Yarraville,P98,188.23,18.82,207.05
18/04/2026,Yarraville,DIS,238.30,23.83,262.13
18/04/2026,Yarraville,PREDIS,240.12,24.01,264.13
18/04/2026,Sydney,ULP,164.33,16.43,180.76
18/04/2026,Sydney,E10,164.36,16.44,180.80
18/04/2026,Sydney,P95,181.25,18.13,199.38
18/04/2026,Sydney,P98,189.49,18.95,208.44
18/04/2026,Sydney,DIS,231.65,23.16,254.81
18/04/2026,Sydney,PREDIS,233.46,23.35,256.81
18/04/2026,Brisbane,ULP,167.53,16.75,184.29
18/04/2026,Brisbane,E10,167.55,16.76,184.31
18/04/2026,Brisbane,P95,179.77,17.98,197.75
18/04/2026,Brisbane,P98,193.21,19.32,212.53
18/04/2026,Brisbane,DIS,239.76,23.98,263.74
18/04/2026,Brisbane,PREDIS,241.58,24.16,265.74
18/04/2026,Brisbane,B5,243.41,24.34,267.75
18/04/2026,Gladstone,ULP,171.26,17.13,188.39
18/04/2026,Gladstone,E10,168.83,16.88,185.72
18/04/2026,Gladstone,P95,177.32,17.73,195.05
18/04/2026,Gladstone,P98,,,
18/04/2026,Gladstone,DIS,238.94,23.89,262.83
18/04/2026,Gladstone,PREDIS,240.76,24.08,264.83
18/04/2026,Mackay,ULP,171.29,17.13,188.41
18/04/2026,Mackay,E10,171.36,17.14,188.49
18/04/2026,Mackay,P95,178.52,17.85,196.37
18/04/2026,Mackay,P98,181.40,18.14,199.54
18/04/2026,Mackay,DIS,232.89,23.29,256.18
18/04/2026,Mackay,PREDIS,234.71,23.47,258.18
18/04/2026,Townsville,ULP,171.23,17.12,188.36
18/04/2026,Townsville,E10,172.23,17.22,189.46
18/04/2026,Townsville,P95,186.85,18.69,205.54
18/04/2026,Townsville,P98,204.12,20.41,224.53
18/04/2026,Townsville,DIS,226.76,22.68,249.44
18/04/2026,Townsville,PREDIS,228.58,22.86,251.44
18/04/2026,Cairns,ULP,169.91,16.99,186.90
18/04/2026,Cairns,E10,174.40,17.44,191.84
18/04/2026,Cairns,P95,182.96,18.30,201.26
18/04/2026,Cairns,P98,,,
18/04/2026,Cairns,DIS,224.76,22.48,247.23
18/04/2026,Cairns,PREDIS,226.57,22.66,249.23
18/04/2026,Port Alma,DIS,238.94,23.89,262.83
18/04/2026,Adelaide,ULP,161.83,16.18,178.01
18/04/2026,Adelaide,E10,160.41,16.04,176.45
18/04/2026,Adelaide,P95,174.89,17.49,192.37
18/04/2026,Adelaide,P98,188.82,18.88,207.71
18/04/2026,Adelaide,DIS,234.75,23.48,258.23
18/04/2026,Adelaide,PREDIS,236.57,23.66,260.23
18/04/2026,Perth,ULP,164.28,16.43,180.71
18/04/2026,Perth,E10,,,
18/04/2026,Perth,P95,178.93,17.89,196.82
18/04/2026,Perth,P98,193.25,19.32,212.57
18/04/2026,Perth,DIS,235.59,23.56,259.15
18/04/2026,Perth,PREDIS,237.41,23.74,261.15
18/04/2026,Darwin,ULP,168.52,16.85,185.37
18/04/2026,Darwin,E10,,,
18/04/2026,Darwin,P95,182.64,18.26,200.90
18/04/2026,Darwin,P98,,,
18/04/2026,Darwin,DIS,238.61,23.86,262.47
18/04/2026,Darwin,PREDIS,240.42,24.04,264.47
18/04/2026,Bell Bay,ULP,169.91,16.99,186.90
18/04/2026,Bell Bay,E10,170.26,17.03,187.29
18/04/2026,Bell Bay,P95,180.68,18.07,198.75
18/04/2026,Bell Bay,P98,184.78,18.48,203.25
18/04/2026,Bell Bay,DIS,243.14,24.31,267.45
18/04/2026,Bell Bay,PREDIS,244.95,24.50,269.45
18/04/2026,Broome,ULP,198.33,19.83,218.16
18/04/2026,Broome,E10,,,
18/04/2026,Broome,P95,212.07,21.21,233.28
18/04/2026,Broome,P98,,,
18/04/2026,Broome,DIS,246.69,24.67,271.36
21/04/2026,Hastings,ULP,165.39,16.54,181.93
21/04/2026,Hastings,E10,165.47,16.55,182.02
21/04/2026,Hastings,P95,180.91,18.09,199.00
21/04/2026,Hastings,P98,188.21,18.82,207.04
21/04/2026,Hastings,DIS,227.78,22.78,250.56
21/04/2026,Hastings,PREDIS,229.60,22.96,252.56
21/04/2026,Yarraville,ULP,168.20,16.82,185.02
21/04/2026,Yarraville,E10,165.56,16.56,182.12
21/04/2026,Yarraville,P95,181.77,18.18,199.94
21/04/2026,Yarraville,P98,188.43,18.84,207.28
21/04/2026,Yarraville,DIS,234.57,23.46,258.03
21/04/2026,Yarraville,PREDIS,236.39,23.64,260.03
21/04/2026,Sydney,ULP,164.66,16.47,181.13
21/04/2026,Sydney,E10,164.66,16.47,181.12
21/04/2026,Sydney,P95,181.52,18.15,199.67
21/04/2026,Sydney,P98,189.75,18.97,208.72
21/04/2026,Sydney,DIS,227.99,22.80,250.79
21/04/2026,Sydney,PREDIS,229.81,22.98,252.79
21/04/2026,Brisbane,ULP,167.63,16.76,184.39
21/04/2026,Brisbane,E10,167.65,16.76,184.41
21/04/2026,Brisbane,P95,179.80,17.98,197.78
21/04/2026,Brisbane,P98,193.22,19.32,212.55
21/04/2026,Brisbane,DIS,235.82,23.58,259.41
21/04/2026,Brisbane,PREDIS,237.64,23.76,261.41
21/04/2026,Brisbane,B5,239.47,23.95,263.42
21/04/2026,Gladstone,ULP,171.60,17.16,188.76
21/04/2026,Gladstone,E10,169.13,16.91,186.05
21/04/2026,Gladstone,P95,177.59,17.76,195.35
21/04/2026,Gladstone,P98,,,
21/04/2026,Gladstone,DIS,235.23,23.52,258.75
21/04/2026,Gladstone,PREDIS,237.05,23.70,260.75
21/04/2026,Mackay,ULP,171.61,17.16,188.77
21/04/2026,Mackay,E10,171.64,17.16,188.81
21/04/2026,Mackay,P95,178.77,17.88,196.64
21/04/2026,Mackay,P98,181.64,18.16,199.81
21/04/2026,Mackay,DIS,229.18,22.92,252.10
21/04/2026,Mackay,PREDIS,231.00,23.10,254.10
21/04/2026,Townsville,ULP,171.55,17.16,188.71
21/04/2026,Townsville,E10,172.55,17.26,189.81
21/04/2026,Townsville,P95,187.10,18.71,205.81
21/04/2026,Townsville,P98,204.36,20.44,224.80
21/04/2026,Townsville,DIS,223.09,22.31,245.40
21/04/2026,Townsville,PREDIS,224.91,22.49,247.40
21/04/2026,Cairns,ULP,170.22,17.02,187.24
21/04/2026,Cairns,E10,174.64,17.46,192.11
21/04/2026,Cairns,P95,183.20,18.32,201.52
21/04/2026,Cairns,P98,,,
21/04/2026,Cairns,DIS,221.08,22.11,243.18
21/04/2026,Cairns,PREDIS,222.89,22.29,245.18
21/04/2026,Port Alma,DIS,235.23,23.52,258.75
21/04/2026,Adelaide,ULP,162.11,16.21,178.32
21/04/2026,Adelaide,E10,160.65,16.07,176.72
21/04/2026,Adelaide,P95,175.12,17.51,192.63
21/04/2026,Adelaide,P98,189.04,18.90,207.94
21/04/2026,Adelaide,DIS,231.02,23.10,254.12
21/04/2026,Adelaide,PREDIS,232.83,23.28,256.12
21/04/2026,Perth,ULP,164.58,16.46,181.03
21/04/2026,Perth,E10,,,
21/04/2026,Perth,P95,179.15,17.92,197.07
21/04/2026,Perth,P98,193.46,19.35,212.81
21/04/2026,Perth,DIS,231.81,23.18,254.99
21/04/2026,Perth,PREDIS,233.62,23.36,256.99
21/04/2026,Darwin,ULP,168.75,16.88,185.63
21/04/2026,Darwin,E10,,,
21/04/2026,Darwin,P95,182.80,18.28,201.08
21/04/2026,Darwin,P98,,,
21/04/2026,Darwin,DIS,234.83,23.48,258.31
21/04/2026,Darwin,PREDIS,236.65,23.66,260.31
21/04/2026,Bell Bay,ULP,170.29,17.03,187.31
21/04/2026,Bell Bay,E10,170.60,17.06,187.66
21/04/2026,Bell Bay,P95,180.98,18.10,199.08
21/04/2026,Bell Bay,P98,185.07,18.51,203.58
21/04/2026,Bell Bay,DIS,239.51,23.95,263.46
21/04/2026,Bell Bay,PREDIS,241.33,24.13,265.46
21/04/2026,Broome,ULP,199.46,19.95,219.40
21/04/2026,Broome,E10,,,
21/04/2026,Broome,P95,213.14,21.31,234.45
21/04/2026,Broome,P98,,,
21/04/2026,Broome,DIS,243.12,24.31,267.43
22/04/2026,Hastings,ULP,163.80,16.38,180.18
22/04/2026,Hastings,E10,163.90,16.39,180.29
22/04/2026,Hastings,P95,179.54,17.95,197.50
22/04/2026,Hastings,P98,186.86,18.69,205.54
22/04/2026,Hastings,DIS,220.57,22.06,242.63
22/04/2026,Hastings,PREDIS,222.39,22.24,244.63
22/04/2026,Yarraville,ULP,166.77,16.68,183.45
22/04/2026,Yarraville,E10,164.27,16.43,180.69
22/04/2026,Yarraville,P95,180.36,18.04,198.40
22/04/2026,Yarraville,P98,187.02,18.70,205.72
22/04/2026,Yarraville,DIS,227.29,22.73,250.02
22/04/2026,Yarraville,PREDIS,229.11,22.91,252.02
22/04/2026,Sydney,ULP,163.07,16.31,179.38
22/04/2026,Sydney,E10,163.08,16.31,179.39
22/04/2026,Sydney,P95,180.15,18.02,198.17
22/04/2026,Sydney,P98,188.39,18.84,207.23
22/04/2026,Sydney,DIS,220.79,22.08,242.87
22/04/2026,Sydney,PREDIS,222.60,22.26,244.87
22/04/2026,Brisbane,ULP,165.77,16.58,182.35
22/04/2026,Brisbane,E10,165.79,16.58,182.37
22/04/2026,Brisbane,P95,178.14,17.81,195.95
22/04/2026,Brisbane,P98,191.60,19.16,210.76
22/04/2026,Brisbane,DIS,228.30,22.83,251.14
22/04/2026,Brisbane,PREDIS,230.12,23.01,253.14
22/04/2026,Brisbane,B5,231.95,23.20,255.15
22/04/2026,Gladstone,ULP,170.00,17.00,187.00
22/04/2026,Gladstone,E10,167.70,16.77,184.47
22/04/2026,Gladstone,P95,176.19,17.62,193.81
22/04/2026,Gladstone,P98,,,
22/04/2026,Gladstone,DIS,227.97,22.80,250.77
22/04/2026,Gladstone,PREDIS,229.79,22.98,252.77
22/04/2026,Mackay,ULP,170.00,17.00,187.00
22/04/2026,Mackay,E10,170.19,17.02,187.21
22/04/2026,Mackay,P95,177.40,17.74,195.14
22/04/2026,Mackay,P98,180.27,18.03,198.30
22/04/2026,Mackay,DIS,221.92,22.19,244.12
22/04/2026,Mackay,PREDIS,223.74,22.37,246.12
22/04/2026,Townsville,ULP,169.95,16.99,186.94
22/04/2026,Townsville,E10,170.95,17.09,188.04
22/04/2026,Townsville,P95,185.74,18.57,204.31
22/04/2026,Townsville,P98,202.99,20.30,223.29
22/04/2026,Townsville,DIS,215.87,21.59,237.45
22/04/2026,Townsville,PREDIS,217.68,21.77,239.45
22/04/2026,Cairns,ULP,168.59,16.86,185.45
22/04/2026,Cairns,E10,173.24,17.32,190.56
22/04/2026,Cairns,P95,181.77,18.18,199.95
22/04/2026,Cairns,P98,,,
22/04/2026,Cairns,DIS,213.85,21.38,235.23
22/04/2026,Cairns,PREDIS,215.66,21.57,237.23
22/04/2026,Port Alma,DIS,227.97,22.80,250.77
22/04/2026,Adelaide,ULP,160.47,16.05,176.51
22/04/2026,Adelaide,E10,159.02,15.90,174.92
22/04/2026,Adelaide,P95,173.68,17.37,191.04
22/04/2026,Adelaide,P98,187.64,18.76,206.40
22/04/2026,Adelaide,DIS,223.72,22.37,246.10
22/04/2026,Adelaide,PREDIS,225.54,22.55,248.10
22/04/2026,Perth,ULP,162.94,16.29,179.23
22/04/2026,Perth,E10,,,
22/04/2026,Perth,P95,177.71,17.77,195.48
22/04/2026,Perth,P98,192.05,19.21,211.26
22/04/2026,Perth,DIS,224.47,22.45,246.91
22/04/2026,Perth,PREDIS,226.29,22.63,248.91
22/04/2026,Darwin,ULP,167.06,16.71,183.77
22/04/2026,Darwin,E10,,,
22/04/2026,Darwin,P95,181.34,18.13,199.47
22/04/2026,Darwin,P98,,,
22/04/2026,Darwin,DIS,227.50,22.75,250.25
22/04/2026,Darwin,PREDIS,229.31,22.93,252.25
22/04/2026,Bell Bay,ULP,168.74,16.87,185.61
22/04/2026,Bell Bay,E10,169.06,16.91,185.97
22/04/2026,Bell Bay,P95,179.66,17.97,197.62
22/04/2026,Bell Bay,P98,183.75,18.38,202.13
22/04/2026,Bell Bay,DIS,232.34,23.23,255.57
22/04/2026,Bell Bay,PREDIS,234.16,23.42,257.57
22/04/2026,Broome,ULP,198.68,19.87,218.55
22/04/2026,Broome,E10,,,
22/04/2026,Broome,P95,212.56,21.26,233.82
22/04/2026,Broome,P98,,,
22/04/2026,Broome,DIS,236.00,23.60,259.60
23/04/2026,Hastings,ULP,162.45,16.24,178.69
23/04/2026,Hastings,E10,162.56,16.26,178.82
23/04/2026,Hastings,P95,178.18,17.82,195.99
23/04/2026,Hastings,P98,185.48,18.55,204.03
23/04/2026,Hastings,DIS,213.15,21.31,234.46
23/04/2026,Hastings,PREDIS,214.97,21.50,236.46
23/04/2026,Yarraville,ULP,165.38,16.54,181.92
23/04/2026,Yarraville,E10,163.01,16.30,179.31
23/04/2026,Yarraville,P95,178.95,17.90,196.85
23/04/2026,Yarraville,P98,185.60,18.56,204.16
23/04/2026,Yarraville,DIS,219.80,21.98,241.79
23/04/2026,Yarraville,PREDIS,221.62,22.16,243.79
23/04/2026,Sydney,ULP,161.72,16.17,177.89
23/04/2026,Sydney,E10,161.74,16.17,177.92
23/04/2026,Sydney,P95,178.79,17.88,196.67
23/04/2026,Sydney,P98,187.02,18.70,205.72
23/04/2026,Sydney,DIS,213.36,21.34,234.70
23/04/2026,Sydney,PREDIS,215.18,21.52,236.70
23/04/2026,Brisbane,ULP,164.25,16.42,180.67
23/04/2026,Brisbane,E10,164.27,16.43,180.69
23/04/2026,Brisbane,P95,176.60,17.66,194.26
23/04/2026,Brisbane,P98,190.05,19.01,209.06
23/04/2026,Brisbane,DIS,220.67,22.07,242.74
23/04/2026,Brisbane,PREDIS,222.49,22.25,244.74
23/04/2026,Brisbane,B5,224.32,22.43,246.75
23/04/2026,Gladstone,ULP,168.65,16.86,185.51
23/04/2026,Gladstone,E10,166.48,16.65,183.13
23/04/2026,Gladstone,P95,174.82,17.48,192.30
23/04/2026,Gladstone,P98,,,
23/04/2026,Gladstone,DIS,220.50,22.05,242.55
23/04/2026,Gladstone,PREDIS,222.32,22.23,244.55
23/04/2026,Mackay,ULP,168.64,16.86,185.50
23/04/2026,Mackay,E10,168.97,16.90,185.86
23/04/2026,Mackay,P95,176.02,17.60,193.63
23/04/2026,Mackay,P98,178.89,17.89,196.78
23/04/2026,Mackay,DIS,214.46,21.45,235.90
23/04/2026,Mackay,PREDIS,216.28,21.63,237.90
23/04/2026,Townsville,ULP,168.59,16.86,185.45
23/04/2026,Townsville,E10,169.59,16.96,186.55
23/04/2026,Townsville,P95,184.36,18.44,202.80
23/04/2026,Townsville,P98,201.61,20.16,221.77
23/04/2026,Townsville,DIS,208.43,20.84,229.27
23/04/2026,Townsville,PREDIS,210.25,21.02,231.27
23/04/2026,Cairns,ULP,167.21,16.72,183.93
23/04/2026,Cairns,E10,171.87,17.19,189.06
23/04/2026,Cairns,P95,180.38,18.04,198.41
23/04/2026,Cairns,P98,,,
23/04/2026,Cairns,DIS,206.41,20.64,227.05
23/04/2026,Cairns,PREDIS,208.23,20.82,229.05
23/04/2026,Port Alma,DIS,220.50,22.05,242.55
23/04/2026,Adelaide,ULP,159.08,15.91,174.98
23/04/2026,Adelaide,E10,157.64,15.76,173.41
23/04/2026,Adelaide,P95,172.28,17.23,189.51
23/04/2026,Adelaide,P98,186.23,18.62,204.85
23/04/2026,Adelaide,DIS,216.23,21.62,237.85
23/04/2026,Adelaide,PREDIS,218.05,21.80,239.85
23/04/2026,Perth,ULP,161.55,16.16,177.71
23/04/2026,Perth,E10,,,
23/04/2026,Perth,P95,176.31,17.63,193.94
23/04/2026,Perth,P98,190.65,19.06,209.71
23/04/2026,Perth,DIS,216.94,21.69,238.63
23/04/2026,Perth,PREDIS,218.76,21.88,240.63
23/04/2026,Darwin,ULP,165.63,16.56,182.20
23/04/2026,Darwin,E10,,,
23/04/2026,Darwin,P95,179.89,17.99,197.88
23/04/2026,Darwin,P98,,,
23/04/2026,Darwin,DIS,219.97,22.00,241.97
23/04/2026,Darwin,PREDIS,221.79,22.18,243.97
23/04/2026,Bell Bay,ULP,167.41,16.74,184.16
23/04/2026,Bell Bay,E10,167.76,16.78,184.53
23/04/2026,Bell Bay,P95,178.32,17.83,196.15
23/04/2026,Bell Bay,P98,182.41,18.24,200.65
23/04/2026,Bell Bay,DIS,224.93,22.49,247.42
23/04/2026,Bell Bay,PREDIS,226.75,22.67,249.42
23/04/2026,Broome,ULP,197.93,19.79,217.72
23/04/2026,Broome,E10,,,
23/04/2026,Broome,P95,211.79,21.18,232.97
23/04/2026,Broome,P98,,,
23/04/2026,Broome,DIS,228.63,22.86,251.50
24/04/2026,Hastings,ULP,161.70,16.17,177.87
24/04/2026,Hastings,E10,161.82,16.18,178.01
24/04/2026,Hastings,P95,177.01,17.70,194.71
24/04/2026,Hastings,P98,184.28,18.43,202.70
24/04/2026,Hastings,DIS,208.28,20.83,229.11
24/04/2026,Hastings,PREDIS,210.10,21.01,231.11
24/04/2026,Yarraville,ULP,164.24,16.42,180.67
24/04/2026,Yarraville,E10,161.98,16.20,178.18
24/04/2026,Yarraville,P95,177.72,17.77,195.50
24/04/2026,Yarraville,P98,184.36,18.44,202.79
24/04/2026,Yarraville,DIS,214.88,21.49,236.36
24/04/2026,Yarraville,PREDIS,216.70,21.67,238.36
24/04/2026,Sydney,ULP,160.98,16.10,177.07
24/04/2026,Sydney,E10,161.01,16.10,177.11
24/04/2026,Sydney,P95,177.62,17.76,195.38
24/04/2026,Sydney,P98,185.81,18.58,204.39
24/04/2026,Sydney,DIS,208.49,20.85,229.34
24/04/2026,Sydney,PREDIS,210.31,21.03,231.34
24/04/2026,Brisbane,ULP,163.31,16.33,179.64
24/04/2026,Brisbane,E10,163.33,16.33,179.66
24/04/2026,Brisbane,P95,175.28,17.53,192.81
24/04/2026,Brisbane,P98,188.65,18.86,207.51
24/04/2026,Brisbane,DIS,215.56,21.56,237.12
24/04/2026,Brisbane,PREDIS,217.38,21.74,239.12
24/04/2026,Brisbane,B5,219.21,21.92,241.14
24/04/2026,Gladstone,ULP,167.90,16.79,184.69
24/04/2026,Gladstone,E10,165.81,16.58,182.39
24/04/2026,Gladstone,P95,173.69,17.37,191.06
24/04/2026,Gladstone,P98,,,
24/04/2026,Gladstone,DIS,215.59,21.56,237.15
24/04/2026,Gladstone,PREDIS,217.41,21.74,239.15
24/04/2026,Mackay,ULP,167.89,16.79,184.68
24/04/2026,Mackay,E10,168.28,16.83,185.11
24/04/2026,Mackay,P95,174.82,17.48,192.30
24/04/2026,Mackay,P98,177.68,17.77,195.45
24/04/2026,Mackay,DIS,209.55,20.96,230.51
24/04/2026,Mackay,PREDIS,211.37,21.14,232.51
24/04/2026,Townsville,ULP,167.83,16.78,184.62
24/04/2026,Townsville,E10,168.83,16.88,185.72
24/04/2026,Townsville,P95,183.15,18.32,201.47
24/04/2026,Townsville,P98,200.40,20.04,220.44
24/04/2026,Townsville,DIS,203.56,20.36,223.92
24/04/2026,Townsville,PREDIS,205.38,20.54,225.92
24/04/2026,Cairns,ULP,166.45,16.64,183.09
24/04/2026,Cairns,E10,170.75,17.08,187.83
24/04/2026,Cairns,P95,179.23,17.92,197.15
24/04/2026,Cairns,P98,,,
24/04/2026,Cairns,DIS,201.54,20.15,221.69
24/04/2026,Cairns,PREDIS,203.35,20.34,223.69
24/04/2026,Port Alma,DIS,215.59,21.56,237.15
24/04/2026,Adelaide,ULP,158.30,15.83,174.13
24/04/2026,Adelaide,E10,156.87,15.69,172.56
24/04/2026,Adelaide,P95,171.13,17.11,188.24
24/04/2026,Adelaide,P98,184.99,18.50,203.49
24/04/2026,Adelaide,DIS,211.30,21.13,232.43
24/04/2026,Adelaide,PREDIS,213.12,21.31,234.43
24/04/2026,Perth,ULP,160.78,16.08,176.86
24/04/2026,Perth,E10,,,
24/04/2026,Perth,P95,175.16,17.52,192.67
24/04/2026,Perth,P98,189.41,18.94,208.35
24/04/2026,Perth,DIS,211.98,21.20,233.17
24/04/2026,Perth,PREDIS,213.79,21.38,235.17
24/04/2026,Darwin,ULP,164.82,16.48,181.31
24/04/2026,Darwin,E10,,,
24/04/2026,Darwin,P95,178.63,17.86,196.49
24/04/2026,Darwin,P98,,,
24/04/2026,Darwin,DIS,215.01,21.50,236.51
24/04/2026,Darwin,PREDIS,216.83,21.68,238.51
24/04/2026,Bell Bay,ULP,166.70,16.67,183.37
24/04/2026,Bell Bay,E10,167.04,16.70,183.75
24/04/2026,Bell Bay,P95,177.18,17.72,194.89
24/04/2026,Bell Bay,P98,181.23,18.12,199.35
24/04/2026,Bell Bay,DIS,220.07,22.01,242.08
24/04/2026,Bell Bay,PREDIS,221.89,22.19,244.08
24/04/2026,Broome,ULP,197.70,19.77,217.47
24/04/2026,Broome,E10,,,
24/04/2026,Broome,P95,211.18,21.12,232.30
24/04/2026,Broome,P98,,,
24/04/2026,Broome,DIS,223.81,22.38,246.19
25/04/2026,Hastings,ULP,161.94,16.19,178.13
25/04/2026,Hastings,E10,162.06,16.21,178.26
25/04/2026,Hastings,P95,177.17,17.72,194.88
25/04/2026,Hastings,P98,184.42,18.44,202.87
25/04/2026,Hastings,DIS,205.64,20.56,226.20
25/04/2026,Hastings,PREDIS,207.46,20.75,228.20
25/04/2026,Yarraville,ULP,164.38,16.44,180.82
25/04/2026,Yarraville,E10,162.11,16.21,178.32
25/04/2026,Yarraville,P95,177.84,17.78,195.63
25/04/2026,Yarraville,P98,184.47,18.45,202.92
25/04/2026,Yarraville,DIS,212.19,21.22,233.41
25/04/2026,Yarraville,PREDIS,214.01,21.40,235.41
25/04/2026,Sydney,ULP,161.21,16.12,177.33
25/04/2026,Sydney,E10,161.24,16.12,177.36
25/04/2026,Sydney,P95,177.77,17.78,195.55
25/04/2026,Sydney,P98,185.96,18.60,204.55
25/04/2026,Sydney,DIS,205.85,20.59,226.44
25/04/2026,Sydney,PREDIS,207.67,20.77,228.44
25/04/2026,Brisbane,ULP,163.37,16.34,179.71
25/04/2026,Brisbane,E10,163.39,16.34,179.73
25/04/2026,Brisbane,P95,175.27,17.53,192.80
25/04/2026,Brisbane,P98,188.62,18.86,207.48
25/04/2026,Brisbane,DIS,212.72,21.27,234.00
25/04/2026,Brisbane,PREDIS,214.54,21.45,236.00
25/04/2026,Brisbane,B5,216.37,21.64,238.01
25/04/2026,Gladstone,ULP,168.14,16.81,184.95
25/04/2026,Gladstone,E10,166.02,16.60,182.62
25/04/2026,Gladstone,P95,173.86,17.39,191.24
25/04/2026,Gladstone,P98,,,
25/04/2026,Gladstone,DIS,212.92,21.29,234.21
25/04/2026,Gladstone,PREDIS,214.73,21.47,236.21
25/04/2026,Mackay,ULP,168.11,16.81,184.93
25/04/2026,Mackay,E10,168.48,16.85,185.33
25/04/2026,Mackay,P95,174.96,17.50,192.46
25/04/2026,Mackay,P98,177.82,17.78,195.60
25/04/2026,Mackay,DIS,206.88,20.69,227.57
25/04/2026,Mackay,PREDIS,208.70,20.87,229.57
25/04/2026,Townsville,ULP,168.06,16.81,184.87
25/04/2026,Townsville,E10,169.06,16.91,185.97
25/04/2026,Townsville,P95,183.30,18.33,201.63
25/04/2026,Townsville,P98,200.54,20.05,220.59
25/04/2026,Townsville,DIS,200.91,20.09,221.00
25/04/2026,Townsville,PREDIS,202.73,20.27,223.00
25/04/2026,Cairns,ULP,166.66,16.67,183.33
25/04/2026,Cairns,E10,170.90,17.09,187.99
25/04/2026,Cairns,P95,179.37,17.94,197.31
25/04/2026,Cairns,P98,,,
25/04/2026,Cairns,DIS,198.88,19.89,218.77
25/04/2026,Cairns,PREDIS,200.70,20.07,220.77
25/04/2026,Port Alma,DIS,212.92,21.29,234.21
25/04/2026,Adelaide,ULP,158.50,15.85,174.35
25/04/2026,Adelaide,E10,157.07,15.71,172.78
25/04/2026,Adelaide,P95,171.26,17.13,188.39
25/04/2026,Adelaide,P98,185.12,18.51,203.63
25/04/2026,Adelaide,DIS,208.61,20.86,229.47
25/04/2026,Adelaide,PREDIS,210.43,21.04,231.47
25/04/2026,Perth,ULP,160.99,16.10,177.09
25/04/2026,Perth,E10,,,
25/04/2026,Perth,P95,175.29,17.53,192.82
25/04/2026,Perth,P98,189.53,18.95,208.48
25/04/2026,Perth,DIS,209.26,20.93,230.18
25/04/2026,Perth,PREDIS,211.08,21.11,232.18
25/04/2026,Darwin,ULP,165.00,16.50,181.50
25/04/2026,Darwin,E10,,,
25/04/2026,Darwin,P95,178.72,17.87,196.59
25/04/2026,Darwin,P98,,,
25/04/2026,Darwin,DIS,212.30,21.23,233.53
25/04/2026,Darwin,PREDIS,214.12,21.41,235.53
25/04/2026,Bell Bay,ULP,166.96,16.70,183.65
25/04/2026,Bell Bay,E10,167.30,16.73,184.03
25/04/2026,Bell Bay,P95,177.36,17.74,195.09
25/04/2026,Bell Bay,P98,181.40,18.14,199.54
25/04/2026,Bell Bay,DIS,217.45,21.74,239.19
25/04/2026,Bell Bay,PREDIS,219.26,21.93,241.19
25/04/2026,Broome,ULP,198.40,19.84,218.24
25/04/2026,Broome,E10,,,
25/04/2026,Broome,P95,211.81,21.18,232.99
25/04/2026,Broome,P98,,,
25/04/2026,Broome,DIS,221.21,22.12,243.34
28/04/2026,Hastings,ULP,162.71,16.27,178.98
28/04/2026,Hastings,E10,162.69,16.27,178.96
28/04/2026,Hastings,P95,178.05,17.81,195.86
28/04/2026,Hastings,P98,185.32,18.53,203.85
28/04/2026,Hastings,DIS,205.64,20.56,226.21
28/04/2026,Hastings,PREDIS,207.46,20.75,228.21
28/04/2026,Yarraville,ULP,165.24,16.52,181.77
28/04/2026,Yarraville,E10,162.89,16.29,179.18
28/04/2026,Yarraville,P95,178.72,17.87,196.60
28/04/2026,Yarraville,P98,185.35,18.54,203.89
28/04/2026,Yarraville,DIS,212.18,21.22,233.40
28/04/2026,Yarraville,PREDIS,214.00,21.40,235.40
28/04/2026,Sydney,ULP,161.98,16.20,178.18
28/04/2026,Sydney,E10,161.88,16.19,178.06
28/04/2026,Sydney,P95,178.66,17.87,196.53
28/04/2026,Sydney,P98,186.85,18.69,205.54
28/04/2026,Sydney,DIS,205.86,20.59,226.44
28/04/2026,Sydney,PREDIS,207.67,20.77,228.44
28/04/2026,Brisbane,ULP,164.03,16.40,180.43
28/04/2026,Brisbane,E10,164.05,16.40,180.45
28/04/2026,Brisbane,P95,176.03,17.60,193.63
28/04/2026,Brisbane,P98,189.40,18.94,208.34
28/04/2026,Brisbane,DIS,212.60,21.26,233.86
28/04/2026,Brisbane,PREDIS,214.41,21.44,235.86
28/04/2026,Brisbane,B5,216.25,21.62,237.87
28/04/2026,Gladstone,ULP,168.91,16.89,185.80
28/04/2026,Gladstone,E10,166.71,16.67,183.39
28/04/2026,Gladstone,P95,174.73,17.47,192.20
28/04/2026,Gladstone,P98,,,
28/04/2026,Gladstone,DIS,212.91,21.29,234.20
28/04/2026,Gladstone,PREDIS,214.73,21.47,236.20
28/04/2026,Mackay,ULP,168.88,16.89,185.77
28/04/2026,Mackay,E10,169.18,16.92,186.09
28/04/2026,Mackay,P95,175.85,17.59,193.44
28/04/2026,Mackay,P98,178.71,17.87,196.58
28/04/2026,Mackay,DIS,206.87,20.69,227.56
28/04/2026,Mackay,PREDIS,208.69,20.87,229.56
28/04/2026,Townsville,ULP,168.83,16.88,185.71
28/04/2026,Townsville,E10,169.83,16.98,186.81
28/04/2026,Townsville,P95,184.19,18.42,202.61
28/04/2026,Townsville,P98,201.43,20.14,221.57
28/04/2026,Townsville,DIS,200.90,20.09,221.00
28/04/2026,Townsville,PREDIS,202.72,20.27,223.00
28/04/2026,Cairns,ULP,167.43,16.74,184.17
28/04/2026,Cairns,E10,171.76,17.18,188.94
28/04/2026,Cairns,P95,180.24,18.02,198.26
28/04/2026,Cairns,P98,,,
28/04/2026,Cairns,DIS,198.87,19.89,218.76
28/04/2026,Cairns,PREDIS,200.69,20.07,220.76
28/04/2026,Port Alma,DIS,212.91,21.29,234.20
28/04/2026,Adelaide,ULP,159.26,15.93,175.18
28/04/2026,Adelaide,E10,157.69,15.77,173.46
28/04/2026,Adelaide,P95,172.13,17.21,189.34
28/04/2026,Adelaide,P98,186.00,18.60,204.60
28/04/2026,Adelaide,DIS,208.59,20.86,229.45
28/04/2026,Adelaide,PREDIS,210.41,21.04,231.45
28/04/2026,Perth,ULP,161.75,16.17,177.92
28/04/2026,Perth,E10,,,
28/04/2026,Perth,P95,176.16,17.62,193.77
28/04/2026,Perth,P98,190.41,19.04,209.45
28/04/2026,Perth,DIS,209.23,20.92,230.15
28/04/2026,Perth,PREDIS,211.04,21.10,232.15
28/04/2026,Darwin,ULP,165.75,16.57,182.32
28/04/2026,Darwin,E10,,,
28/04/2026,Darwin,P95,179.58,17.96,197.54
28/04/2026,Darwin,P98,,,
28/04/2026,Darwin,DIS,212.27,21.23,233.49
28/04/2026,Darwin,PREDIS,214.09,21.41,235.49
28/04/2026,Bell Bay,ULP,167.74,16.77,184.51
28/04/2026,Bell Bay,E10,167.95,16.79,184.74
28/04/2026,Bell Bay,P95,178.26,17.83,196.08
28/04/2026,Bell Bay,P98,182.30,18.23,200.53
28/04/2026,Bell Bay,DIS,217.46,21.75,239.21
28/04/2026,Bell Bay,PREDIS,219.28,21.93,241.21
28/04/2026,Broome,ULP,199.41,19.94,219.35
28/04/2026,Broome,E10,,,
28/04/2026,Broome,P95,212.93,21.29,234.22
28/04/2026,Broome,P98,,,
28/04/2026,Broome,DIS,221.25,22.12,243.37
29/04/2026,Hastings,ULP,163.73,16.37,180.10
29/04/2026,Hastings,E10,163.70,16.37,180.07
29/04/2026,Hastings,P95,179.59,17.96,197.55
29/04/2026,Hastings,P98,186.89,18.69,205.58
29/04/2026,Hastings,DIS,206.02,20.60,226.62
29/04/2026,Hastings,PREDIS,207.84,20.78,228.62
29/04/2026,Yarraville,ULP,166.71,16.67,183.38
29/04/2026,Yarraville,E10,164.21,16.42,180.63
29/04/2026,Yarraville,P95,180.28,18.03,198.31
29/04/2026,Yarraville,P98,186.91,18.69,205.61
29/04/2026,Yarraville,DIS,212.55,21.25,233.80
29/04/2026,Yarraville,PREDIS,214.37,21.44,235.80
29/04/2026,Sydney,ULP,163.00,16.30,179.30
29/04/2026,Sydney,E10,162.88,16.29,179.17
29/04/2026,Sydney,P95,180.20,18.02,198.22
29/04/2026,Sydney,P98,188.43,18.84,207.27
29/04/2026,Sydney,DIS,206.23,20.62,226.86
29/04/2026,Sydney,PREDIS,208.05,20.81,228.86
29/04/2026,Brisbane,ULP,165.01,16.50,181.51
29/04/2026,Brisbane,E10,165.03,16.50,181.54
29/04/2026,Brisbane,P95,177.48,17.75,195.22
29/04/2026,Brisbane,P98,190.94,19.09,210.04
29/04/2026,Brisbane,DIS,212.94,21.29,234.24
29/04/2026,Brisbane,PREDIS,214.76,21.48,236.24
29/04/2026,Brisbane,B5,216.59,21.66,238.25
29/04/2026,Gladstone,ULP,169.93,16.99,186.92
29/04/2026,Gladstone,E10,167.63,16.76,184.39
29/04/2026,Gladstone,P95,176.21,17.62,193.83
29/04/2026,Gladstone,P98,,,
29/04/2026,Gladstone,DIS,213.28,21.33,234.61
29/04/2026,Gladstone,PREDIS,215.10,21.51,236.61
29/04/2026,Mackay,ULP,169.90,16.99,186.89
29/04/2026,Mackay,E10,170.09,17.01,187.10
29/04/2026,Mackay,P95,177.42,17.74,195.16
29/04/2026,Mackay,P98,180.28,18.03,198.31
29/04/2026,Mackay,DIS,207.24,20.72,227.97
29/04/2026,Mackay,PREDIS,209.06,20.91,229.97
29/04/2026,Townsville,ULP,169.84,16.98,186.83
29/04/2026,Townsville,E10,170.84,17.08,187.93
29/04/2026,Townsville,P95,185.76,18.58,204.33
29/04/2026,Townsville,P98,203.00,20.30,223.30
29/04/2026,Townsville,DIS,201.27,20.13,221.40
29/04/2026,Townsville,PREDIS,203.09,20.31,223.40
29/04/2026,Cairns,ULP,168.44,16.84,185.28
29/04/2026,Cairns,E10,173.21,17.32,190.54
29/04/2026,Cairns,P95,181.71,18.17,199.88
29/04/2026,Cairns,P98,,,
29/04/2026,Cairns,DIS,199.24,19.92,219.16
29/04/2026,Cairns,PREDIS,201.06,20.11,221.16
29/04/2026,Port Alma,DIS,213.28,21.33,234.61
29/04/2026,Adelaide,ULP,160.26,16.03,176.29
29/04/2026,Adelaide,E10,158.69,15.87,174.56
29/04/2026,Adelaide,P95,173.60,17.36,190.96
29/04/2026,Adelaide,P98,187.57,18.76,206.32
29/04/2026,Adelaide,DIS,208.96,20.90,229.85
29/04/2026,Adelaide,PREDIS,210.78,21.08,231.85
29/04/2026,Perth,ULP,162.76,16.28,179.03
29/04/2026,Perth,E10,,,
29/04/2026,Perth,P95,177.63,17.76,195.39
29/04/2026,Perth,P98,191.98,19.20,211.17
29/04/2026,Perth,DIS,209.59,20.96,230.55
29/04/2026,Perth,PREDIS,211.41,21.14,232.55
29/04/2026,Darwin,ULP,166.75,16.67,183.42
29/04/2026,Darwin,E10,,,
29/04/2026,Darwin,P95,181.14,18.11,199.25
29/04/2026,Darwin,P98,,,
29/04/2026,Darwin,DIS,212.63,21.26,233.89
29/04/2026,Darwin,PREDIS,214.45,21.44,235.89
29/04/2026,Bell Bay,ULP,168.76,16.88,185.64
29/04/2026,Bell Bay,E10,168.96,16.90,185.86
29/04/2026,Bell Bay,P95,179.80,17.98,197.78
29/04/2026,Bell Bay,P98,183.88,18.39,202.27
29/04/2026,Bell Bay,DIS,217.85,21.79,239.64
29/04/2026,Bell Bay,PREDIS,219.67,21.97,241.64
29/04/2026,Broome,ULP,200.57,20.06,220.63
29/04/2026,Broome,E10,,,
29/04/2026,Broome,P95,214.54,21.45,236.00
29/04/2026,Broome,P98,,,
29/04/2026,Broome,DIS,221.65,22.16,243.81
30/04/2026,Hastings,ULP,164.16,16.42,180.58
30/04/2026,Hastings,E10,164.13,16.41,180.54
30/04/2026,Hastings,P95,179.88,17.99,197.87
30/04/2026,Hastings,P98,187.17,18.72,205.89
30/04/2026,Hastings,DIS,205.51,20.55,226.06
30/04/2026,Hastings,PREDIS,207.33,20.73,228.06
30/04/2026,Yarraville,ULP,167.03,16.70,183.73
30/04/2026,Yarraville,E10,164.50,16.45,180.95
30/04/2026,Yarraville,P95,180.58,18.06,198.63
30/04/2026,Yarraville,P98,187.20,18.72,205.92
30/04/2026,Yarraville,DIS,212.05,21.21,233.26
30/04/2026,Yarraville,PREDIS,213.87,21.39,235.26
30/04/2026,Sydney,ULP,163.44,16.34,179.78
30/04/2026,Sydney,E10,163.31,16.33,179.65
30/04/2026,Sydney,P95,180.49,18.05,198.54
30/04/2026,Sydney,P98,188.71,18.87,207.58
30/04/2026,Sydney,DIS,205.73,20.57,226.30
30/04/2026,Sydney,PREDIS,207.54,20.75,228.30
30/04/2026,Brisbane,ULP,165.52,16.55,182.08
30/04/2026,Brisbane,E10,165.54,16.55,182.10
30/04/2026,Brisbane,P95,177.86,17.79,195.64
30/04/2026,Brisbane,P98,191.30,19.13,210.43
30/04/2026,Brisbane,DIS,212.52,21.25,233.77
30/04/2026,Brisbane,PREDIS,214.34,21.43,235.77
30/04/2026,Brisbane,B5,216.17,21.62,237.78
30/04/2026,Gladstone,ULP,170.36,17.04,187.40
30/04/2026,Gladstone,E10,168.02,16.80,184.82
30/04/2026,Gladstone,P95,176.51,17.65,194.17
30/04/2026,Gladstone,P98,,,
30/04/2026,Gladstone,DIS,212.78,21.28,234.06
30/04/2026,Gladstone,PREDIS,214.60,21.46,236.06
30/04/2026,Mackay,ULP,170.34,17.03,187.37
30/04/2026,Mackay,E10,170.48,17.05,187.53
30/04/2026,Mackay,P95,177.70,17.77,195.48
30/04/2026,Mackay,P98,180.56,18.06,198.62
30/04/2026,Mackay,DIS,206.74,20.67,227.42
30/04/2026,Mackay,PREDIS,208.56,20.86,229.42
30/04/2026,Townsville,ULP,170.28,17.03,187.31
30/04/2026,Townsville,E10,171.28,17.13,188.41
30/04/2026,Townsville,P95,186.04,18.60,204.65
30/04/2026,Townsville,P98,203.28,20.33,223.61
30/04/2026,Townsville,DIS,200.78,20.08,220.85
30/04/2026,Townsville,PREDIS,202.59,20.26,222.85
30/04/2026,Cairns,ULP,168.88,16.89,185.77
30/04/2026,Cairns,E10,173.53,17.35,190.88
30/04/2026,Cairns,P95,182.02,18.20,200.22
30/04/2026,Cairns,P98,,,
30/04/2026,Cairns,DIS,198.75,19.87,218.62
30/04/2026,Cairns,PREDIS,200.56,20.06,220.62
30/04/2026,Port Alma,DIS,212.78,21.28,234.06
30/04/2026,Adelaide,ULP,160.71,16.07,176.78
30/04/2026,Adelaide,E10,159.13,15.91,175.05
30/04/2026,Adelaide,P95,173.91,17.39,191.30
30/04/2026,Adelaide,P98,187.85,18.79,206.64
30/04/2026,Adelaide,DIS,208.46,20.85,229.31
30/04/2026,Adelaide,PREDIS,210.28,21.03,231.31
30/04/2026,Perth,ULP,163.20,16.32,179.52
30/04/2026,Perth,E10,,,
30/04/2026,Perth,P95,177.94,17.79,195.74
30/04/2026,Perth,P98,192.26,19.23,211.49
30/04/2026,Perth,DIS,209.10,20.91,230.01
30/04/2026,Perth,PREDIS,210.92,21.09,232.01
30/04/2026,Darwin,ULP,167.20,16.72,183.92
30/04/2026,Darwin,E10,,,
30/04/2026,Darwin,P95,181.44,18.14,199.58
30/04/2026,Darwin,P98,,,
30/04/2026,Darwin,DIS,212.14,21.21,233.36
30/04/2026,Darwin,PREDIS,213.96,21.40,235.36
30/04/2026,Bell Bay,ULP,169.19,16.92,186.11
30/04/2026,Bell Bay,E10,169.39,16.94,186.32
30/04/2026,Bell Bay,P95,180.08,18.01,198.09
30/04/2026,Bell Bay,P98,184.16,18.42,202.57
30/04/2026,Bell Bay,DIS,217.33,21.73,239.07
30/04/2026,Bell Bay,PREDIS,219.15,21.92,241.07
30/04/2026,Broome,ULP,200.86,20.09,220.94
30/04/2026,Broome,E10,,,
30/04/2026,Broome,P95,214.70,21.47,236.17
30/04/2026,Broome,P98,,,
30/04/2026,Broome,DIS,221.12,22.11,243.23
1/05/2026,Hastings,ULP,162.39,16.24,178.63
1/05/2026,Hastings,E10,162.38,16.24,178.61
1/05/2026,Hastings,P95,176.74,17.67,194.41
1/05/2026,Hastings,P98,183.25,18.33,201.58
1/05/2026,Hastings,DIS,203.06,20.31,223.37
1/05/2026,Hastings,PREDIS,204.88,20.49,225.37
1/05/2026,Yarraville,ULP,163.41,16.34,179.75
1/05/2026,Yarraville,E10,161.51,16.15,177.66
1/05/2026,Yarraville,P95,174.88,17.49,192.37
1/05/2026,Yarraville,P98,181.94,18.19,200.14
1/05/2026,Yarraville,DIS,201.49,20.15,221.63
1/05/2026,Yarraville,PREDIS,203.30,20.33,223.63
1/05/2026,Sydney,ULP,161.67,16.17,177.83
1/05/2026,Sydney,E10,161.56,16.16,177.72
1/05/2026,Sydney,P95,177.35,17.74,195.09
1/05/2026,Sydney,P98,184.79,18.48,203.27
1/05/2026,Sydney,DIS,203.27,20.33,223.60
1/05/2026,Sydney,PREDIS,205.09,20.51,225.60
1/05/2026,Brisbane,ULP,159.16,15.92,175.07
1/05/2026,Brisbane,E10,159.18,15.92,175.09
1/05/2026,Brisbane,P95,168.38,16.84,185.22
1/05/2026,Brisbane,P98,183.98,18.40,202.38
1/05/2026,Brisbane,DIS,197.11,19.71,216.82
1/05/2026,Brisbane,PREDIS,198.93,19.89,218.82
1/05/2026,Brisbane,B5,200.76,20.08,220.83
1/05/2026,Gladstone,ULP,163.92,16.39,180.31
1/05/2026,Gladstone,E10,162.22,16.22,178.45
1/05/2026,Gladstone,P95,166.96,16.70,183.66
1/05/2026,Gladstone,P98,,,
1/05/2026,Gladstone,DIS,197.30,19.73,217.03
1/05/2026,Gladstone,PREDIS,199.12,19.91,219.03
1/05/2026,Mackay,ULP,164.43,16.44,180.87
1/05/2026,Mackay,E10,163.38,16.34,179.72
1/05/2026,Mackay,P95,169.35,16.94,186.29
1/05/2026,Mackay,P98,175.38,17.54,192.92
1/05/2026,Mackay,DIS,204.30,20.43,224.73
1/05/2026,Mackay,PREDIS,206.12,20.61,226.73
1/05/2026,Townsville,ULP,164.37,16.44,180.81
1/05/2026,Townsville,E10,165.37,16.54,181.91
1/05/2026,Townsville,P95,177.69,17.77,195.46
1/05/2026,Townsville,P98,198.10,19.81,217.91
1/05/2026,Townsville,DIS,200.27,20.03,220.29
1/05/2026,Townsville,PREDIS,202.09,20.21,222.29
1/05/2026,Cairns,ULP,162.45,16.24,178.69
1/05/2026,Cairns,E10,166.96,16.70,183.66
1/05/2026,Cairns,P95,172.48,17.25,189.73
1/05/2026,Cairns,P98,178.93,17.89,196.82
1/05/2026,Cairns,DIS,198.24,19.82,218.06
1/05/2026,Cairns,PREDIS,200.06,20.01,220.06
1/05/2026,Port Alma,DIS,197.30,19.73,217.03
1/05/2026,Adelaide,ULP,154.28,15.43,169.71
1/05/2026,Adelaide,E10,152.77,15.28,168.05
1/05/2026,Adelaide,P95,164.37,16.44,180.81
1/05/2026,Adelaide,P98,180.47,18.05,198.52
1/05/2026,Adelaide,DIS,192.99,19.30,212.29
1/05/2026,Adelaide,PREDIS,194.81,19.48,214.29
1/05/2026,Perth,ULP,156.51,15.65,172.16
1/05/2026,Perth,E10,,,
1/05/2026,Perth,P95,168.18,16.82,185.00
1/05/2026,Perth,P98,184.44,18.44,202.89
1/05/2026,Perth,DIS,193.51,19.35,212.86
1/05/2026,Perth,PREDIS,195.32,19.53,214.86
1/05/2026,Darwin,ULP,168.45,16.84,185.29
1/05/2026,Darwin,E10,,,
1/05/2026,Darwin,P95,182.44,18.24,200.69
1/05/2026,Darwin,P98,,,
1/05/2026,Darwin,DIS,213.75,21.37,235.12
1/05/2026,Darwin,PREDIS,215.57,21.56,237.12
1/05/2026,Bell Bay,ULP,170.41,17.04,187.45
1/05/2026,Bell Bay,E10,170.59,17.06,187.65
1/05/2026,Bell Bay,P95,181.07,18.11,199.18
1/05/2026,Bell Bay,P98,185.13,18.51,203.64
1/05/2026,Bell Bay,DIS,218.90,21.89,240.79
1/05/2026,Bell Bay,PREDIS,220.72,22.07,242.79
1/05/2026,Broome,ULP,194.20,19.42,213.62
1/05/2026,Broome,E10,,,
1/05/2026,Broome,P95,204.72,20.47,225.19
1/05/2026,Broome,P98,,,
1/05/2026,Broome,DIS,205.47,20.55,226.01
2/05/2026,Hastings,ULP,164.47,16.45,180.91
2/05/2026,Hastings,E10,164.43,16.44,180.88
2/05/2026,Hastings,P95,178.48,17.85,196.33
2/05/2026,Hastings,P98,184.98,18.50,203.47
2/05/2026,Hastings,DIS,206.39,20.64,227.03
2/05/2026,Hastings,PREDIS,208.21,20.82,229.03
2/05/2026,Yarraville,ULP,165.19,16.52,181.71
2/05/2026,Yarraville,E10,163.12,16.31,179.43
2/05/2026,Yarraville,P95,176.61,17.66,194.27
2/05/2026,Yarraville,P98,183.68,18.37,202.05
2/05/2026,Yarraville,DIS,204.83,20.48,225.31
2/05/2026,Yarraville,PREDIS,206.65,20.66,227.31
2/05/2026,Sydney,ULP,163.74,16.37,180.12
2/05/2026,Sydney,E10,163.62,16.36,179.98
2/05/2026,Sydney,P95,179.09,17.91,197.00
2/05/2026,Sydney,P98,186.51,18.65,205.16
2/05/2026,Sydney,DIS,206.60,20.66,227.27
2/05/2026,Sydney,PREDIS,208.42,20.84,229.27
2/05/2026,Brisbane,ULP,161.21,16.12,177.33
2/05/2026,Brisbane,E10,161.23,16.12,177.36
2/05/2026,Brisbane,P95,170.14,17.01,187.15
2/05/2026,Brisbane,P98,185.68,18.57,204.25
2/05/2026,Brisbane,DIS,200.42,20.04,220.46
2/05/2026,Brisbane,PREDIS,202.24,20.22,222.46
2/05/2026,Brisbane,B5,204.07,20.41,224.47
2/05/2026,Gladstone,ULP,165.99,16.60,182.59
2/05/2026,Gladstone,E10,164.09,16.41,180.50
2/05/2026,Gladstone,P95,168.74,16.87,185.61
2/05/2026,Gladstone,P98,,,
2/05/2026,Gladstone,DIS,200.64,20.06,220.70
2/05/2026,Gladstone,PREDIS,202.45,20.25,222.70
2/05/2026,Mackay,ULP,166.50,16.65,183.15
2/05/2026,Mackay,E10,165.25,16.52,181.77
2/05/2026,Mackay,P95,171.07,17.11,188.18
2/05/2026,Mackay,P98,177.10,17.71,194.81
2/05/2026,Mackay,DIS,207.65,20.76,228.41
2/05/2026,Mackay,PREDIS,209.47,20.95,230.41
2/05/2026,Townsville,ULP,166.45,16.65,183.10
2/05/2026,Townsville,E10,167.45,16.75,184.20
2/05/2026,Townsville,P95,179.41,17.94,197.35
2/05/2026,Townsville,P98,199.82,19.98,219.80
2/05/2026,Townsville,DIS,203.60,20.36,223.96
2/05/2026,Townsville,PREDIS,205.42,20.54,225.96
2/05/2026,Cairns,ULP,164.53,16.45,180.98
2/05/2026,Cairns,E10,168.73,16.87,185.60
2/05/2026,Cairns,P95,174.26,17.43,191.69
2/05/2026,Cairns,P98,180.66,18.07,198.72
2/05/2026,Cairns,DIS,201.58,20.16,221.73
2/05/2026,Cairns,PREDIS,203.39,20.34,223.73
2/05/2026,Port Alma,DIS,200.64,20.06,220.70
2/05/2026,Adelaide,ULP,156.37,15.64,172.01
2/05/2026,Adelaide,E10,154.83,15.48,170.32
2/05/2026,Adelaide,P95,166.16,16.62,182.77
2/05/2026,Adelaide,P98,182.20,18.22,200.42
2/05/2026,Adelaide,DIS,196.33,19.63,215.97
2/05/2026,Adelaide,PREDIS,198.15,19.82,217.97
2/05/2026,Perth,ULP,158.59,15.86,174.45
2/05/2026,Perth,E10,,,
2/05/2026,Perth,P95,169.97,17.00,186.96
2/05/2026,Perth,P98,186.17,18.62,204.79
2/05/2026,Perth,DIS,196.87,19.69,216.55
2/05/2026,Perth,PREDIS,198.68,19.87,218.55
2/05/2026,Darwin,ULP,170.56,17.06,187.61
2/05/2026,Darwin,E10,,,
2/05/2026,Darwin,P95,184.20,18.42,202.62
2/05/2026,Darwin,P98,,,
2/05/2026,Darwin,DIS,217.12,21.71,238.83
2/05/2026,Darwin,PREDIS,218.94,21.89,240.83
2/05/2026,Bell Bay,ULP,172.48,17.25,189.72
2/05/2026,Bell Bay,E10,172.64,17.26,189.90
2/05/2026,Bell Bay,P95,182.81,18.28,201.09
2/05/2026,Bell Bay,P98,186.84,18.68,205.53
2/05/2026,Bell Bay,DIS,222.23,22.22,244.45
2/05/2026,Bell Bay,PREDIS,224.05,22.40,246.45
2/05/2026,Broome,ULP,196.05,19.61,215.66
2/05/2026,Broome,E10,,,
2/05/2026,Broome,P95,206.27,20.63,226.89
2/05/2026,Broome,P98,,,
2/05/2026,Broome,DIS,208.77,20.88,229.64
5/05/2026,Hastings,ULP,160.02,16.00,176.03
5/05/2026,Hastings,E10,160.06,16.01,176.06
5/05/2026,Hastings,P95,174.14,17.41,191.55
5/05/2026,Hastings,P98,180.70,18.07,198.77
5/05/2026,Hastings,DIS,198.54,19.85,218.40
5/05/2026,Hastings,PREDIS,200.36,20.04,220.40
5/05/2026,Yarraville,ULP,165.09,16.51,181.59
5/05/2026,Yarraville,E10,163.03,16.30,179.33
5/05/2026,Yarraville,P95,176.50,17.65,194.15
5/05/2026,Yarraville,P98,183.56,18.36,201.92
5/05/2026,Yarraville,DIS,204.69,20.47,225.16
5/05/2026,Yarraville,PREDIS,206.51,20.65,227.16
5/05/2026,Sydney,ULP,159.30,15.93,175.23
5/05/2026,Sydney,E10,159.24,15.92,175.16
5/05/2026,Sydney,P95,174.75,17.47,192.22
5/05/2026,Sydney,P98,182.23,18.22,200.45
5/05/2026,Sydney,DIS,198.76,19.88,218.63
5/05/2026,Sydney,PREDIS,200.58,20.06,220.63
5/05/2026,Brisbane,ULP,161.72,16.17,177.90
5/05/2026,Brisbane,E10,161.74,16.17,177.92
5/05/2026,Brisbane,P95,174.43,17.44,191.88
5/05/2026,Brisbane,P98,187.77,18.78,206.55
5/05/2026,Brisbane,DIS,195.35,19.54,214.89
5/05/2026,Brisbane,PREDIS,197.17,19.72,216.89
5/05/2026,Brisbane,B5,199.00,19.90,218.90
5/05/2026,Gladstone,ULP,166.51,16.65,183.16
5/05/2026,Gladstone,E10,164.55,16.46,181.01
5/05/2026,Gladstone,P95,173.03,17.30,190.34
5/05/2026,Gladstone,P98,,,
5/05/2026,Gladstone,DIS,195.57,19.56,215.13
5/05/2026,Gladstone,PREDIS,197.39,19.74,217.13
5/05/2026,Mackay,ULP,167.02,16.70,183.72
5/05/2026,Mackay,E10,165.71,16.57,182.28
5/05/2026,Mackay,P95,175.37,17.54,192.90
5/05/2026,Mackay,P98,179.19,17.92,197.11
5/05/2026,Mackay,DIS,199.80,19.98,219.78
5/05/2026,Mackay,PREDIS,201.62,20.16,221.78
5/05/2026,Townsville,ULP,166.96,16.70,183.66
5/05/2026,Townsville,E10,167.96,16.80,184.76
5/05/2026,Townsville,P95,183.70,18.37,202.07
5/05/2026,Townsville,P98,201.91,20.19,222.10
5/05/2026,Townsville,DIS,198.54,19.85,218.39
5/05/2026,Townsville,PREDIS,200.36,20.04,220.39
5/05/2026,Cairns,ULP,165.04,16.50,181.54
5/05/2026,Cairns,E10,169.23,16.92,186.15
5/05/2026,Cairns,P95,178.56,17.86,196.41
5/05/2026,Cairns,P98,182.75,18.27,201.02
5/05/2026,Cairns,DIS,196.51,19.65,216.16
5/05/2026,Cairns,PREDIS,198.33,19.83,218.16
5/05/2026,Port Alma,DIS,195.57,19.56,215.13
5/05/2026,Adelaide,ULP,156.88,15.69,172.57
5/05/2026,Adelaide,E10,155.37,15.54,170.91
5/05/2026,Adelaide,P95,170.45,17.05,187.50
5/05/2026,Adelaide,P98,184.29,18.43,202.72
5/05/2026,Adelaide,DIS,191.27,19.13,210.40
5/05/2026,Adelaide,PREDIS,193.09,19.31,212.40
5/05/2026,Perth,ULP,159.11,15.91,175.02
5/05/2026,Perth,E10,,,
5/05/2026,Perth,P95,174.26,17.43,191.69
5/05/2026,Perth,P98,188.26,18.83,207.09
5/05/2026,Perth,DIS,191.80,19.18,210.98
5/05/2026,Perth,PREDIS,193.62,19.36,212.98
5/05/2026,Darwin,ULP,163.90,16.39,180.29
5/05/2026,Darwin,E10,,,
5/05/2026,Darwin,P95,174.71,17.47,192.18
5/05/2026,Darwin,P98,,,
5/05/2026,Darwin,DIS,197.97,19.80,217.77
5/05/2026,Darwin,PREDIS,199.79,19.98,219.77
5/05/2026,Bell Bay,ULP,166.12,16.61,182.74
5/05/2026,Bell Bay,E10,166.37,16.64,183.01
5/05/2026,Bell Bay,P95,174.75,17.48,192.23
5/05/2026,Bell Bay,P98,177.66,17.77,195.42
5/05/2026,Bell Bay,DIS,203.38,20.34,223.72
5/05/2026,Bell Bay,PREDIS,205.20,20.52,225.72
5/05/2026,Broome,ULP,196.54,19.65,216.19
5/05/2026,Broome,E10,,,
5/05/2026,Broome,P95,210.54,21.05,231.59
5/05/2026,Broome,P98,,,
5/05/2026,Broome,DIS,203.70,20.37,224.07
6/05/2026,Hastings,ULP,160.67,16.07,176.74
6/05/2026,Hastings,E10,160.70,16.07,176.77
6/05/2026,Hastings,P95,174.45,17.45,191.90
6/05/2026,Hastings,P98,180.99,18.10,199.08
6/05/2026,Hastings,DIS,197.48,19.75,217.23
6/05/2026,Hastings,PREDIS,199.30,19.93,219.23
6/05/2026,Yarraville,ULP,165.46,16.55,182.00
6/05/2026,Yarraville,E10,163.37,16.34,179.70
6/05/2026,Yarraville,P95,176.81,17.68,194.49
6/05/2026,Yarraville,P98,183.87,18.39,202.26
6/05/2026,Yarraville,DIS,203.65,20.37,224.02
6/05/2026,Yarraville,PREDIS,205.47,20.55,226.02
6/05/2026,Sydney,ULP,159.94,15.99,175.94
6/05/2026,Sydney,E10,159.88,15.99,175.87
6/05/2026,Sydney,P95,175.06,17.51,192.57
6/05/2026,Sydney,P98,182.52,18.25,200.77
6/05/2026,Sydney,DIS,197.70,19.77,217.47
6/05/2026,Sydney,PREDIS,199.52,19.95,219.47
6/05/2026,Brisbane,ULP,162.34,16.23,178.58
6/05/2026,Brisbane,E10,162.36,16.24,178.60
6/05/2026,Brisbane,P95,174.75,17.48,192.23
6/05/2026,Brisbane,P98,188.03,18.80,206.83
6/05/2026,Brisbane,DIS,194.27,19.43,213.70
6/05/2026,Brisbane,PREDIS,196.09,19.61,215.70
6/05/2026,Brisbane,B5,197.92,19.79,217.71
6/05/2026,Gladstone,ULP,167.15,16.72,183.87
6/05/2026,Gladstone,E10,165.13,16.51,181.65
6/05/2026,Gladstone,P95,173.38,17.34,190.72
6/05/2026,Gladstone,P98,,,
6/05/2026,Gladstone,DIS,194.53,19.45,213.98
6/05/2026,Gladstone,PREDIS,196.35,19.63,215.98
6/05/2026,Mackay,ULP,167.67,16.77,184.43
6/05/2026,Mackay,E10,166.30,16.63,182.92
6/05/2026,Mackay,P95,175.66,17.57,193.23
6/05/2026,Mackay,P98,179.48,17.95,197.43
6/05/2026,Mackay,DIS,198.76,19.88,218.63
6/05/2026,Mackay,PREDIS,200.58,20.06,220.63
6/05/2026,Townsville,ULP,167.61,16.76,184.37
6/05/2026,Townsville,E10,168.61,16.86,185.47
6/05/2026,Townsville,P95,184.00,18.40,202.40
6/05/2026,Townsville,P98,202.20,20.22,222.42
6/05/2026,Townsville,DIS,197.49,19.75,217.24
6/05/2026,Townsville,PREDIS,199.31,19.93,219.24
6/05/2026,Cairns,ULP,165.70,16.57,182.27
6/05/2026,Cairns,E10,169.59,16.96,186.55
6/05/2026,Cairns,P95,178.91,17.89,196.81
6/05/2026,Cairns,P98,183.04,18.30,201.35
6/05/2026,Cairns,DIS,195.47,19.55,215.01
6/05/2026,Cairns,PREDIS,197.29,19.73,217.01
6/05/2026,Port Alma,DIS,194.53,19.45,213.98
6/05/2026,Adelaide,ULP,157.55,15.75,173.30
6/05/2026,Adelaide,E10,156.02,15.60,171.63
6/05/2026,Adelaide,P95,170.81,17.08,187.89
6/05/2026,Adelaide,P98,184.59,18.46,203.05
6/05/2026,Adelaide,DIS,190.24,19.02,209.26
6/05/2026,Adelaide,PREDIS,192.06,19.21,211.26
6/05/2026,Perth,ULP,159.76,15.98,175.74
6/05/2026,Perth,E10,,,
6/05/2026,Perth,P95,174.62,17.46,192.09
6/05/2026,Perth,P98,188.56,18.86,207.42
6/05/2026,Perth,DIS,190.78,19.08,209.86
6/05/2026,Perth,PREDIS,192.60,19.26,211.86
6/05/2026,Darwin,ULP,164.57,16.46,181.03
6/05/2026,Darwin,E10,,,
6/05/2026,Darwin,P95,175.03,17.50,192.53
6/05/2026,Darwin,P98,,,
6/05/2026,Darwin,DIS,196.94,19.69,216.64
6/05/2026,Darwin,PREDIS,198.76,19.88,218.64
6/05/2026,Bell Bay,ULP,166.76,16.68,183.43
6/05/2026,Bell Bay,E10,167.00,16.70,183.70
6/05/2026,Bell Bay,P95,175.06,17.51,192.56
6/05/2026,Bell Bay,P98,177.94,17.79,195.73
6/05/2026,Bell Bay,DIS,202.31,20.23,222.54
6/05/2026,Bell Bay,PREDIS,204.13,20.41,224.54
6/05/2026,Broome,ULP,196.94,19.69,216.64
6/05/2026,Broome,E10,,,
6/05/2026,Broome,P95,210.64,21.06,231.70
6/05/2026,Broome,P98,,,
6/05/2026,Broome,DIS,202.61,20.26,222.87
8/05/2026,Hastings,ULP,162.74,16.27,179.02
8/05/2026,Hastings,E10,162.75,16.27,179.02
8/05/2026,Hastings,P95,175.17,17.52,192.68
8/05/2026,Hastings,P98,181.60,18.16,199.76
8/05/2026,Hastings,DIS,193.77,19.38,213.14
8/05/2026,Hastings,PREDIS,195.77,19.58,215.34
8/05/2026,Yarraville,ULP,166.36,16.64,183.00
8/05/2026,Yarraville,E10,164.18,16.42,180.60
8/05/2026,Yarraville,P95,177.46,17.75,195.21
8/05/2026,Yarraville,P98,184.51,18.45,202.96
8/05/2026,Yarraville,DIS,199.97,20.00,219.97
8/05/2026,Yarraville,PREDIS,201.97,20.20,222.17
8/05/2026,Sydney,ULP,162.02,16.20,178.22
8/05/2026,Sydney,E10,161.93,16.19,178.13
8/05/2026,Sydney,P95,175.77,17.58,193.35
8/05/2026,Sydney,P98,183.13,18.31,201.44
8/05/2026,Sydney,DIS,193.98,19.40,213.38
8/05/2026,Sydney,PREDIS,195.98,19.60,215.58
8/05/2026,Brisbane,ULP,164.33,16.43,180.77
8/05/2026,Brisbane,E10,164.35,16.44,180.79
8/05/2026,Brisbane,P95,175.52,17.55,193.07
8/05/2026,Brisbane,P98,188.55,18.85,207.40
8/05/2026,Brisbane,DIS,190.47,19.05,209.51
8/05/2026,Brisbane,PREDIS,192.47,19.25,211.71
8/05/2026,Brisbane,B5,194.12,19.41,213.53
8/05/2026,Gladstone,ULP,169.23,16.92,186.15
8/05/2026,Gladstone,E10,167.00,16.70,183.70
8/05/2026,Gladstone,P95,174.24,17.42,191.66
8/05/2026,Gladstone,P98,,,
8/05/2026,Gladstone,DIS,190.84,19.08,209.93
8/05/2026,Gladstone,PREDIS,192.84,19.28,212.13
8/05/2026,Mackay,ULP,169.75,16.97,186.72
8/05/2026,Mackay,E10,168.17,16.82,184.99
8/05/2026,Mackay,P95,176.28,17.63,193.91
8/05/2026,Mackay,P98,180.10,18.01,198.10
8/05/2026,Mackay,DIS,195.07,19.51,214.58
8/05/2026,Mackay,PREDIS,197.07,19.71,216.78
8/05/2026,Townsville,ULP,169.70,16.97,186.67
8/05/2026,Townsville,E10,170.70,17.07,187.77
8/05/2026,Townsville,P95,184.62,18.46,203.08
8/05/2026,Townsville,P98,202.81,20.28,223.09
8/05/2026,Townsville,DIS,193.80,19.38,213.18
8/05/2026,Townsville,PREDIS,195.80,19.58,215.38
8/05/2026,Cairns,ULP,167.79,16.78,184.57
8/05/2026,Cairns,E10,170.47,17.05,187.51
8/05/2026,Cairns,P95,179.79,17.98,197.77
8/05/2026,Cairns,P98,183.67,18.37,202.03
8/05/2026,Cairns,DIS,191.78,19.18,210.96
8/05/2026,Cairns,PREDIS,193.78,19.38,213.16
8/05/2026,Port Alma,DIS,190.84,19.08,209.93
8/05/2026,Adelaide,ULP,159.65,15.96,175.61
8/05/2026,Adelaide,E10,158.11,15.81,173.92
8/05/2026,Adelaide,P95,171.69,17.17,188.86
8/05/2026,Adelaide,P98,185.22,18.52,203.74
8/05/2026,Adelaide,DIS,186.57,18.66,205.23
8/05/2026,Adelaide,PREDIS,188.57,18.86,207.43
8/05/2026,Perth,ULP,161.86,16.19,178.05
8/05/2026,Perth,E10,,,
8/05/2026,Perth,P95,175.50,17.55,193.05
8/05/2026,Perth,P98,189.19,18.92,208.11
8/05/2026,Perth,DIS,187.14,18.71,205.86
8/05/2026,Perth,PREDIS,189.14,18.91,208.06
8/05/2026,Darwin,ULP,166.70,16.67,183.37
8/05/2026,Darwin,E10,,,
8/05/2026,Darwin,P95,175.70,17.57,193.27
8/05/2026,Darwin,P98,,,
8/05/2026,Darwin,DIS,193.29,19.33,212.62
8/05/2026,Darwin,PREDIS,195.29,19.53,214.82
8/05/2026,Bell Bay,ULP,168.81,16.88,185.69
8/05/2026,Bell Bay,E10,169.03,16.90,185.94
8/05/2026,Bell Bay,P95,175.75,17.58,193.33
8/05/2026,Bell Bay,P98,178.53,17.85,196.38
8/05/2026,Bell Bay,DIS,198.57,19.86,218.42
8/05/2026,Bell Bay,PREDIS,200.57,20.06,220.62
8/05/2026,Broome,ULP,198.57,19.86,218.42
8/05/2026,Broome,E10,,,
8/05/2026,Broome,P95,211.04,21.10,232.15
8/05/2026,Broome,P98,,,
8/05/2026,Broome,DIS,198.85,19.89,218.74
9/05/2026,Hastings,ULP,162.31,16.23,178.54
9/05/2026,Hastings,E10,162.32,16.23,178.55
9/05/2026,Hastings,P95,174.22,17.42,191.64
9/05/2026,Hastings,P98,180.61,18.06,198.67
9/05/2026,Hastings,DIS,190.43,19.04,209.48
9/05/2026,Hastings,PREDIS,192.43,19.24,211.68
9/05/2026,Yarraville,ULP,162.50,16.25,178.75
9/05/2026,Yarraville,E10,160.40,16.04,176.44
9/05/2026,Yarraville,P95,173.50,17.35,190.85
9/05/2026,Yarraville,P98,180.54,18.05,198.60
9/05/2026,Yarraville,DIS,191.66,19.17,210.83
9/05/2026,Yarraville,PREDIS,193.66,19.37,213.03
9/05/2026,Sydney,ULP,161.58,16.16,177.74
9/05/2026,Sydney,E10,161.50,16.15,177.65
9/05/2026,Sydney,P95,174.83,17.48,192.31
9/05/2026,Sydney,P98,182.15,18.21,200.36
9/05/2026,Sydney,DIS,190.65,19.06,209.71
9/05/2026,Sydney,PREDIS,192.65,19.26,211.91
9/05/2026,Brisbane,ULP,163.86,16.39,180.24
9/05/2026,Brisbane,E10,163.88,16.39,180.27
9/05/2026,Brisbane,P95,174.58,17.46,192.04
9/05/2026,Brisbane,P98,187.52,18.75,206.27
9/05/2026,Brisbane,DIS,187.09,18.71,205.80
9/05/2026,Brisbane,PREDIS,189.09,18.91,208.00
9/05/2026,Brisbane,B5,190.74,19.07,209.81
9/05/2026,Gladstone,ULP,168.80,16.88,185.68
9/05/2026,Gladstone,E10,166.61,16.66,183.27
9/05/2026,Gladstone,P95,173.34,17.33,190.68
9/05/2026,Gladstone,P98,,,
9/05/2026,Gladstone,DIS,187.53,18.75,206.28
9/05/2026,Gladstone,PREDIS,189.53,18.95,208.48
9/05/2026,Mackay,ULP,169.32,16.93,186.25
9/05/2026,Mackay,E10,167.79,16.78,184.56
9/05/2026,Mackay,P95,175.30,17.53,192.83
9/05/2026,Mackay,P98,179.11,17.91,197.02
9/05/2026,Mackay,DIS,191.76,19.18,210.93
9/05/2026,Mackay,PREDIS,193.76,19.38,213.13
9/05/2026,Townsville,ULP,169.27,16.93,186.20
9/05/2026,Townsville,E10,170.27,17.03,187.30
9/05/2026,Townsville,P95,183.64,18.36,202.00
9/05/2026,Townsville,P98,201.83,20.18,222.01
9/05/2026,Townsville,DIS,190.49,19.05,209.54
9/05/2026,Townsville,PREDIS,192.49,19.25,211.74
9/05/2026,Cairns,ULP,167.37,16.74,184.11
9/05/2026,Cairns,E10,169.60,16.96,186.56
9/05/2026,Cairns,P95,178.91,17.89,196.80
9/05/2026,Cairns,P98,182.69,18.27,200.96
9/05/2026,Cairns,DIS,188.47,18.85,207.31
9/05/2026,Cairns,PREDIS,190.47,19.05,209.51
9/05/2026,Port Alma,DIS,187.53,18.75,206.28
9/05/2026,Adelaide,ULP,159.24,15.92,175.16
9/05/2026,Adelaide,E10,157.70,15.77,173.47
9/05/2026,Adelaide,P95,170.81,17.08,187.89
9/05/2026,Adelaide,P98,184.25,18.42,202.67
9/05/2026,Adelaide,DIS,183.27,18.33,201.60
9/05/2026,Adelaide,PREDIS,185.27,18.53,203.80
9/05/2026,Perth,ULP,161.45,16.14,177.59
9/05/2026,Perth,E10,,,
9/05/2026,Perth,P95,174.62,17.46,192.09
9/05/2026,Perth,P98,188.22,18.82,207.04
9/05/2026,Perth,DIS,183.86,18.39,202.25
9/05/2026,Perth,PREDIS,185.86,18.59,204.45
9/05/2026,Darwin,ULP,166.30,16.63,182.93
9/05/2026,Darwin,E10,,,
9/05/2026,Darwin,P95,174.75,17.48,192.23
9/05/2026,Darwin,P98,,,
9/05/2026,Darwin,DIS,190.00,19.00,209.00
9/05/2026,Darwin,PREDIS,192.00,19.20,211.20
9/05/2026,Bell Bay,ULP,168.36,16.84,185.20
9/05/2026,Bell Bay,E10,168.59,16.86,185.45
9/05/2026,Bell Bay,P95,174.79,17.48,192.27
9/05/2026,Bell Bay,P98,177.52,17.75,195.28
9/05/2026,Bell Bay,DIS,195.22,19.52,214.74
9/05/2026,Bell Bay,PREDIS,197.22,19.72,216.94
9/05/2026,Broome,ULP,197.81,19.78,217.59
9/05/2026,Broome,E10,,,
9/05/2026,Broome,P95,209.82,20.98,230.81
9/05/2026,Broome,P98,,,
9/05/2026,Broome,DIS,195.48,19.55,215.03
12/05/2026,Hastings,ULP,161.72,16.17,177.90
12/05/2026,Hastings,E10,161.76,16.18,177.93
12/05/2026,Hastings,P95,173.19,17.32,190.51
12/05/2026,Hastings,P98,177.05,17.71,194.76
12/05/2026,Hastings,DIS,188.53,18.85,207.38
12/05/2026,Hastings,PREDIS,190.53,19.05,209.58
12/05/2026,Yarraville,ULP,161.54,16.15,177.70
12/05/2026,Yarraville,E10,159.54,15.95,175.49
12/05/2026,Yarraville,P95,172.47,17.25,189.71
12/05/2026,Yarraville,P98,179.51,17.95,197.46
12/05/2026,Yarraville,DIS,189.78,18.98,208.75
12/05/2026,Yarraville,PREDIS,191.78,19.18,210.95
12/05/2026,Sydney,ULP,161.00,16.10,177.10
12/05/2026,Sydney,E10,160.94,16.09,177.04
12/05/2026,Sydney,P95,173.80,17.38,191.18
12/05/2026,Sydney,P98,181.09,18.11,199.20
12/05/2026,Sydney,DIS,188.74,18.87,207.61
12/05/2026,Sydney,PREDIS,190.74,19.07,209.81
12/05/2026,Brisbane,ULP,163.21,16.32,179.54
12/05/2026,Brisbane,E10,163.23,16.32,179.56
12/05/2026,Brisbane,P95,173.55,17.35,190.90
12/05/2026,Brisbane,P98,186.40,18.64,205.04
12/05/2026,Brisbane,DIS,185.12,18.51,203.63
12/05/2026,Brisbane,PREDIS,187.12,18.71,205.83
12/05/2026,Brisbane,B5,188.77,18.88,207.65
12/05/2026,Gladstone,ULP,168.21,16.82,185.03
12/05/2026,Gladstone,E10,166.09,16.61,182.70
12/05/2026,Gladstone,P95,172.36,17.24,189.60
12/05/2026,Gladstone,P98,,,
12/05/2026,Gladstone,DIS,185.64,18.56,204.20
12/05/2026,Gladstone,PREDIS,187.64,18.76,206.40
12/05/2026,Mackay,ULP,168.74,16.87,185.62
12/05/2026,Mackay,E10,167.26,16.73,183.99
12/05/2026,Mackay,P95,174.25,17.42,191.67
12/05/2026,Mackay,P98,178.06,17.81,195.86
12/05/2026,Mackay,DIS,189.87,18.99,208.85
12/05/2026,Mackay,PREDIS,191.87,19.19,211.05
12/05/2026,Townsville,ULP,168.69,16.87,185.56
12/05/2026,Townsville,E10,169.69,16.97,186.66
12/05/2026,Townsville,P95,182.59,18.26,200.84
12/05/2026,Townsville,P98,200.78,20.08,220.85
12/05/2026,Townsville,DIS,188.60,18.86,207.46
12/05/2026,Townsville,PREDIS,190.60,19.06,209.66
12/05/2026,Cairns,ULP,166.80,16.68,183.48
12/05/2026,Cairns,E10,168.65,16.86,185.51
12/05/2026,Cairns,P95,177.94,17.79,195.73
12/05/2026,Cairns,P98,181.64,18.16,199.81
12/05/2026,Cairns,DIS,186.58,18.66,205.24
12/05/2026,Cairns,PREDIS,188.58,18.86,207.44
12/05/2026,Port Alma,DIS,185.64,18.56,204.20
12/05/2026,Adelaide,ULP,158.67,15.87,174.54
12/05/2026,Adelaide,E10,157.16,15.72,172.87
12/05/2026,Adelaide,P95,169.85,16.98,186.83
12/05/2026,Adelaide,P98,183.20,18.32,201.52
12/05/2026,Adelaide,DIS,181.39,18.14,199.53
12/05/2026,Adelaide,PREDIS,183.39,18.34,201.73
12/05/2026,Perth,ULP,160.88,16.09,176.97
12/05/2026,Perth,E10,,,
12/05/2026,Perth,P95,173.66,17.37,191.03
12/05/2026,Perth,P98,187.18,18.72,205.89
12/05/2026,Perth,DIS,182.00,18.20,200.20
12/05/2026,Perth,PREDIS,184.00,18.40,202.40
12/05/2026,Darwin,ULP,165.75,16.58,182.33
12/05/2026,Darwin,E10,,,
12/05/2026,Darwin,P95,173.73,17.37,191.10
12/05/2026,Darwin,P98,,,
12/05/2026,Darwin,DIS,188.13,18.81,206.95
12/05/2026,Darwin,PREDIS,190.13,19.01,209.15
12/05/2026,Bell Bay,ULP,167.76,16.78,184.54
12/05/2026,Bell Bay,E10,168.01,16.80,184.81
12/05/2026,Bell Bay,P95,173.75,17.37,191.12
12/05/2026,Bell Bay,P98,176.45,17.65,194.10
12/05/2026,Bell Bay,DIS,193.29,19.33,212.62
12/05/2026,Bell Bay,PREDIS,195.29,19.53,214.82
12/05/2026,Broome,ULP,196.92,19.69,216.62
12/05/2026,Broome,E10,,,
12/05/2026,Broome,P95,208.54,20.85,229.40
12/05/2026,Broome,P98,,,
12/05/2026,Broome,DIS,193.54,19.35,212.90
13/05/2026,Hastings,ULP,161.10,16.11,177.21
13/05/2026,Hastings,E10,161.14,16.11,177.25
13/05/2026,Hastings,P95,172.33,17.23,189.57
13/05/2026,Hastings,P98,176.17,17.62,193.79
13/05/2026,Hastings,DIS,186.38,18.64,205.01
13/05/2026,Hastings,PREDIS,188.38,18.84,207.21
13/05/2026,Yarraville,ULP,160.74,16.07,176.82
13/05/2026,Yarraville,E10,158.82,15.88,174.70
13/05/2026,Yarraville,P95,171.61,17.16,188.78
13/05/2026,Yarraville,P98,178.65,17.86,196.51
13/05/2026,Yarraville,DIS,187.65,18.77,206.42
13/05/2026,Yarraville,PREDIS,189.65,18.97,208.62
13/05/2026,Sydney,ULP,160.37,16.04,176.41
13/05/2026,Sydney,E10,160.32,16.03,176.36
13/05/2026,Sydney,P95,172.94,17.29,190.24
13/05/2026,Sydney,P98,180.21,18.02,198.23
13/05/2026,Sydney,DIS,186.59,18.66,205.25
13/05/2026,Sydney,PREDIS,188.59,18.86,207.45
13/05/2026,Brisbane,ULP,162.54,16.25,178.80
13/05/2026,Brisbane,E10,162.56,16.26,178.82
13/05/2026,Brisbane,P95,172.66,17.27,189.92
13/05/2026,Brisbane,P98,185.46,18.55,204.01
13/05/2026,Brisbane,DIS,182.92,18.29,201.22
13/05/2026,Brisbane,PREDIS,184.92,18.49,203.42
13/05/2026,Brisbane,B5,186.57,18.66,205.23
13/05/2026,Gladstone,ULP,167.59,16.76,184.35
13/05/2026,Gladstone,E10,165.53,16.55,182.08
13/05/2026,Gladstone,P95,171.52,17.15,188.68
13/05/2026,Gladstone,P98,,,
13/05/2026,Gladstone,DIS,183.51,18.35,201.87
13/05/2026,Gladstone,PREDIS,185.51,18.55,204.07
13/05/2026,Mackay,ULP,168.13,16.81,184.94
13/05/2026,Mackay,E10,166.71,16.67,183.38
13/05/2026,Mackay,P95,173.37,17.34,190.71
13/05/2026,Mackay,P98,177.18,17.72,194.89
13/05/2026,Mackay,DIS,187.74,18.77,206.51
13/05/2026,Mackay,PREDIS,189.74,18.97,208.71
13/05/2026,Townsville,ULP,168.07,16.81,184.88
13/05/2026,Townsville,E10,169.07,16.91,185.98
13/05/2026,Townsville,P95,181.71,18.17,199.88
13/05/2026,Townsville,P98,199.89,19.99,219.88
13/05/2026,Townsville,DIS,186.47,18.65,205.11
13/05/2026,Townsville,PREDIS,188.47,18.85,207.31
13/05/2026,Cairns,ULP,166.19,16.62,182.81
13/05/2026,Cairns,E10,167.84,16.78,184.63
13/05/2026,Cairns,P95,177.11,17.71,194.82
13/05/2026,Cairns,P98,180.77,18.08,198.85
13/05/2026,Cairns,DIS,184.45,18.45,202.90
13/05/2026,Cairns,PREDIS,186.45,18.65,205.10
13/05/2026,Port Alma,DIS,183.51,18.35,201.87
13/05/2026,Adelaide,ULP,158.07,15.81,173.88
13/05/2026,Adelaide,E10,156.56,15.66,172.22
13/05/2026,Adelaide,P95,169.02,16.90,185.93
13/05/2026,Adelaide,P98,182.33,18.23,200.56
13/05/2026,Adelaide,DIS,179.28,17.93,197.21
13/05/2026,Adelaide,PREDIS,181.28,18.13,199.41
13/05/2026,Perth,ULP,160.28,16.03,176.30
13/05/2026,Perth,E10,,,
13/05/2026,Perth,P95,172.84,17.28,190.12
13/05/2026,Perth,P98,186.31,18.63,204.94
13/05/2026,Perth,DIS,179.91,17.99,197.90
13/05/2026,Perth,PREDIS,181.91,18.19,200.10
13/05/2026,Darwin,ULP,165.17,16.52,181.69
13/05/2026,Darwin,E10,,,
13/05/2026,Darwin,P95,172.89,17.29,190.18
13/05/2026,Darwin,P98,,,
13/05/2026,Darwin,DIS,186.03,18.60,204.63
13/05/2026,Darwin,PREDIS,188.03,18.80,206.83
13/05/2026,Bell Bay,ULP,167.12,16.71,183.83
13/05/2026,Bell Bay,E10,167.38,16.74,184.12
13/05/2026,Bell Bay,P95,172.87,17.29,190.16
13/05/2026,Bell Bay,P98,175.55,17.56,193.11
13/05/2026,Bell Bay,DIS,191.12,19.11,210.24
13/05/2026,Bell Bay,PREDIS,193.12,19.31,212.44
13/05/2026,Broome,ULP,195.95,19.59,215.54
13/05/2026,Broome,E10,,,
13/05/2026,Broome,P95,207.35,20.73,228.08
13/05/2026,Broome,P98,,,
13/05/2026,Broome,DIS,191.35,19.14,210.49
14/05/2026,Hastings,ULP,160.69,16.07,176.76
14/05/2026,Hastings,E10,160.73,16.07,176.80
14/05/2026,Hastings,P95,171.77,17.18,188.94
14/05/2026,Hastings,P98,175.59,17.56,193.15
14/05/2026,Hastings,DIS,183.86,18.39,202.25
14/05/2026,Hastings,PREDIS,185.86,18.59,204.45
14/05/2026,Yarraville,ULP,160.22,16.02,176.25
14/05/2026,Yarraville,E10,158.34,15.83,174.18
14/05/2026,Yarraville,P95,171.06,17.11,188.17
14/05/2026,Yarraville,P98,178.09,17.81,195.90
14/05/2026,Yarraville,DIS,185.16,18.52,203.68
14/05/2026,Yarraville,PREDIS,187.16,18.72,205.88
14/05/2026,Sydney,ULP,159.96,16.00,175.96
14/05/2026,Sydney,E10,159.91,15.99,175.91
14/05/2026,Sydney,P95,172.38,17.24,189.62
14/05/2026,Sydney,P98,179.63,17.96,197.59
14/05/2026,Sydney,DIS,184.08,18.41,202.48
14/05/2026,Sydney,PREDIS,186.08,18.61,204.68
14/05/2026,Brisbane,ULP,162.13,16.21,178.34
14/05/2026,Brisbane,E10,162.15,16.22,178.37
14/05/2026,Brisbane,P95,172.11,17.21,189.32
14/05/2026,Brisbane,P98,184.88,18.49,203.37
14/05/2026,Brisbane,DIS,180.42,18.04,198.46
14/05/2026,Brisbane,PREDIS,182.42,18.24,200.66
14/05/2026,Brisbane,B5,184.07,18.41,202.47
14/05/2026,Gladstone,ULP,167.18,16.72,183.90
14/05/2026,Gladstone,E10,165.16,16.52,181.67
14/05/2026,Gladstone,P95,170.97,17.10,188.07
14/05/2026,Gladstone,P98,,,
14/05/2026,Gladstone,DIS,181.02,18.10,199.12
14/05/2026,Gladstone,PREDIS,183.02,18.30,201.32
14/05/2026,Mackay,ULP,167.72,16.77,184.49
14/05/2026,Mackay,E10,166.34,16.63,182.98
14/05/2026,Mackay,P95,172.80,17.28,190.08
14/05/2026,Mackay,P98,176.60,17.66,194.26
14/05/2026,Mackay,DIS,185.24,18.52,203.77
14/05/2026,Mackay,PREDIS,187.24,18.72,205.97
14/05/2026,Townsville,ULP,167.67,16.77,184.43
14/05/2026,Townsville,E10,168.67,16.87,185.53
14/05/2026,Townsville,P95,181.14,18.11,199.25
14/05/2026,Townsville,P98,199.32,19.93,219.25
14/05/2026,Townsville,DIS,183.97,18.40,202.37
14/05/2026,Townsville,PREDIS,185.97,18.60,204.57
14/05/2026,Cairns,ULP,165.79,16.58,182.37
14/05/2026,Cairns,E10,167.32,16.73,184.05
14/05/2026,Cairns,P95,176.58,17.66,194.23
14/05/2026,Cairns,P98,180.20,18.02,198.22
14/05/2026,Cairns,DIS,181.96,18.20,200.15
14/05/2026,Cairns,PREDIS,183.96,18.40,202.35
14/05/2026,Port Alma,DIS,181.02,18.10,199.12
14/05/2026,Adelaide,ULP,157.68,15.77,173.45
14/05/2026,Adelaide,E10,156.18,15.62,171.79
14/05/2026,Adelaide,P95,168.49,16.85,185.34
14/05/2026,Adelaide,P98,181.77,18.18,199.94
14/05/2026,Adelaide,DIS,176.80,17.68,194.48
14/05/2026,Adelaide,PREDIS,178.80,17.88,196.68
14/05/2026,Perth,ULP,159.88,15.99,175.87
14/05/2026,Perth,E10,,,
14/05/2026,Perth,P95,172.31,17.23,189.54
14/05/2026,Perth,P98,185.74,18.57,204.32
14/05/2026,Perth,DIS,177.44,17.74,195.19
14/05/2026,Perth,PREDIS,179.44,17.94,197.39
14/05/2026,Darwin,ULP,164.79,16.48,181.27
14/05/2026,Darwin,E10,,,
14/05/2026,Darwin,P95,172.35,17.24,189.59
14/05/2026,Darwin,P98,,,
14/05/2026,Darwin,DIS,183.56,18.36,201.92
14/05/2026,Darwin,PREDIS,185.56,18.56,204.12
14/05/2026,Bell Bay,ULP,166.69,16.67,183.36
14/05/2026,Bell Bay,E10,166.95,16.70,183.65
14/05/2026,Bell Bay,P95,172.29,17.23,189.52
14/05/2026,Bell Bay,P98,174.96,17.50,192.46
14/05/2026,Bell Bay,DIS,188.59,18.86,207.45
14/05/2026,Bell Bay,PREDIS,190.59,19.06,209.65
14/05/2026,Broome,ULP,195.22,19.52,214.75
14/05/2026,Broome,E10,,,
14/05/2026,Broome,P95,206.49,20.65,227.14
14/05/2026,Broome,P98,,,
14/05/2026,Broome,DIS,188.81,18.88,207.69
15/05/2026,Hastings,ULP,161.02,16.10,177.12
15/05/2026,Hastings,E10,161.06,16.11,177.16
15/05/2026,Hastings,P95,172.08,17.21,189.29
15/05/2026,Hastings,P98,175.91,17.59,193.50
15/05/2026,Hastings,DIS,184.28,18.43,202.71
15/05/2026,Hastings,PREDIS,186.28,18.63,204.91
15/05/2026,Yarraville,ULP,160.56,16.06,176.62
15/05/2026,Yarraville,E10,158.65,15.87,174.52
15/05/2026,Yarraville,P95,171.40,17.14,188.54
15/05/2026,Yarraville,P98,178.42,17.84,196.26
15/05/2026,Yarraville,DIS,185.60,18.56,204.16
15/05/2026,Yarraville,PREDIS,187.60,18.76,206.36
15/05/2026,Sydney,ULP,160.29,16.03,176.32
15/05/2026,Sydney,E10,160.24,16.02,176.26
15/05/2026,Sydney,P95,172.69,17.27,189.96
15/05/2026,Sydney,P98,179.94,17.99,197.93
15/05/2026,Sydney,DIS,184.49,18.45,202.94
15/05/2026,Sydney,PREDIS,186.49,18.65,205.14
15/05/2026,Brisbane,ULP,162.44,16.24,178.69
15/05/2026,Brisbane,E10,162.46,16.25,178.71
15/05/2026,Brisbane,P95,172.41,17.24,189.65
15/05/2026,Brisbane,P98,185.18,18.52,203.70
15/05/2026,Brisbane,DIS,180.82,18.08,198.90
15/05/2026,Brisbane,PREDIS,182.82,18.28,201.10
15/05/2026,Brisbane,B5,184.47,18.45,202.91
15/05/2026,Gladstone,ULP,167.51,16.75,184.26
15/05/2026,Gladstone,E10,165.45,16.55,182.00
15/05/2026,Gladstone,P95,171.29,17.13,188.42
15/05/2026,Gladstone,P98,,,
15/05/2026,Gladstone,DIS,181.45,18.15,199.60
15/05/2026,Gladstone,PREDIS,183.45,18.35,201.80
15/05/2026,Mackay,ULP,168.05,16.81,184.86
15/05/2026,Mackay,E10,166.64,16.66,183.31
15/05/2026,Mackay,P95,173.12,17.31,190.43
15/05/2026,Mackay,P98,176.92,17.69,194.61
15/05/2026,Mackay,DIS,185.68,18.57,204.25
15/05/2026,Mackay,PREDIS,187.68,18.77,206.45
15/05/2026,Townsville,ULP,168.00,16.80,184.80
15/05/2026,Townsville,E10,169.00,16.90,185.90
15/05/2026,Townsville,P95,181.46,18.15,199.60
15/05/2026,Townsville,P98,199.63,19.96,219.60
15/05/2026,Townsville,DIS,184.40,18.44,202.84
15/05/2026,Townsville,PREDIS,186.40,18.64,205.04
15/05/2026,Cairns,ULP,166.13,16.61,182.74
15/05/2026,Cairns,E10,167.64,16.76,184.41
15/05/2026,Cairns,P95,176.90,17.69,194.59
15/05/2026,Cairns,P98,180.52,18.05,198.58
15/05/2026,Cairns,DIS,182.39,18.24,200.63
15/05/2026,Cairns,PREDIS,184.39,18.44,202.83
15/05/2026,Port Alma,DIS,181.45,18.15,199.60
15/05/2026,Adelaide,ULP,158.03,15.80,173.83
15/05/2026,Adelaide,E10,156.52,15.65,172.17
15/05/2026,Adelaide,P95,168.82,16.88,185.70
15/05/2026,Adelaide,P98,182.09,18.21,200.30
15/05/2026,Adelaide,DIS,177.24,17.72,194.97
15/05/2026,Adelaide,PREDIS,179.24,17.92,197.17
15/05/2026,Perth,ULP,160.23,16.02,176.25
15/05/2026,Perth,E10,,,
15/05/2026,Perth,P95,172.64,17.26,189.90
15/05/2026,Perth,P98,186.07,18.61,204.68
15/05/2026,Perth,DIS,177.91,17.79,195.70
15/05/2026,Perth,PREDIS,179.91,17.99,197.90
15/05/2026,Darwin,ULP,165.16,16.52,181.67
15/05/2026,Darwin,E10,,,
15/05/2026,Darwin,P95,172.70,17.27,189.97
15/05/2026,Darwin,P98,,,
15/05/2026,Darwin,DIS,184.02,18.40,202.42
15/05/2026,Darwin,PREDIS,186.02,18.60,204.62
15/05/2026,Bell Bay,ULP,167.01,16.70,183.71
15/05/2026,Bell Bay,E10,167.27,16.73,183.99
15/05/2026,Bell Bay,P95,172.59,17.26,189.85
15/05/2026,Bell Bay,P98,175.26,17.53,192.79
15/05/2026,Bell Bay,DIS,189.00,18.90,207.90
15/05/2026,Bell Bay,PREDIS,191.00,19.10,210.10
15/05/2026,Broome,ULP,195.27,19.53,214.80
15/05/2026,Broome,E10,,,
15/05/2026,Broome,P95,206.52,20.65,227.17
15/05/2026,Broome,P98,,,
15/05/2026,Broome,DIS,189.19,18.92,208.11
16/05/2026,Hastings,ULP,160.47,16.05,176.52
16/05/2026,Hastings,E10,160.52,16.05,176.57
16/05/2026,Hastings,P95,171.98,17.20,189.17
16/05/2026,Hastings,P98,175.83,17.58,193.41
16/05/2026,Hastings,DIS,184.02,18.40,202.42
16/05/2026,Hastings,PREDIS,186.02,18.60,204.62
16/05/2026,Yarraville,ULP,160.45,16.05,176.50
16/05/2026,Yarraville,E10,158.55,15.86,174.41
16/05/2026,Yarraville,P95,171.35,17.14,188.49
16/05/2026,Yarraville,P98,178.37,17.84,196.20
16/05/2026,Yarraville,DIS,185.37,18.54,203.91
16/05/2026,Yarraville,PREDIS,187.37,18.74,206.11
16/05/2026,Sydney,ULP,159.75,15.97,175.72
16/05/2026,Sydney,E10,159.70,15.97,175.67
16/05/2026,Sydney,P95,172.59,17.26,189.84
16/05/2026,Sydney,P98,179.86,17.99,197.85
16/05/2026,Sydney,DIS,184.23,18.42,202.66
16/05/2026,Sydney,PREDIS,186.23,18.62,204.86
16/05/2026,Brisbane,ULP,161.90,16.19,178.09
16/05/2026,Brisbane,E10,161.92,16.19,178.12
16/05/2026,Brisbane,P95,172.25,17.23,189.48
16/05/2026,Brisbane,P98,185.09,18.51,203.60
16/05/2026,Brisbane,DIS,180.57,18.06,198.62
16/05/2026,Brisbane,PREDIS,182.57,18.26,200.82
16/05/2026,Brisbane,B5,184.22,18.42,202.64
16/05/2026,Gladstone,ULP,166.97,16.70,183.67
16/05/2026,Gladstone,E10,164.97,16.50,181.46
16/05/2026,Gladstone,P95,171.13,17.11,188.25
16/05/2026,Gladstone,P98,,,
16/05/2026,Gladstone,DIS,181.22,18.12,199.35
16/05/2026,Gladstone,PREDIS,183.22,18.32,201.55
16/05/2026,Mackay,ULP,167.52,16.75,184.27
16/05/2026,Mackay,E10,166.16,16.62,182.78
16/05/2026,Mackay,P95,173.05,17.30,190.35
16/05/2026,Mackay,P98,176.84,17.68,194.52
16/05/2026,Mackay,DIS,185.45,18.54,203.99
16/05/2026,Mackay,PREDIS,187.45,18.74,206.19
16/05/2026,Townsville,ULP,167.47,16.75,184.21
16/05/2026,Townsville,E10,168.47,16.85,185.31
16/05/2026,Townsville,P95,181.38,18.14,199.52
16/05/2026,Townsville,P98,199.56,19.96,219.51
16/05/2026,Townsville,DIS,184.17,18.42,202.58
16/05/2026,Townsville,PREDIS,186.17,18.62,204.78
16/05/2026,Cairns,ULP,165.61,16.56,182.17
16/05/2026,Cairns,E10,167.52,16.75,184.27
16/05/2026,Cairns,P95,176.76,17.68,194.44
16/05/2026,Cairns,P98,180.46,18.05,198.50
16/05/2026,Cairns,DIS,182.16,18.22,200.37
16/05/2026,Cairns,PREDIS,184.16,18.42,202.57
16/05/2026,Port Alma,DIS,181.22,18.12,199.35
16/05/2026,Adelaide,ULP,157.52,15.75,173.27
16/05/2026,Adelaide,E10,156.01,15.60,171.62
16/05/2026,Adelaide,P95,168.69,16.87,185.55
16/05/2026,Adelaide,P98,182.03,18.20,200.23
16/05/2026,Adelaide,DIS,177.03,17.70,194.73
16/05/2026,Adelaide,PREDIS,179.03,17.90,196.93
16/05/2026,Perth,ULP,159.71,15.97,175.68
16/05/2026,Perth,E10,,,
16/05/2026,Perth,P95,172.50,17.25,189.75
16/05/2026,Perth,P98,186.01,18.60,204.61
16/05/2026,Perth,DIS,177.72,17.77,195.49
16/05/2026,Perth,PREDIS,179.72,17.97,197.69
16/05/2026,Darwin,ULP,164.66,16.47,181.13
16/05/2026,Darwin,E10,,,
16/05/2026,Darwin,P95,172.67,17.27,189.94
16/05/2026,Darwin,P98,,,
16/05/2026,Darwin,DIS,183.82,18.38,202.20
16/05/2026,Darwin,PREDIS,185.82,18.58,204.40
16/05/2026,Bell Bay,ULP,166.45,16.64,183.09
16/05/2026,Bell Bay,E10,166.71,16.67,183.38
16/05/2026,Bell Bay,P95,172.47,17.25,189.71
16/05/2026,Bell Bay,P98,175.16,17.52,192.68
16/05/2026,Bell Bay,DIS,188.71,18.87,207.58
16/05/2026,Bell Bay,PREDIS,190.71,19.07,209.78
16/05/2026,Broome,ULP,194.29,19.43,213.72
16/05/2026,Broome,E10,,,
16/05/2026,Broome,P95,205.93,20.59,226.52
16/05/2026,Broome,P98,,,
16/05/2026,Broome,DIS,188.89,18.89,207.78
19/05/2026,Hastings,ULP,160.66,16.07,176.73
19/05/2026,Hastings,E10,160.61,16.06,176.67
19/05/2026,Hastings,P95,172.52,17.25,189.77
19/05/2026,Hastings,P98,178.89,17.89,196.78
19/05/2026,Hastings,DIS,184.71,18.47,203.18
19/05/2026,Hastings,PREDIS,186.71,18.67,205.38
19/05/2026,Yarraville,ULP,160.98,16.10,177.08
19/05/2026,Yarraville,E10,159.03,15.90,174.93
19/05/2026,Yarraville,P95,171.94,17.19,189.13
19/05/2026,Yarraville,P98,178.95,17.90,196.85
19/05/2026,Yarraville,DIS,186.08,18.61,204.69
19/05/2026,Yarraville,PREDIS,188.08,18.81,206.89
19/05/2026,Sydney,ULP,159.94,15.99,175.93
19/05/2026,Sydney,E10,159.80,15.98,175.78
19/05/2026,Sydney,P95,173.13,17.31,190.44
19/05/2026,Sydney,P98,180.43,18.04,198.47
19/05/2026,Sydney,DIS,184.92,18.49,203.41
19/05/2026,Sydney,PREDIS,186.92,18.69,205.61
19/05/2026,Brisbane,ULP,162.07,16.21,178.28
19/05/2026,Brisbane,E10,162.09,16.21,178.30
19/05/2026,Brisbane,P95,172.73,17.27,190.01
19/05/2026,Brisbane,P98,185.64,18.56,204.20
19/05/2026,Brisbane,DIS,181.23,18.12,199.36
19/05/2026,Brisbane,PREDIS,183.23,18.32,201.56
19/05/2026,Brisbane,B5,184.88,18.49,203.37
19/05/2026,Gladstone,ULP,167.16,16.72,183.88
19/05/2026,Gladstone,E10,165.14,16.51,181.65
19/05/2026,Gladstone,P95,171.64,17.16,188.80
19/05/2026,Gladstone,P98,,,
19/05/2026,Gladstone,DIS,181.93,18.19,200.12
19/05/2026,Gladstone,PREDIS,183.93,18.39,202.32
19/05/2026,Mackay,ULP,167.72,16.77,184.49
19/05/2026,Mackay,E10,166.34,16.63,182.97
19/05/2026,Mackay,P95,173.62,17.36,190.98
19/05/2026,Mackay,P98,177.41,17.74,195.15
19/05/2026,Mackay,DIS,186.15,18.62,204.77
19/05/2026,Mackay,PREDIS,188.15,18.82,206.97
19/05/2026,Townsville,ULP,167.66,16.77,184.43
19/05/2026,Townsville,E10,168.66,16.87,185.53
19/05/2026,Townsville,P95,181.96,18.20,200.15
19/05/2026,Townsville,P98,200.13,20.01,220.14
19/05/2026,Townsville,DIS,184.87,18.49,203.36
19/05/2026,Townsville,PREDIS,186.87,18.69,205.56
19/05/2026,Cairns,ULP,165.81,16.58,182.39
19/05/2026,Cairns,E10,168.03,16.80,184.83
19/05/2026,Cairns,P95,177.28,17.73,195.01
19/05/2026,Cairns,P98,181.03,18.10,199.14
19/05/2026,Cairns,DIS,182.86,18.29,201.15
19/05/2026,Cairns,PREDIS,184.86,18.49,203.35
19/05/2026,Port Alma,DIS,181.93,18.19,200.12
19/05/2026,Adelaide,ULP,157.73,15.77,173.50
19/05/2026,Adelaide,E10,156.13,15.61,171.74
19/05/2026,Adelaide,P95,169.20,16.92,186.13
19/05/2026,Adelaide,P98,182.61,18.26,200.87
19/05/2026,Adelaide,DIS,177.74,17.77,195.52
19/05/2026,Adelaide,PREDIS,179.74,17.97,197.72
19/05/2026,Perth,ULP,159.91,15.99,175.90
19/05/2026,Perth,E10,,,
19/05/2026,Perth,P95,173.02,17.30,190.33
19/05/2026,Perth,P98,186.59,18.66,205.25
19/05/2026,Perth,DIS,178.45,17.84,196.29
19/05/2026,Perth,PREDIS,180.45,18.04,198.49
19/05/2026,Darwin,ULP,164.89,16.49,181.38
19/05/2026,Darwin,E10,,,
19/05/2026,Darwin,P95,173.27,17.33,190.60
19/05/2026,Darwin,P98,,,
19/05/2026,Darwin,DIS,184.54,18.45,203.00
19/05/2026,Darwin,PREDIS,186.54,18.65,205.20
19/05/2026,Bell Bay,ULP,166.62,16.66,183.29
19/05/2026,Bell Bay,E10,166.79,16.68,183.47
19/05/2026,Bell Bay,P95,172.99,17.30,190.29
19/05/2026,Bell Bay,P98,175.71,17.57,193.28
19/05/2026,Bell Bay,DIS,189.39,18.94,208.32
19/05/2026,Bell Bay,PREDIS,191.39,19.14,210.52
19/05/2026,Broome,ULP,194.20,19.42,213.62
19/05/2026,Broome,E10,,,
19/05/2026,Broome,P95,206.15,20.61,226.76
19/05/2026,Broome,P98,,,
19/05/2026,Broome,DIS,189.54,18.95,208.50
20/05/2026,Hastings,ULP,162.44,16.24,178.68
20/05/2026,Hastings,E10,162.37,16.24,178.61
20/05/2026,Hastings,P95,174.60,17.46,192.06
20/05/2026,Hastings,P98,181.00,18.10,199.10
20/05/2026,Hastings,DIS,186.93,18.69,205.62
20/05/2026,Hastings,PREDIS,188.93,18.89,207.82
20/05/2026,Yarraville,ULP,163.02,16.30,179.33
20/05/2026,Yarraville,E10,160.88,16.09,176.96
20/05/2026,Yarraville,P95,174.05,17.40,191.45
20/05/2026,Yarraville,P98,181.07,18.11,199.18
20/05/2026,Yarraville,DIS,188.32,18.83,207.15
20/05/2026,Yarraville,PREDIS,190.32,19.03,209.35
20/05/2026,Sydney,ULP,161.71,16.17,177.88
20/05/2026,Sydney,E10,161.55,16.16,177.71
20/05/2026,Sydney,P95,175.21,17.52,192.73
20/05/2026,Sydney,P98,182.53,18.25,200.79
20/05/2026,Sydney,DIS,187.14,18.71,205.86
20/05/2026,Sydney,PREDIS,189.14,18.91,208.06
20/05/2026,Brisbane,ULP,163.83,16.38,180.22
20/05/2026,Brisbane,E10,163.85,16.39,180.24
20/05/2026,Brisbane,P95,174.77,17.48,192.25
20/05/2026,Brisbane,P98,187.74,18.77,206.51
20/05/2026,Brisbane,DIS,183.43,18.34,201.78
20/05/2026,Brisbane,PREDIS,185.43,18.54,203.98
20/05/2026,Brisbane,B5,187.08,18.71,205.79
20/05/2026,Gladstone,ULP,168.93,16.89,185.83
20/05/2026,Gladstone,E10,166.74,16.67,183.41
20/05/2026,Gladstone,P95,173.69,17.37,191.06
20/05/2026,Gladstone,P98,,,
20/05/2026,Gladstone,DIS,184.15,18.41,202.56
20/05/2026,Gladstone,PREDIS,186.15,18.61,204.76
20/05/2026,Mackay,ULP,169.49,16.95,186.44
20/05/2026,Mackay,E10,167.94,16.79,184.73
20/05/2026,Mackay,P95,175.73,17.57,193.30
20/05/2026,Mackay,P98,179.53,17.95,197.48
20/05/2026,Mackay,DIS,188.39,18.84,207.22
20/05/2026,Mackay,PREDIS,190.39,19.04,209.42
20/05/2026,Townsville,ULP,169.44,16.94,186.38
20/05/2026,Townsville,E10,170.44,17.04,187.48
20/05/2026,Townsville,P95,184.07,18.41,202.47
20/05/2026,Townsville,P98,202.25,20.22,222.47
20/05/2026,Townsville,DIS,187.09,18.71,205.80
20/05/2026,Townsville,PREDIS,189.09,18.91,208.00
20/05/2026,Cairns,ULP,167.59,16.76,184.35
20/05/2026,Cairns,E10,170.06,17.01,187.06
20/05/2026,Cairns,P95,179.34,17.93,197.27
20/05/2026,Cairns,P98,183.16,18.32,201.47
20/05/2026,Cairns,DIS,185.08,18.51,203.59
20/05/2026,Cairns,PREDIS,187.08,18.71,205.79
20/05/2026,Port Alma,DIS,184.15,18.41,202.56
20/05/2026,Adelaide,ULP,159.51,15.95,175.46
20/05/2026,Adelaide,E10,157.89,15.79,173.68
20/05/2026,Adelaide,P95,171.27,17.13,188.40
20/05/2026,Adelaide,P98,184.73,18.47,203.21
20/05/2026,Adelaide,DIS,179.97,18.00,197.97
20/05/2026,Adelaide,PREDIS,181.97,18.20,200.17
20/05/2026,Perth,ULP,161.70,16.17,177.87
20/05/2026,Perth,E10,,,
20/05/2026,Perth,P95,175.09,17.51,192.60
20/05/2026,Perth,P98,188.71,18.87,207.58
20/05/2026,Perth,DIS,180.69,18.07,198.76
20/05/2026,Perth,PREDIS,182.69,18.27,200.96
20/05/2026,Darwin,ULP,166.69,16.67,183.36
20/05/2026,Darwin,E10,,,
20/05/2026,Darwin,P95,175.40,17.54,192.94
20/05/2026,Darwin,P98,,,
20/05/2026,Darwin,DIS,186.79,18.68,205.47
20/05/2026,Darwin,PREDIS,188.79,18.88,207.67
20/05/2026,Bell Bay,ULP,168.39,16.84,185.23
20/05/2026,Bell Bay,E10,168.54,16.85,185.39
20/05/2026,Bell Bay,P95,175.07,17.51,192.57
20/05/2026,Bell Bay,P98,177.81,17.78,195.59
20/05/2026,Bell Bay,DIS,191.60,19.16,210.76
20/05/2026,Bell Bay,PREDIS,193.60,19.36,212.96
20/05/2026,Broome,ULP,195.79,19.58,215.37
20/05/2026,Broome,E10,,,
20/05/2026,Broome,P95,208.03,20.80,228.83
20/05/2026,Broome,P98,,,
20/05/2026,Broome,DIS,191.74,19.17,210.91
21/05/2026,Hastings,ULP,164.34,16.43,180.77
21/05/2026,Hastings,E10,164.25,16.42,180.67
21/05/2026,Hastings,P95,176.72,17.67,194.39
21/05/2026,Hastings,P98,183.14,18.31,201.46
21/05/2026,Hastings,DIS,188.62,18.86,207.48
21/05/2026,Hastings,PREDIS,190.62,19.06,209.68
21/05/2026,Yarraville,ULP,165.13,16.51,181.65
21/05/2026,Yarraville,E10,162.79,16.28,179.07
21/05/2026,Yarraville,P95,176.20,17.62,193.82
21/05/2026,Yarraville,P98,183.23,18.32,201.55
21/05/2026,Yarraville,DIS,190.02,19.00,209.03
21/05/2026,Yarraville,PREDIS,192.02,19.20,211.23
21/05/2026,Sydney,ULP,163.61,16.36,179.97
21/05/2026,Sydney,E10,163.43,16.34,179.77
21/05/2026,Sydney,P95,177.33,17.73,195.07
21/05/2026,Sydney,P98,184.68,18.47,203.14
21/05/2026,Sydney,DIS,188.83,18.88,207.71
21/05/2026,Sydney,PREDIS,190.83,19.08,209.91
21/05/2026,Brisbane,ULP,165.73,16.57,182.30
21/05/2026,Brisbane,E10,165.75,16.57,182.32
21/05/2026,Brisbane,P95,176.87,17.69,194.56
21/05/2026,Brisbane,P98,189.88,18.99,208.87
21/05/2026,Brisbane,DIS,185.11,18.51,203.62
21/05/2026,Brisbane,PREDIS,187.11,18.71,205.82
21/05/2026,Brisbane,B5,188.76,18.88,207.64
21/05/2026,Gladstone,ULP,170.83,17.08,187.92
21/05/2026,Gladstone,E10,168.44,16.84,185.29
21/05/2026,Gladstone,P95,175.80,17.58,193.38
21/05/2026,Gladstone,P98,,,
21/05/2026,Gladstone,DIS,185.84,18.58,204.43
21/05/2026,Gladstone,PREDIS,187.84,18.78,206.63
21/05/2026,Mackay,ULP,171.39,17.14,188.53
21/05/2026,Mackay,E10,169.65,16.97,186.62
21/05/2026,Mackay,P95,177.88,17.79,195.66
21/05/2026,Mackay,P98,181.68,18.17,199.85
21/05/2026,Mackay,DIS,190.09,19.01,209.10
21/05/2026,Mackay,PREDIS,192.09,19.21,211.30
21/05/2026,Townsville,ULP,171.34,17.13,188.48
21/05/2026,Townsville,E10,172.34,17.23,189.58
21/05/2026,Townsville,P95,186.21,18.62,204.83
21/05/2026,Townsville,P98,204.39,20.44,224.83
21/05/2026,Townsville,DIS,188.78,18.88,207.66
21/05/2026,Townsville,PREDIS,190.78,19.08,209.86
21/05/2026,Cairns,ULP,169.50,16.95,186.45
21/05/2026,Cairns,E10,172.14,17.21,189.36
21/05/2026,Cairns,P95,181.45,18.15,199.60
21/05/2026,Cairns,P98,185.31,18.53,203.84
21/05/2026,Cairns,DIS,186.78,18.68,205.46
21/05/2026,Cairns,PREDIS,188.78,18.88,207.66
21/05/2026,Port Alma,DIS,185.84,18.58,204.43
21/05/2026,Adelaide,ULP,161.43,16.14,177.57
21/05/2026,Adelaide,E10,159.79,15.98,175.77
21/05/2026,Adelaide,P95,173.38,17.34,190.72
21/05/2026,Adelaide,P98,186.89,18.69,205.58
21/05/2026,Adelaide,DIS,181.68,18.17,199.84
21/05/2026,Adelaide,PREDIS,183.68,18.37,202.04
21/05/2026,Perth,ULP,163.61,16.36,179.97
21/05/2026,Perth,E10,,,
21/05/2026,Perth,P95,177.20,17.72,194.92
21/05/2026,Perth,P98,190.87,19.09,209.96
21/05/2026,Perth,DIS,182.40,18.24,200.64
21/05/2026,Perth,PREDIS,184.40,18.44,202.84
21/05/2026,Darwin,ULP,168.61,16.86,185.47
21/05/2026,Darwin,E10,,,
21/05/2026,Darwin,P95,177.57,17.76,195.33
21/05/2026,Darwin,P98,,,
21/05/2026,Darwin,DIS,188.51,18.85,207.36
21/05/2026,Darwin,PREDIS,190.51,19.05,209.56
21/05/2026,Bell Bay,ULP,170.28,17.03,187.30
21/05/2026,Bell Bay,E10,170.41,17.04,187.45
21/05/2026,Bell Bay,P95,177.18,17.72,194.90
21/05/2026,Bell Bay,P98,179.94,17.99,197.94
21/05/2026,Bell Bay,DIS,193.27,19.33,212.60
21/05/2026,Bell Bay,PREDIS,195.27,19.53,214.80
21/05/2026,Broome,ULP,197.48,19.75,217.23
21/05/2026,Broome,E10,,,
21/05/2026,Broome,P95,209.91,20.99,230.90
21/05/2026,Broome,P98,,,
21/05/2026,Broome,DIS,193.39,19.34,212.73
22/05/2026,Hastings,ULP,165.55,16.56,182.11
22/05/2026,Hastings,E10,165.45,16.55,182.00
22/05/2026,Hastings,P95,177.84,17.78,195.63
22/05/2026,Hastings,P98,184.26,18.43,202.68
22/05/2026,Hastings,DIS,189.98,19.00,208.98
22/05/2026,Hastings,PREDIS,191.98,19.20,211.18
22/05/2026,Yarraville,ULP,166.27,16.63,182.90
22/05/2026,Yarraville,E10,163.81,16.38,180.20
22/05/2026,Yarraville,P95,177.32,17.73,195.06
22/05/2026,Yarraville,P98,184.36,18.44,202.80
22/05/2026,Yarraville,DIS,191.41,19.14,210.55
22/05/2026,Yarraville,PREDIS,193.41,19.34,212.75
22/05/2026,Sydney,ULP,164.82,16.48,181.31
22/05/2026,Sydney,E10,164.63,16.46,181.10
22/05/2026,Sydney,P95,178.45,17.85,196.30
22/05/2026,Sydney,P98,185.79,18.58,204.37
22/05/2026,Sydney,DIS,190.20,19.02,209.22
22/05/2026,Sydney,PREDIS,192.20,19.22,211.42
22/05/2026,Brisbane,ULP,166.94,16.69,183.63
22/05/2026,Brisbane,E10,166.96,16.70,183.65
22/05/2026,Brisbane,P95,178.01,17.80,195.81
22/05/2026,Brisbane,P98,191.00,19.10,210.10
22/05/2026,Brisbane,DIS,186.47,18.65,205.11
22/05/2026,Brisbane,PREDIS,188.47,18.85,207.31
22/05/2026,Brisbane,B5,190.12,19.01,209.13
22/05/2026,Gladstone,ULP,172.05,17.20,189.25
22/05/2026,Gladstone,E10,169.54,16.95,186.49
22/05/2026,Gladstone,P95,176.94,17.69,194.64
22/05/2026,Gladstone,P98,,,
22/05/2026,Gladstone,DIS,187.21,18.72,205.94
22/05/2026,Gladstone,PREDIS,189.21,18.92,208.14
22/05/2026,Mackay,ULP,172.61,17.26,189.88
22/05/2026,Mackay,E10,170.75,17.07,187.82
22/05/2026,Mackay,P95,179.00,17.90,196.89
22/05/2026,Mackay,P98,182.81,18.28,201.09
22/05/2026,Mackay,DIS,191.47,19.15,210.62
22/05/2026,Mackay,PREDIS,193.47,19.35,212.82
22/05/2026,Townsville,ULP,172.56,17.26,189.82
22/05/2026,Townsville,E10,173.56,17.36,190.92
22/05/2026,Townsville,P95,187.33,18.73,206.07
22/05/2026,Townsville,P98,205.52,20.55,226.07
22/05/2026,Townsville,DIS,190.15,19.02,209.17
22/05/2026,Townsville,PREDIS,192.15,19.22,211.37
22/05/2026,Cairns,ULP,170.72,17.07,187.79
22/05/2026,Cairns,E10,173.27,17.33,190.59
22/05/2026,Cairns,P95,182.61,18.26,200.87
22/05/2026,Cairns,P98,186.44,18.64,205.09
22/05/2026,Cairns,DIS,188.15,18.81,206.96
22/05/2026,Cairns,PREDIS,190.15,19.01,209.16
22/05/2026,Port Alma,DIS,187.21,18.72,205.94
22/05/2026,Adelaide,ULP,162.66,16.27,178.92
22/05/2026,Adelaide,E10,161.01,16.10,177.11
22/05/2026,Adelaide,P95,174.54,17.45,191.99
22/05/2026,Adelaide,P98,188.03,18.80,206.83
22/05/2026,Adelaide,DIS,183.06,18.31,201.36
22/05/2026,Adelaide,PREDIS,185.06,18.51,203.56
22/05/2026,Perth,ULP,164.83,16.48,181.32
22/05/2026,Perth,E10,,,
22/05/2026,Perth,P95,178.36,17.84,196.19
22/05/2026,Perth,P98,192.01,19.20,211.21
22/05/2026,Perth,DIS,183.79,18.38,202.17
22/05/2026,Perth,PREDIS,185.79,18.58,204.37
22/05/2026,Darwin,ULP,169.86,16.99,186.85
22/05/2026,Darwin,E10,,,
22/05/2026,Darwin,P95,178.71,17.87,196.58
22/05/2026,Darwin,P98,,,
22/05/2026,Darwin,DIS,189.91,18.99,208.90
22/05/2026,Darwin,PREDIS,191.91,19.19,211.10
22/05/2026,Bell Bay,ULP,171.48,17.15,188.63
22/05/2026,Bell Bay,E10,171.60,17.16,188.76
22/05/2026,Bell Bay,P95,178.29,17.83,196.12
22/05/2026,Bell Bay,P98,181.05,18.10,199.15
22/05/2026,Bell Bay,DIS,194.63,19.46,214.09
22/05/2026,Bell Bay,PREDIS,196.63,19.66,216.29
22/05/2026,Broome,ULP,198.46,19.85,218.31
22/05/2026,Broome,E10,,,
22/05/2026,Broome,P95,210.83,21.08,231.91
22/05/2026,Broome,P98,,,
22/05/2026,Broome,DIS,194.72,19.47,214.20
23/05/2026,Hastings,ULP,161.36,16.14,177.50
23/05/2026,Hastings,E10,161.27,16.13,177.39
23/05/2026,Hastings,P95,177.42,17.74,195.17
23/05/2026,Hastings,P98,183.82,18.38,202.21
23/05/2026,Hastings,DIS,188.56,18.86,207.41
23/05/2026,Hastings,PREDIS,190.56,19.06,209.61
23/05/2026,Yarraville,ULP,165.89,16.59,182.47
23/05/2026,Yarraville,E10,163.47,16.35,179.81
23/05/2026,Yarraville,P95,176.90,17.69,194.59
23/05/2026,Yarraville,P98,183.95,18.39,202.34
23/05/2026,Yarraville,DIS,191.21,19.12,210.33
23/05/2026,Yarraville,PREDIS,193.21,19.32,212.53
23/05/2026,Sydney,ULP,163.14,16.31,179.45
23/05/2026,Sydney,E10,162.95,16.29,179.24
23/05/2026,Sydney,P95,178.03,17.80,195.84
23/05/2026,Sydney,P98,185.36,18.54,203.89
23/05/2026,Sydney,DIS,188.97,18.90,207.87
23/05/2026,Sydney,PREDIS,190.97,19.10,210.07
23/05/2026,Brisbane,ULP,162.73,16.27,179.00
23/05/2026,Brisbane,E10,162.75,16.27,179.02
23/05/2026,Brisbane,P95,177.61,17.76,195.37
23/05/2026,Brisbane,P98,190.55,19.05,209.60
23/05/2026,Brisbane,DIS,186.21,18.62,204.83
23/05/2026,Brisbane,PREDIS,188.21,18.82,207.03
23/05/2026,Brisbane,B5,189.86,18.99,208.84
23/05/2026,Gladstone,ULP,171.86,17.19,189.05
23/05/2026,Gladstone,E10,169.37,16.94,186.31
23/05/2026,Gladstone,P95,176.56,17.66,194.22
23/05/2026,Gladstone,P98,,,
23/05/2026,Gladstone,DIS,186.99,18.70,205.69
23/05/2026,Gladstone,PREDIS,188.99,18.90,207.89
23/05/2026,Mackay,ULP,172.43,17.24,189.68
23/05/2026,Mackay,E10,170.59,17.06,187.64
23/05/2026,Mackay,P95,178.57,17.86,196.42
23/05/2026,Mackay,P98,182.38,18.24,200.62
23/05/2026,Mackay,DIS,191.26,19.13,210.39
23/05/2026,Mackay,PREDIS,193.26,19.33,212.59
23/05/2026,Townsville,ULP,172.38,17.24,189.62
23/05/2026,Townsville,E10,173.38,17.34,190.72
23/05/2026,Townsville,P95,186.90,18.69,205.59
23/05/2026,Townsville,P98,205.10,20.51,225.61
23/05/2026,Townsville,DIS,189.93,18.99,208.92
23/05/2026,Townsville,PREDIS,191.93,19.19,211.12
23/05/2026,Cairns,ULP,170.55,17.05,187.60
23/05/2026,Cairns,E10,172.89,17.29,190.18
23/05/2026,Cairns,P95,182.24,18.22,200.46
23/05/2026,Cairns,P98,186.03,18.60,204.63
23/05/2026,Cairns,DIS,187.93,18.79,206.72
23/05/2026,Cairns,PREDIS,189.93,18.99,208.92
23/05/2026,Port Alma,DIS,186.99,18.70,205.69
23/05/2026,Adelaide,ULP,162.49,16.25,178.73
23/05/2026,Adelaide,E10,160.84,16.08,176.92
23/05/2026,Adelaide,P95,174.17,17.42,191.59
23/05/2026,Adelaide,P98,187.61,18.76,206.37
23/05/2026,Adelaide,DIS,182.84,18.28,201.13
23/05/2026,Adelaide,PREDIS,184.84,18.48,203.33
23/05/2026,Perth,ULP,163.16,16.32,179.48
23/05/2026,Perth,E10,,,
23/05/2026,Perth,P95,177.99,17.80,195.79
23/05/2026,Perth,P98,191.59,19.16,210.75
23/05/2026,Perth,DIS,183.60,18.36,201.96
23/05/2026,Perth,PREDIS,185.60,18.56,204.16
23/05/2026,Darwin,ULP,169.71,16.97,186.68
23/05/2026,Darwin,E10,,,
23/05/2026,Darwin,P95,178.31,17.83,196.14
23/05/2026,Darwin,P98,,,
23/05/2026,Darwin,DIS,189.71,18.97,208.68
23/05/2026,Darwin,PREDIS,191.71,19.17,210.88
23/05/2026,Bell Bay,ULP,168.28,16.83,185.11
23/05/2026,Bell Bay,E10,168.40,16.84,185.24
23/05/2026,Bell Bay,P95,177.86,17.79,195.65
23/05/2026,Bell Bay,P98,180.60,18.06,198.66
23/05/2026,Bell Bay,DIS,193.39,19.34,212.73
23/05/2026,Bell Bay,PREDIS,195.39,19.54,214.93
23/05/2026,Broome,ULP,198.03,19.80,217.83
23/05/2026,Broome,E10,,,
23/05/2026,Broome,P95,210.20,21.02,231.22
23/05/2026,Broome,P98,,,
23/05/2026,Broome,DIS,194.46,19.45,213.91
26/05/2026,Hastings,ULP,160.58,16.06,176.64
26/05/2026,Hastings,E10,160.55,16.06,176.61
26/05/2026,Hastings,P95,176.41,17.64,194.05
26/05/2026,Hastings,P98,182.79,18.28,201.07
26/05/2026,Hastings,DIS,187.25,18.73,205.98
26/05/2026,Hastings,PREDIS,189.25,18.93,208.18
26/05/2026,Yarraville,ULP,164.91,16.49,181.40
26/05/2026,Yarraville,E10,162.58,16.26,178.84
26/05/2026,Yarraville,P95,175.88,17.59,193.47
26/05/2026,Yarraville,P98,182.94,18.29,201.23
26/05/2026,Yarraville,DIS,189.92,18.99,208.92
26/05/2026,Yarraville,PREDIS,191.92,19.19,211.12
26/05/2026,Sydney,ULP,162.36,16.24,178.59
26/05/2026,Sydney,E10,162.24,16.22,178.46
26/05/2026,Sydney,P95,177.02,17.70,194.72
26/05/2026,Sydney,P98,184.33,18.43,202.76
26/05/2026,Sydney,DIS,187.66,18.77,206.43
26/05/2026,Sydney,PREDIS,189.66,18.97,208.63
26/05/2026,Brisbane,ULP,161.93,16.19,178.12
26/05/2026,Brisbane,E10,161.95,16.19,178.14
26/05/2026,Brisbane,P95,176.61,17.66,194.27
26/05/2026,Brisbane,P98,189.51,18.95,208.46
26/05/2026,Brisbane,DIS,184.88,18.49,203.36
26/05/2026,Brisbane,PREDIS,186.88,18.69,205.56
26/05/2026,Brisbane,B5,188.53,18.85,207.38
26/05/2026,Gladstone,ULP,171.08,17.11,188.19
26/05/2026,Gladstone,E10,168.67,16.87,185.54
26/05/2026,Gladstone,P95,175.59,17.56,193.15
26/05/2026,Gladstone,P98,,,
26/05/2026,Gladstone,DIS,185.70,18.57,204.27
26/05/2026,Gladstone,PREDIS,187.70,18.77,206.47
26/05/2026,Mackay,ULP,171.66,17.17,188.82
26/05/2026,Mackay,E10,169.89,16.99,186.88
26/05/2026,Mackay,P95,177.54,17.75,195.30
26/05/2026,Mackay,P98,181.37,18.14,199.50
26/05/2026,Mackay,DIS,189.97,19.00,208.97
26/05/2026,Mackay,PREDIS,191.97,19.20,211.17
26/05/2026,Townsville,ULP,171.60,17.16,188.76
26/05/2026,Townsville,E10,172.60,17.26,189.86
26/05/2026,Townsville,P95,185.88,18.59,204.47
26/05/2026,Townsville,P98,204.08,20.41,224.49
26/05/2026,Townsville,DIS,188.63,18.86,207.49
26/05/2026,Townsville,PREDIS,190.63,19.06,209.69
26/05/2026,Cairns,ULP,169.78,16.98,186.75
26/05/2026,Cairns,E10,171.92,17.19,189.11
26/05/2026,Cairns,P95,181.27,18.13,199.40
26/05/2026,Cairns,P98,185.02,18.50,203.52
26/05/2026,Cairns,DIS,186.63,18.66,205.29
26/05/2026,Cairns,PREDIS,188.63,18.86,207.49
26/05/2026,Port Alma,DIS,185.70,18.57,204.27
26/05/2026,Adelaide,ULP,161.72,16.17,177.90
26/05/2026,Adelaide,E10,160.14,16.01,176.16
26/05/2026,Adelaide,P95,173.21,17.32,190.53
26/05/2026,Adelaide,P98,186.60,18.66,205.26
26/05/2026,Adelaide,DIS,181.56,18.16,199.71
26/05/2026,Adelaide,PREDIS,183.56,18.36,201.91
26/05/2026,Perth,ULP,162.40,16.24,178.64
26/05/2026,Perth,E10,,,
26/05/2026,Perth,P95,177.03,17.70,194.73
26/05/2026,Perth,P98,190.58,19.06,209.64
26/05/2026,Perth,DIS,182.33,18.23,200.56
26/05/2026,Perth,PREDIS,184.33,18.43,202.76
26/05/2026,Darwin,ULP,168.96,16.90,185.86
26/05/2026,Darwin,E10,,,
26/05/2026,Darwin,P95,177.31,17.73,195.04
26/05/2026,Darwin,P98,,,
26/05/2026,Darwin,DIS,188.45,18.84,207.29
26/05/2026,Darwin,PREDIS,190.45,19.04,209.49
26/05/2026,Bell Bay,ULP,167.49,16.75,184.24
26/05/2026,Bell Bay,E10,167.68,16.77,184.44
26/05/2026,Bell Bay,P95,176.83,17.68,194.52
26/05/2026,Bell Bay,P98,179.56,17.96,197.51
26/05/2026,Bell Bay,DIS,192.07,19.21,211.27
26/05/2026,Bell Bay,PREDIS,194.07,19.41,213.47
26/05/2026,Broome,ULP,196.97,19.70,216.67
26/05/2026,Broome,E10,,,
26/05/2026,Broome,P95,208.95,20.89,229.84
26/05/2026,Broome,P98,,,
26/05/2026,Broome,DIS,193.12,19.31,212.43
27/05/2026,Hastings,ULP,159.44,15.94,175.39
27/05/2026,Hastings,E10,159.43,15.94,175.37
27/05/2026,Hastings,P95,174.76,17.48,192.23
27/05/2026,Hastings,P98,181.10,18.11,199.21
27/05/2026,Hastings,DIS,185.15,18.52,203.67
27/05/2026,Hastings,PREDIS,187.15,18.72,205.87
27/05/2026,Yarraville,ULP,163.32,16.33,179.65
27/05/2026,Yarraville,E10,161.14,16.11,177.26
27/05/2026,Yarraville,P95,174.19,17.42,191.61
27/05/2026,Yarraville,P98,181.27,18.13,199.39
27/05/2026,Yarraville,DIS,187.84,18.78,206.63
27/05/2026,Yarraville,PREDIS,189.84,18.98,208.83
27/05/2026,Sydney,ULP,161.22,16.12,177.34
27/05/2026,Sydney,E10,161.11,16.11,177.22
27/05/2026,Sydney,P95,175.37,17.54,192.90
27/05/2026,Sydney,P98,182.64,18.26,200.90
27/05/2026,Sydney,DIS,185.57,18.56,204.12
27/05/2026,Sydney,PREDIS,187.57,18.76,206.32
27/05/2026,Brisbane,ULP,160.75,16.08,176.83
27/05/2026,Brisbane,E10,160.77,16.08,176.85
27/05/2026,Brisbane,P95,174.99,17.50,192.49
27/05/2026,Brisbane,P98,187.79,18.78,206.57
27/05/2026,Brisbane,DIS,182.73,18.27,201.00
27/05/2026,Brisbane,PREDIS,184.73,18.47,203.20
27/05/2026,Brisbane,B5,186.38,18.64,205.02
27/05/2026,Gladstone,ULP,169.94,16.99,186.94
27/05/2026,Gladstone,E10,167.65,16.76,184.41
27/05/2026,Gladstone,P95,174.00,17.40,191.40
27/05/2026,Gladstone,P98,,,
27/05/2026,Gladstone,DIS,183.60,18.36,201.96
27/05/2026,Gladstone,PREDIS,185.60,18.56,204.16
27/05/2026,Mackay,ULP,170.52,17.05,187.57
27/05/2026,Mackay,E10,168.87,16.89,185.75
27/05/2026,Mackay,P95,175.86,17.59,193.44
27/05/2026,Mackay,P98,179.69,17.97,197.66
27/05/2026,Mackay,DIS,187.89,18.79,206.68
27/05/2026,Mackay,PREDIS,189.89,18.99,208.88
27/05/2026,Townsville,ULP,170.47,17.05,187.52
27/05/2026,Townsville,E10,171.47,17.15,188.62
27/05/2026,Townsville,P95,184.19,18.42,202.61
27/05/2026,Townsville,P98,202.40,20.24,222.64
27/05/2026,Townsville,DIS,186.53,18.65,205.18
27/05/2026,Townsville,PREDIS,188.53,18.85,207.38
27/05/2026,Cairns,ULP,168.65,16.86,185.51
27/05/2026,Cairns,E10,170.35,17.03,187.38
27/05/2026,Cairns,P95,179.69,17.97,197.66
27/05/2026,Cairns,P98,183.34,18.33,201.68
27/05/2026,Cairns,DIS,184.53,18.45,202.99
27/05/2026,Cairns,PREDIS,186.53,18.65,205.19
27/05/2026,Port Alma,DIS,183.60,18.36,201.96
27/05/2026,Adelaide,ULP,160.60,16.06,176.66
27/05/2026,Adelaide,E10,159.03,15.90,174.93
27/05/2026,Adelaide,P95,171.63,17.16,188.80
27/05/2026,Adelaide,P98,184.93,18.49,203.42
27/05/2026,Adelaide,DIS,179.47,17.95,197.42
27/05/2026,Adelaide,PREDIS,181.47,18.15,199.62
27/05/2026,Perth,ULP,161.27,16.13,177.39
27/05/2026,Perth,E10,,,
27/05/2026,Perth,P95,175.45,17.55,193.00
27/05/2026,Perth,P98,188.91,18.89,207.80
27/05/2026,Perth,DIS,180.25,18.02,198.27
27/05/2026,Perth,PREDIS,182.25,18.22,200.47
27/05/2026,Darwin,ULP,167.85,16.79,184.64
27/05/2026,Darwin,E10,,,
27/05/2026,Darwin,P95,175.64,17.56,193.21
27/05/2026,Darwin,P98,,,
27/05/2026,Darwin,DIS,186.38,18.64,205.01
27/05/2026,Darwin,PREDIS,188.38,18.84,207.21
27/05/2026,Bell Bay,ULP,166.34,16.63,182.98
27/05/2026,Bell Bay,E10,166.54,16.65,183.19
27/05/2026,Bell Bay,P95,175.17,17.52,192.69
27/05/2026,Bell Bay,P98,177.86,17.79,195.65
27/05/2026,Bell Bay,DIS,189.96,19.00,208.95
27/05/2026,Bell Bay,PREDIS,191.96,19.20,211.15
27/05/2026,Broome,ULP,195.65,19.56,215.21
27/05/2026,Broome,E10,,,
27/05/2026,Broome,P95,207.18,20.72,227.89
27/05/2026,Broome,P98,,,
27/05/2026,Broome,DIS,190.99,19.10,210.09
28/05/2026,Hastings,ULP,158.02,15.80,173.82
28/05/2026,Hastings,E10,158.02,15.80,173.82
28/05/2026,Hastings,P95,173.00,17.30,190.30
28/05/2026,Hastings,P98,179.33,17.93,197.27
28/05/2026,Hastings,DIS,182.82,18.28,201.10
28/05/2026,Hastings,PREDIS,184.82,18.48,203.30
28/05/2026,Yarraville,ULP,161.58,16.16,177.74
28/05/2026,Yarraville,E10,159.57,15.96,175.53
28/05/2026,Yarraville,P95,172.43,17.24,189.68
28/05/2026,Yarraville,P98,179.51,17.95,197.46
28/05/2026,Yarraville,DIS,185.53,18.55,204.08
28/05/2026,Yarraville,PREDIS,187.53,18.75,206.28
28/05/2026,Sydney,ULP,159.79,15.98,175.77
28/05/2026,Sydney,E10,159.70,15.97,175.67
28/05/2026,Sydney,P95,173.61,17.36,190.97
28/05/2026,Sydney,P98,180.87,18.09,198.95
28/05/2026,Sydney,DIS,183.24,18.32,201.56
28/05/2026,Sydney,PREDIS,185.24,18.52,203.76
28/05/2026,Brisbane,ULP,159.29,15.93,175.22
28/05/2026,Brisbane,E10,159.31,15.93,175.24
28/05/2026,Brisbane,P95,173.22,17.32,190.54
28/05/2026,Brisbane,P98,185.98,18.60,204.58
28/05/2026,Brisbane,DIS,180.35,18.03,198.38
28/05/2026,Brisbane,PREDIS,182.35,18.23,200.58
28/05/2026,Brisbane,B5,184.00,18.40,202.40
28/05/2026,Gladstone,ULP,168.52,16.85,185.37
28/05/2026,Gladstone,E10,166.37,16.64,183.00
28/05/2026,Gladstone,P95,172.27,17.23,189.49
28/05/2026,Gladstone,P98,,,
28/05/2026,Gladstone,DIS,181.27,18.13,199.40
28/05/2026,Gladstone,PREDIS,183.27,18.33,201.60
28/05/2026,Mackay,ULP,169.10,16.91,186.01
28/05/2026,Mackay,E10,167.59,16.76,184.35
28/05/2026,Mackay,P95,174.09,17.41,191.50
28/05/2026,Mackay,P98,177.92,17.79,195.72
28/05/2026,Mackay,DIS,185.57,18.56,204.13
28/05/2026,Mackay,PREDIS,187.57,18.76,206.33
28/05/2026,Townsville,ULP,169.05,16.90,185.95
28/05/2026,Townsville,E10,170.05,17.00,187.05
28/05/2026,Townsville,P95,182.43,18.24,200.67
28/05/2026,Townsville,P98,200.64,20.06,220.71
28/05/2026,Townsville,DIS,184.20,18.42,202.63
28/05/2026,Townsville,PREDIS,186.20,18.62,204.83
28/05/2026,Cairns,ULP,167.23,16.72,183.95
28/05/2026,Cairns,E10,168.63,16.86,185.49
28/05/2026,Cairns,P95,177.97,17.80,195.76
28/05/2026,Cairns,P98,181.58,18.16,199.74
28/05/2026,Cairns,DIS,182.21,18.22,200.43
28/05/2026,Cairns,PREDIS,184.21,18.42,202.63
28/05/2026,Port Alma,DIS,181.27,18.13,199.40
28/05/2026,Adelaide,ULP,159.19,15.92,175.10
28/05/2026,Adelaide,E10,157.63,15.76,173.39
28/05/2026,Adelaide,P95,169.91,16.99,186.90
28/05/2026,Adelaide,P98,183.17,18.32,201.49
28/05/2026,Adelaide,DIS,177.15,17.71,194.86
28/05/2026,Adelaide,PREDIS,179.15,17.91,197.06
28/05/2026,Perth,ULP,159.85,15.99,175.84
28/05/2026,Perth,E10,,,
28/05/2026,Perth,P95,173.73,17.37,191.10
28/05/2026,Perth,P98,187.16,18.72,205.87
28/05/2026,Perth,DIS,177.94,17.79,195.73
28/05/2026,Perth,PREDIS,179.94,17.99,197.93
28/05/2026,Darwin,ULP,166.45,16.64,183.09
28/05/2026,Darwin,E10,,,
28/05/2026,Darwin,P95,173.89,17.39,191.28
28/05/2026,Darwin,P98,,,
28/05/2026,Darwin,DIS,184.07,18.41,202.48
28/05/2026,Darwin,PREDIS,186.07,18.61,204.68
28/05/2026,Bell Bay,ULP,164.91,16.49,181.40
28/05/2026,Bell Bay,E10,165.12,16.51,181.64
28/05/2026,Bell Bay,P95,173.40,17.34,190.74
28/05/2026,Bell Bay,P98,176.08,17.61,193.69
28/05/2026,Bell Bay,DIS,187.62,18.76,206.38
28/05/2026,Bell Bay,PREDIS,189.62,18.96,208.58
28/05/2026,Broome,ULP,194.05,19.41,213.46
28/05/2026,Broome,E10,,,
28/05/2026,Broome,P95,205.27,20.53,225.80
28/05/2026,Broome,P98,,,
28/05/2026,Broome,DIS,188.63,18.86,207.50
29/05/2026,Hastings,ULP,157.44,15.74,173.18
29/05/2026,Hastings,E10,157.48,15.75,173.23
29/05/2026,Hastings,P95,169.13,16.91,186.04
29/05/2026,Hastings,P98,175.93,17.59,193.53
29/05/2026,Hastings,DIS,176.27,17.63,193.89
29/05/2026,Hastings,PREDIS,178.27,17.83,196.09
29/05/2026,Yarraville,ULP,161.48,16.15,177.63
29/05/2026,Yarraville,E10,159.48,15.95,175.43
29/05/2026,Yarraville,P95,172.32,17.23,189.55
29/05/2026,Yarraville,P98,179.39,17.94,197.33
29/05/2026,Yarraville,DIS,185.40,18.54,203.94
29/05/2026,Yarraville,PREDIS,187.40,18.74,206.14
29/05/2026,Sydney,ULP,156.71,15.67,172.38
29/05/2026,Sydney,E10,156.66,15.67,172.33
29/05/2026,Sydney,P95,169.74,16.97,186.71
29/05/2026,Sydney,P98,177.47,17.75,195.21
29/05/2026,Sydney,DIS,176.48,17.65,194.13
29/05/2026,Sydney,PREDIS,178.48,17.85,196.33
29/05/2026,Brisbane,ULP,159.18,15.92,175.10
29/05/2026,Brisbane,E10,159.20,15.92,175.12
29/05/2026,Brisbane,P95,173.10,17.31,190.41
29/05/2026,Brisbane,P98,185.86,18.59,204.45
29/05/2026,Brisbane,DIS,180.22,18.02,198.25
29/05/2026,Brisbane,PREDIS,182.22,18.22,200.45
29/05/2026,Brisbane,B5,183.87,18.39,202.26
29/05/2026,Gladstone,ULP,168.41,16.84,185.25
29/05/2026,Gladstone,E10,166.27,16.63,182.89
29/05/2026,Gladstone,P95,172.15,17.22,189.37
29/05/2026,Gladstone,P98,,,
29/05/2026,Gladstone,DIS,181.15,18.12,199.27
29/05/2026,Gladstone,PREDIS,183.15,18.32,201.47
29/05/2026,Mackay,ULP,168.99,16.90,185.89
29/05/2026,Mackay,E10,167.49,16.75,184.24
29/05/2026,Mackay,P95,173.98,17.40,191.37
29/05/2026,Mackay,P98,177.81,17.78,195.59
29/05/2026,Mackay,DIS,185.44,18.54,203.99
29/05/2026,Mackay,PREDIS,187.44,18.74,206.19
29/05/2026,Townsville,ULP,168.94,16.89,185.83
29/05/2026,Townsville,E10,169.94,16.99,186.93
29/05/2026,Townsville,P95,182.31,18.23,200.54
29/05/2026,Townsville,P98,200.52,20.05,220.57
29/05/2026,Townsville,DIS,184.08,18.41,202.49
29/05/2026,Townsville,PREDIS,186.08,18.61,204.69
29/05/2026,Cairns,ULP,167.12,16.71,183.83
29/05/2026,Cairns,E10,168.52,16.85,185.37
29/05/2026,Cairns,P95,177.85,17.79,195.64
29/05/2026,Cairns,P98,181.46,18.15,199.61
29/05/2026,Cairns,DIS,182.08,18.21,200.29
29/05/2026,Cairns,PREDIS,184.08,18.41,202.49
29/05/2026,Port Alma,DIS,181.15,18.12,199.27
29/05/2026,Adelaide,ULP,159.08,15.91,174.99
29/05/2026,Adelaide,E10,157.52,15.75,173.28
29/05/2026,Adelaide,P95,169.79,16.98,186.77
29/05/2026,Adelaide,P98,183.06,18.31,201.36
29/05/2026,Adelaide,DIS,177.03,17.70,194.73
29/05/2026,Adelaide,PREDIS,179.03,17.90,196.93
29/05/2026,Perth,ULP,159.75,15.97,175.72
29/05/2026,Perth,E10,,,
29/05/2026,Perth,P95,173.61,17.36,190.98
29/05/2026,Perth,P98,187.04,18.70,205.74
29/05/2026,Perth,DIS,177.82,17.78,195.60
29/05/2026,Perth,PREDIS,179.82,17.98,197.80
29/05/2026,Darwin,ULP,166.34,16.63,182.98
29/05/2026,Darwin,E10,,,
29/05/2026,Darwin,P95,173.78,17.38,191.16
29/05/2026,Darwin,P98,,,
29/05/2026,Darwin,DIS,183.94,18.39,202.34
29/05/2026,Darwin,PREDIS,185.94,18.59,204.54
29/05/2026,Bell Bay,ULP,163.33,16.33,179.66
29/05/2026,Bell Bay,E10,163.58,16.36,179.94
29/05/2026,Bell Bay,P95,169.53,16.95,186.48
29/05/2026,Bell Bay,P98,172.68,17.27,189.95
29/05/2026,Bell Bay,DIS,180.86,18.09,198.95
29/05/2026,Bell Bay,PREDIS,182.86,18.29,201.15
29/05/2026,Broome,ULP,193.92,19.39,213.31
29/05/2026,Broome,E10,,,
29/05/2026,Broome,P95,205.13,20.51,225.64
29/05/2026,Broome,P98,,,
29/05/2026,Broome,DIS,188.51,18.85,207.36
30/05/2026,Hastings,ULP,154.82,15.48,170.30
30/05/2026,Hastings,E10,154.80,15.48,170.28
30/05/2026,Hastings,P95,169.46,16.95,186.40
30/05/2026,Hastings,P98,172.96,17.30,190.26
30/05/2026,Hastings,DIS,173.21,17.32,190.53
30/05/2026,Hastings,PREDIS,175.21,17.52,192.73
30/05/2026,Yarraville,ULP,158.55,15.86,174.41
30/05/2026,Yarraville,E10,156.83,15.68,172.51
30/05/2026,Yarraville,P95,169.36,16.94,186.30
30/05/2026,Yarraville,P98,176.44,17.64,194.08
30/05/2026,Yarraville,DIS,182.40,18.24,200.64
30/05/2026,Yarraville,PREDIS,184.40,18.44,202.84
30/05/2026,Sydney,ULP,154.09,15.41,169.50
30/05/2026,Sydney,E10,154.07,15.41,169.47
30/05/2026,Sydney,P95,166.77,16.68,183.45
30/05/2026,Sydney,P98,174.50,17.45,191.95
30/05/2026,Sydney,DIS,173.42,17.34,190.76
30/05/2026,Sydney,PREDIS,175.42,17.54,192.96
30/05/2026,Brisbane,ULP,156.54,15.65,172.19
30/05/2026,Brisbane,E10,156.56,15.66,172.21
30/05/2026,Brisbane,P95,170.14,17.01,187.15
30/05/2026,Brisbane,P98,182.87,18.29,201.16
30/05/2026,Brisbane,DIS,177.18,17.72,194.89
30/05/2026,Brisbane,PREDIS,179.18,17.92,197.09
30/05/2026,Brisbane,B5,180.83,18.08,198.91
30/05/2026,Gladstone,ULP,165.79,16.58,182.37
30/05/2026,Gladstone,E10,163.91,16.39,180.30
30/05/2026,Gladstone,P95,169.22,16.92,186.14
30/05/2026,Gladstone,P98,,,
30/05/2026,Gladstone,DIS,178.14,17.81,195.95
30/05/2026,Gladstone,PREDIS,180.14,18.01,198.15
30/05/2026,Mackay,ULP,166.38,16.64,183.02
30/05/2026,Mackay,E10,165.14,16.51,181.65
30/05/2026,Mackay,P95,171.01,17.10,188.11
30/05/2026,Mackay,P98,174.84,17.48,192.33
30/05/2026,Mackay,DIS,182.44,18.24,200.68
30/05/2026,Mackay,PREDIS,184.44,18.44,202.88
30/05/2026,Townsville,ULP,166.33,16.63,182.96
30/05/2026,Townsville,E10,167.33,16.73,184.06
30/05/2026,Townsville,P95,179.35,17.93,197.28
30/05/2026,Townsville,P98,197.56,19.76,217.32
30/05/2026,Townsville,DIS,181.07,18.11,199.18
30/05/2026,Townsville,PREDIS,183.07,18.31,201.38
30/05/2026,Cairns,ULP,164.51,16.45,180.96
30/05/2026,Cairns,E10,165.62,16.56,182.18
30/05/2026,Cairns,P95,174.92,17.49,192.42
30/05/2026,Cairns,P98,178.51,17.85,196.36
30/05/2026,Cairns,DIS,179.07,17.91,196.98
30/05/2026,Cairns,PREDIS,181.07,18.11,199.18
30/05/2026,Port Alma,DIS,178.14,17.81,195.95
30/05/2026,Adelaide,ULP,156.47,15.65,172.12
30/05/2026,Adelaide,E10,154.95,15.49,170.44
30/05/2026,Adelaide,P95,166.87,16.69,183.56
30/05/2026,Adelaide,P98,180.10,18.01,198.11
30/05/2026,Adelaide,DIS,174.03,17.40,191.43
30/05/2026,Adelaide,PREDIS,176.03,17.60,193.63
30/05/2026,Perth,ULP,157.14,15.71,172.85
30/05/2026,Perth,E10,,,
30/05/2026,Perth,P95,170.69,17.07,187.76
30/05/2026,Perth,P98,184.08,18.41,202.49
30/05/2026,Perth,DIS,174.83,17.48,192.31
30/05/2026,Perth,PREDIS,176.83,17.68,194.51
30/05/2026,Darwin,ULP,163.75,16.38,180.13
30/05/2026,Darwin,E10,,,
30/05/2026,Darwin,P95,170.84,17.08,187.92
30/05/2026,Darwin,P98,,,
30/05/2026,Darwin,DIS,180.96,18.10,199.05
30/05/2026,Darwin,PREDIS,182.96,18.30,201.25
30/05/2026,Bell Bay,ULP,160.70,16.07,176.77
30/05/2026,Bell Bay,E10,160.96,16.10,177.05
30/05/2026,Bell Bay,P95,167.54,16.75,184.30
30/05/2026,Bell Bay,P98,169.70,16.97,186.67
30/05/2026,Bell Bay,DIS,177.81,17.78,195.59
30/05/2026,Bell Bay,PREDIS,179.81,17.98,197.79
30/05/2026,Broome,ULP,191.08,19.11,210.19
30/05/2026,Broome,E10,,,
30/05/2026,Broome,P95,201.98,20.20,222.17
30/05/2026,Broome,P98,,,
30/05/2026,Broome,DIS,185.46,18.55,204.00
2/06/2026,Hastings,ULP,151.54,15.15,166.70
2/06/2026,Hastings,E10,151.49,15.15,166.64
2/06/2026,Hastings,P95,165.84,16.58,182.42
2/06/2026,Hastings,P98,169.33,16.93,186.26
2/06/2026,Hastings,DIS,169.28,16.93,186.21
2/06/2026,Hastings,PREDIS,171.28,17.13,188.41
2/06/2026,Yarraville,ULP,153.00,15.30,168.30
2/06/2026,Yarraville,E10,151.81,15.18,166.99
2/06/2026,Yarraville,P95,163.11,16.31,179.42
2/06/2026,Yarraville,P98,169.65,16.96,186.61
2/06/2026,Yarraville,DIS,172.17,17.22,189.39
2/06/2026,Yarraville,PREDIS,174.17,17.42,191.59
2/06/2026,Sydney,ULP,150.83,15.08,165.91
2/06/2026,Sydney,E10,150.77,15.08,165.84
2/06/2026,Sydney,P95,163.16,16.32,179.48
2/06/2026,Sydney,P98,170.86,17.09,187.95
2/06/2026,Sydney,DIS,169.48,16.95,186.43
2/06/2026,Sydney,PREDIS,171.48,17.15,188.63
2/06/2026,Brisbane,ULP,153.71,15.37,169.08
2/06/2026,Brisbane,E10,153.73,15.37,169.10
2/06/2026,Brisbane,P95,159.45,15.95,175.40
2/06/2026,Brisbane,P98,172.15,17.21,189.36
2/06/2026,Brisbane,DIS,168.83,16.88,185.72
2/06/2026,Brisbane,PREDIS,170.83,17.08,187.92
2/06/2026,Brisbane,B5,172.48,17.25,189.73
2/06/2026,Gladstone,ULP,159.00,15.90,174.90
2/06/2026,Gladstone,E10,157.80,15.78,173.57
2/06/2026,Gladstone,P95,158.56,15.86,174.42
2/06/2026,Gladstone,P98,,,
2/06/2026,Gladstone,DIS,169.85,16.98,186.83
2/06/2026,Gladstone,PREDIS,171.85,17.18,189.03
2/06/2026,Mackay,ULP,159.06,15.91,174.96
2/06/2026,Mackay,E10,160.34,16.03,176.37
2/06/2026,Mackay,P95,159.09,15.91,175.00
2/06/2026,Mackay,P98,161.95,16.19,178.14
2/06/2026,Mackay,DIS,170.53,17.05,187.58
2/06/2026,Mackay,PREDIS,172.53,17.25,189.78
2/06/2026,Townsville,ULP,159.01,15.90,174.91
2/06/2026,Townsville,E10,160.01,16.00,176.01
2/06/2026,Townsville,P95,167.43,16.74,184.17
2/06/2026,Townsville,P98,184.66,18.47,203.13
2/06/2026,Townsville,DIS,172.77,17.28,190.05
2/06/2026,Townsville,PREDIS,174.77,17.48,192.25
2/06/2026,Cairns,ULP,157.73,15.77,173.50
2/06/2026,Cairns,E10,158.59,15.86,174.44
2/06/2026,Cairns,P95,164.28,16.43,180.71
2/06/2026,Cairns,P98,,,
2/06/2026,Cairns,DIS,170.78,17.08,187.86
2/06/2026,Cairns,PREDIS,172.78,17.28,190.06
2/06/2026,Port Alma,DIS,169.85,16.98,186.83
2/06/2026,Adelaide,ULP,149.70,14.97,164.67
2/06/2026,Adelaide,E10,148.17,14.82,162.99
2/06/2026,Adelaide,P95,156.23,15.62,171.85
2/06/2026,Adelaide,P98,169.42,16.94,186.36
2/06/2026,Adelaide,DIS,165.74,16.57,182.32
2/06/2026,Adelaide,PREDIS,167.74,16.77,184.52
2/06/2026,Perth,ULP,152.13,15.21,167.34
2/06/2026,Perth,E10,,,
2/06/2026,Perth,P95,160.28,16.03,176.30
2/06/2026,Perth,P98,173.85,17.38,191.23
2/06/2026,Perth,DIS,166.70,16.67,183.37
2/06/2026,Perth,PREDIS,168.70,16.87,185.57
2/06/2026,Darwin,ULP,156.18,15.62,171.80
2/06/2026,Darwin,E10,,,
2/06/2026,Darwin,P95,163.08,16.31,179.39
2/06/2026,Darwin,P98,,,
2/06/2026,Darwin,DIS,169.38,16.94,186.31
2/06/2026,Darwin,PREDIS,171.38,17.14,188.51
2/06/2026,Bell Bay,ULP,157.41,15.74,173.16
2/06/2026,Bell Bay,E10,157.64,15.76,173.40
2/06/2026,Bell Bay,P95,163.91,16.39,180.31
2/06/2026,Bell Bay,P98,166.05,16.61,182.66
2/06/2026,Bell Bay,DIS,173.87,17.39,191.26
2/06/2026,Bell Bay,PREDIS,175.87,17.59,193.46
2/06/2026,Broome,ULP,183.96,18.40,202.35
2/06/2026,Broome,E10,,,
2/06/2026,Broome,P95,191.21,19.12,210.33
2/06/2026,Broome,P98,,,
2/06/2026,Broome,DIS,177.24,17.72,194.96
3/06/2026,Hastings,ULP,151.46,15.15,166.61
3/06/2026,Hastings,E10,151.41,15.14,166.55
3/06/2026,Hastings,P95,165.76,16.58,182.34
3/06/2026,Hastings,P98,169.25,16.93,186.18
3/06/2026,Hastings,DIS,169.18,16.92,186.10
3/06/2026,Hastings,PREDIS,171.18,17.12,188.30
3/06/2026,Yarraville,ULP,152.93,15.29,168.22
3/06/2026,Yarraville,E10,151.74,15.17,166.91
3/06/2026,Yarraville,P95,163.03,16.30,179.34
3/06/2026,Yarraville,P98,169.57,16.96,186.53
3/06/2026,Yarraville,DIS,172.08,17.21,189.29
3/06/2026,Yarraville,PREDIS,174.08,17.41,191.49
3/06/2026,Sydney,ULP,150.75,15.08,165.83
3/06/2026,Sydney,E10,150.69,15.07,165.76
3/06/2026,Sydney,P95,163.08,16.31,179.39
3/06/2026,Sydney,P98,170.78,17.08,187.86
3/06/2026,Sydney,DIS,169.38,16.94,186.32
3/06/2026,Sydney,PREDIS,171.38,17.14,188.52
3/06/2026,Brisbane,ULP,153.64,15.36,169.00
3/06/2026,Brisbane,E10,153.66,15.37,169.02
3/06/2026,Brisbane,P95,159.38,15.94,175.32
3/06/2026,Brisbane,P98,172.07,17.21,189.27
3/06/2026,Brisbane,DIS,168.75,16.87,185.62
3/06/2026,Brisbane,PREDIS,170.75,17.07,187.82
3/06/2026,Brisbane,B5,172.40,17.24,189.64
3/06/2026,Gladstone,ULP,158.92,15.89,174.82
3/06/2026,Gladstone,E10,157.73,15.77,173.50
3/06/2026,Gladstone,P95,158.49,15.85,174.33
3/06/2026,Gladstone,P98,,,
3/06/2026,Gladstone,DIS,169.76,16.98,186.74
3/06/2026,Gladstone,PREDIS,171.76,17.18,188.94
3/06/2026,Mackay,ULP,158.98,15.90,174.88
3/06/2026,Mackay,E10,160.27,16.03,176.29
3/06/2026,Mackay,P95,159.01,15.90,174.91
3/06/2026,Mackay,P98,161.87,16.19,178.06
3/06/2026,Mackay,DIS,170.44,17.04,187.49
3/06/2026,Mackay,PREDIS,172.44,17.24,189.69
3/06/2026,Townsville,ULP,158.93,15.89,174.82
3/06/2026,Townsville,E10,159.93,15.99,175.92
3/06/2026,Townsville,P95,167.35,16.73,184.08
3/06/2026,Townsville,P98,184.59,18.46,203.04
3/06/2026,Townsville,DIS,172.69,17.27,189.96
3/06/2026,Townsville,PREDIS,174.69,17.47,192.16
3/06/2026,Cairns,ULP,157.65,15.77,173.42
3/06/2026,Cairns,E10,158.51,15.85,174.36
3/06/2026,Cairns,P95,164.21,16.42,180.63
3/06/2026,Cairns,P98,,,
3/06/2026,Cairns,DIS,170.69,17.07,187.76
3/06/2026,Cairns,PREDIS,172.69,17.27,189.96
3/06/2026,Port Alma,DIS,169.76,16.98,186.74
3/06/2026,Adelaide,ULP,149.63,14.96,164.59
3/06/2026,Adelaide,E10,148.09,14.81,162.90
3/06/2026,Adelaide,P95,156.15,15.62,171.77
3/06/2026,Adelaide,P98,169.34,16.93,186.28
3/06/2026,Adelaide,DIS,165.66,16.57,182.23
3/06/2026,Adelaide,PREDIS,167.66,16.77,184.43
3/06/2026,Perth,ULP,152.05,15.21,167.26
3/06/2026,Perth,E10,,,
3/06/2026,Perth,P95,160.20,16.02,176.22
3/06/2026,Perth,P98,173.77,17.38,191.14
3/06/2026,Perth,DIS,166.62,16.66,183.28
3/06/2026,Perth,PREDIS,168.62,16.86,185.48
3/06/2026,Darwin,ULP,156.11,15.61,171.72
3/06/2026,Darwin,E10,,,
3/06/2026,Darwin,P95,163.00,16.30,179.30
3/06/2026,Darwin,P98,,,
3/06/2026,Darwin,DIS,169.29,16.93,186.22
3/06/2026,Darwin,PREDIS,171.29,17.13,188.42
3/06/2026,Bell Bay,ULP,157.34,15.73,173.07
3/06/2026,Bell Bay,E10,157.56,15.76,173.32
3/06/2026,Bell Bay,P95,163.83,16.38,180.22
3/06/2026,Bell Bay,P98,165.97,16.60,182.57
3/06/2026,Bell Bay,DIS,173.77,17.38,191.15
3/06/2026,Bell Bay,PREDIS,175.77,17.58,193.35
3/06/2026,Broome,ULP,183.86,18.39,202.25
3/06/2026,Broome,E10,,,
3/06/2026,Broome,P95,191.11,19.11,210.23
3/06/2026,Broome,P98,,,
3/06/2026,Broome,DIS,177.15,17.72,194.87
4/06/2026,Hastings,ULP,149.02,14.90,163.92
4/06/2026,Hastings,E10,149.00,14.90,163.89
4/06/2026,Hastings,P95,163.20,16.32,179.52
4/06/2026,Hastings,P98,166.69,16.67,183.36
4/06/2026,Hastings,DIS,166.84,16.68,183.52
4/06/2026,Hastings,PREDIS,168.84,16.88,185.72
4/06/2026,Yarraville,ULP,150.38,15.04,165.42
4/06/2026,Yarraville,E10,149.43,14.94,164.38
4/06/2026,Yarraville,P95,160.50,16.05,176.55
4/06/2026,Yarraville,P98,167.03,16.70,183.74
4/06/2026,Yarraville,DIS,169.77,16.98,186.75
4/06/2026,Yarraville,PREDIS,171.77,17.18,188.95
4/06/2026,Sydney,ULP,148.31,14.83,163.14
4/06/2026,Sydney,E10,148.28,14.83,163.10
4/06/2026,Sydney,P95,160.52,16.05,176.57
4/06/2026,Sydney,P98,168.23,16.82,185.05
4/06/2026,Sydney,DIS,167.04,16.70,183.74
4/06/2026,Sydney,PREDIS,169.04,16.90,185.94
4/06/2026,Brisbane,ULP,148.69,14.87,163.56
4/06/2026,Brisbane,E10,148.71,14.87,163.58
4/06/2026,Brisbane,P95,154.30,15.43,169.73
4/06/2026,Brisbane,P98,167.00,16.70,183.70
4/06/2026,Brisbane,DIS,164.40,16.44,180.84
4/06/2026,Brisbane,PREDIS,166.40,16.64,183.04
4/06/2026,Brisbane,B5,168.05,16.81,184.86
4/06/2026,Gladstone,ULP,156.49,15.65,172.14
4/06/2026,Gladstone,E10,155.53,15.55,171.09
4/06/2026,Gladstone,P95,155.92,15.59,171.51
4/06/2026,Gladstone,P98,,,
4/06/2026,Gladstone,DIS,167.44,16.74,184.19
4/06/2026,Gladstone,PREDIS,169.44,16.94,186.39
4/06/2026,Mackay,ULP,156.55,15.66,172.21
4/06/2026,Mackay,E10,158.08,15.81,173.88
4/06/2026,Mackay,P95,156.46,15.65,172.11
4/06/2026,Mackay,P98,159.32,15.93,175.25
4/06/2026,Mackay,DIS,168.13,16.81,184.94
4/06/2026,Mackay,PREDIS,170.13,17.01,187.14
4/06/2026,Townsville,ULP,156.50,15.65,172.15
4/06/2026,Townsville,E10,157.50,15.75,173.25
4/06/2026,Townsville,P95,164.80,16.48,181.28
4/06/2026,Townsville,P98,182.04,18.20,200.24
4/06/2026,Townsville,DIS,170.37,17.04,187.40
4/06/2026,Townsville,PREDIS,172.37,17.24,189.60
4/06/2026,Cairns,ULP,155.23,15.52,170.75
4/06/2026,Cairns,E10,155.98,15.60,171.58
4/06/2026,Cairns,P95,161.65,16.16,177.81
4/06/2026,Cairns,P98,,,
4/06/2026,Cairns,DIS,168.37,16.84,185.21
4/06/2026,Cairns,PREDIS,170.37,17.04,187.41
4/06/2026,Port Alma,DIS,167.44,16.74,184.19
4/06/2026,Adelaide,ULP,147.21,14.72,161.93
4/06/2026,Adelaide,E10,145.70,14.57,160.27
4/06/2026,Adelaide,P95,153.60,15.36,168.96
4/06/2026,Adelaide,P98,166.80,16.68,183.48
4/06/2026,Adelaide,DIS,163.35,16.34,179.69
4/06/2026,Adelaide,PREDIS,165.35,16.54,181.89
4/06/2026,Perth,ULP,149.63,14.96,164.59
4/06/2026,Perth,E10,,,
4/06/2026,Perth,P95,157.64,15.76,173.41
4/06/2026,Perth,P98,171.23,17.12,188.35
4/06/2026,Perth,DIS,164.33,16.43,180.76
4/06/2026,Perth,PREDIS,166.33,16.63,182.96
4/06/2026,Darwin,ULP,153.71,15.37,169.08
4/06/2026,Darwin,E10,,,
4/06/2026,Darwin,P95,160.48,16.05,176.53
4/06/2026,Darwin,P98,,,
4/06/2026,Darwin,DIS,167.00,16.70,183.70
4/06/2026,Darwin,PREDIS,169.00,16.90,185.90
4/06/2026,Bell Bay,ULP,154.88,15.49,170.37
4/06/2026,Bell Bay,E10,155.13,15.51,170.65
4/06/2026,Bell Bay,P95,161.26,16.13,177.38
4/06/2026,Bell Bay,P98,163.40,16.34,179.74
4/06/2026,Bell Bay,DIS,171.42,17.14,188.56
4/06/2026,Bell Bay,PREDIS,173.42,17.34,190.76
4/06/2026,Broome,ULP,181.12,18.11,199.23
4/06/2026,Broome,E10,,,
4/06/2026,Broome,P95,188.24,18.82,207.06
4/06/2026,Broome,P98,,,
4/06/2026,Broome,DIS,174.78,17.48,192.26
5/06/2026,Hastings,ULP,147.56,14.76,162.32
5/06/2026,Hastings,E10,147.55,14.76,162.31
5/06/2026,Hastings,P95,161.92,16.19,178.11
5/06/2026,Hastings,P98,165.44,16.54,181.98
5/06/2026,Hastings,DIS,166.40,16.64,183.04
5/06/2026,Hastings,PREDIS,168.40,16.84,185.24
5/06/2026,Yarraville,ULP,149.08,14.91,163.99
5/06/2026,Yarraville,E10,148.26,14.83,163.09
5/06/2026,Yarraville,P95,159.27,15.93,175.20
5/06/2026,Yarraville,P98,165.80,16.58,182.38
5/06/2026,Yarraville,DIS,169.37,16.94,186.30
5/06/2026,Yarraville,PREDIS,171.37,17.14,188.50
5/06/2026,Sydney,ULP,146.86,14.69,161.54
5/06/2026,Sydney,E10,146.84,14.68,161.52
5/06/2026,Sydney,P95,159.24,15.92,175.17
5/06/2026,Sydney,P98,166.97,16.70,183.67
5/06/2026,Sydney,DIS,166.60,16.66,183.26
5/06/2026,Sydney,PREDIS,168.60,16.86,185.46
5/06/2026,Brisbane,ULP,147.26,14.73,161.99
5/06/2026,Brisbane,E10,147.28,14.73,162.01
5/06/2026,Brisbane,P95,153.01,15.30,168.31
5/06/2026,Brisbane,P98,165.78,16.58,182.36
5/06/2026,Brisbane,DIS,164.01,16.40,180.41
5/06/2026,Brisbane,PREDIS,166.01,16.60,182.61
5/06/2026,Brisbane,B5,167.66,16.77,184.42
5/06/2026,Gladstone,ULP,155.03,15.50,170.54
5/06/2026,Gladstone,E10,154.22,15.42,169.65
5/06/2026,Gladstone,P95,154.60,15.46,170.06
5/06/2026,Gladstone,P98,,,
5/06/2026,Gladstone,DIS,167.03,16.70,183.73
5/06/2026,Gladstone,PREDIS,169.03,16.90,185.93
5/06/2026,Mackay,ULP,155.10,15.51,170.61
5/06/2026,Mackay,E10,156.77,15.68,172.45
5/06/2026,Mackay,P95,155.22,15.52,170.74
5/06/2026,Mackay,P98,158.07,15.81,173.88
5/06/2026,Mackay,DIS,167.72,16.77,184.49
5/06/2026,Mackay,PREDIS,169.72,16.97,186.69
5/06/2026,Townsville,ULP,155.05,15.50,170.55
5/06/2026,Townsville,E10,156.05,15.60,171.65
5/06/2026,Townsville,P95,163.56,16.36,179.91
5/06/2026,Townsville,P98,180.79,18.08,198.87
5/06/2026,Townsville,DIS,169.95,16.99,186.94
5/06/2026,Townsville,PREDIS,171.95,17.19,189.14
5/06/2026,Cairns,ULP,153.79,15.38,169.17
5/06/2026,Cairns,E10,154.69,15.47,170.16
5/06/2026,Cairns,P95,160.34,16.03,176.38
5/06/2026,Cairns,P98,,,
5/06/2026,Cairns,DIS,167.96,16.80,184.76
5/06/2026,Cairns,PREDIS,169.96,17.00,186.96
5/06/2026,Port Alma,DIS,167.03,16.70,183.73
5/06/2026,Adelaide,ULP,145.77,14.58,160.35
5/06/2026,Adelaide,E10,144.28,14.43,158.71
5/06/2026,Adelaide,P95,152.30,15.23,167.53
5/06/2026,Adelaide,P98,165.57,16.56,182.12
5/06/2026,Adelaide,DIS,162.95,16.30,179.25
5/06/2026,Adelaide,PREDIS,164.95,16.50,181.45
5/06/2026,Perth,ULP,148.19,14.82,163.01
5/06/2026,Perth,E10,,,
5/06/2026,Perth,P95,156.34,15.63,171.98
5/06/2026,Perth,P98,169.99,17.00,186.99
5/06/2026,Perth,DIS,163.95,16.39,180.34
5/06/2026,Perth,PREDIS,165.95,16.59,182.54
5/06/2026,Darwin,ULP,152.29,15.23,167.52
5/06/2026,Darwin,E10,,,
5/06/2026,Darwin,P95,159.27,15.93,175.20
5/06/2026,Darwin,P98,,,
5/06/2026,Darwin,DIS,166.62,16.66,183.28
5/06/2026,Darwin,PREDIS,168.62,16.86,185.48
5/06/2026,Bell Bay,ULP,153.41,15.34,168.75
5/06/2026,Bell Bay,E10,153.67,15.37,169.04
5/06/2026,Bell Bay,P95,159.96,16.00,175.96
5/06/2026,Bell Bay,P98,162.13,16.21,178.34
5/06/2026,Bell Bay,DIS,170.96,17.10,188.06
5/06/2026,Bell Bay,PREDIS,172.96,17.30,190.26
5/06/2026,Broome,ULP,179.32,17.93,197.26
5/06/2026,Broome,E10,,,
5/06/2026,Broome,P95,186.58,18.66,205.24
5/06/2026,Broome,P98,,,
5/06/2026,Broome,DIS,174.31,17.43,191.74
6/06/2026,Hastings,ULP,146.12,14.61,160.73
6/06/2026,Hastings,E10,146.21,14.62,160.83
6/06/2026,Hastings,P95,157.36,15.74,173.09
6/06/2026,Hastings,P98,164.19,16.42,180.61
6/06/2026,Hastings,DIS,166.10,16.61,182.70
6/06/2026,Hastings,PREDIS,168.10,16.81,184.90
6/06/2026,Yarraville,ULP,147.78,14.78,162.56
6/06/2026,Yarraville,E10,147.09,14.71,161.79
6/06/2026,Yarraville,P95,158.04,15.80,173.84
6/06/2026,Yarraville,P98,164.58,16.46,181.03
6/06/2026,Yarraville,DIS,169.00,16.90,185.90
6/06/2026,Yarraville,PREDIS,171.00,17.10,188.10
6/06/2026,Sydney,ULP,145.40,14.54,159.94
6/06/2026,Sydney,E10,145.39,14.54,159.93
6/06/2026,Sydney,P95,157.96,15.80,173.76
6/06/2026,Sydney,P98,165.73,16.57,182.30
6/06/2026,Sydney,DIS,166.31,16.63,182.94
6/06/2026,Sydney,PREDIS,168.31,16.83,185.14
6/06/2026,Brisbane,ULP,145.85,14.58,160.43
6/06/2026,Brisbane,E10,145.87,14.59,160.46
6/06/2026,Brisbane,P95,151.74,15.17,166.91
6/06/2026,Brisbane,P98,164.58,16.46,181.03
6/06/2026,Brisbane,DIS,163.67,16.37,180.03
6/06/2026,Brisbane,PREDIS,165.67,16.57,182.23
6/06/2026,Brisbane,B5,167.32,16.73,184.05
6/06/2026,Gladstone,ULP,153.57,15.36,168.93
6/06/2026,Gladstone,E10,152.91,15.29,168.20
6/06/2026,Gladstone,P95,153.28,15.33,168.61
6/06/2026,Gladstone,P98,,,
6/06/2026,Gladstone,DIS,166.65,16.67,183.32
6/06/2026,Gladstone,PREDIS,168.65,16.87,185.52
6/06/2026,Mackay,ULP,153.65,15.36,169.01
6/06/2026,Mackay,E10,155.46,15.55,171.01
6/06/2026,Mackay,P95,153.97,15.40,169.37
6/06/2026,Mackay,P98,156.83,15.68,172.51
6/06/2026,Mackay,DIS,167.34,16.73,184.08
6/06/2026,Mackay,PREDIS,169.34,16.93,186.28
6/06/2026,Townsville,ULP,153.59,15.36,168.95
6/06/2026,Townsville,E10,154.59,15.46,170.05
6/06/2026,Townsville,P95,162.31,16.23,178.54
6/06/2026,Townsville,P98,179.55,17.95,197.50
6/06/2026,Townsville,DIS,169.57,16.96,186.53
6/06/2026,Townsville,PREDIS,171.57,17.16,188.73
6/06/2026,Cairns,ULP,152.34,15.23,167.57
6/06/2026,Cairns,E10,153.39,15.34,168.73
6/06/2026,Cairns,P95,159.04,15.90,174.94
6/06/2026,Cairns,P98,,,
6/06/2026,Cairns,DIS,167.58,16.76,184.34
6/06/2026,Cairns,PREDIS,169.58,16.96,186.54
6/06/2026,Port Alma,DIS,166.65,16.67,183.32
6/06/2026,Adelaide,ULP,144.34,14.43,158.77
6/06/2026,Adelaide,E10,142.86,14.29,157.14
6/06/2026,Adelaide,P95,151.00,15.10,166.09
6/06/2026,Adelaide,P98,164.33,16.43,180.77
6/06/2026,Adelaide,DIS,162.59,16.26,178.85
6/06/2026,Adelaide,PREDIS,164.59,16.46,181.05
6/06/2026,Perth,ULP,146.75,14.67,161.42
6/06/2026,Perth,E10,,,
6/06/2026,Perth,P95,155.04,15.50,170.55
6/06/2026,Perth,P98,168.76,16.88,185.64
6/06/2026,Perth,DIS,163.60,16.36,179.96
6/06/2026,Perth,PREDIS,165.60,16.56,182.16
6/06/2026,Darwin,ULP,150.87,15.09,165.96
6/06/2026,Darwin,E10,,,
6/06/2026,Darwin,P95,158.06,15.81,173.87
6/06/2026,Darwin,P98,,,
6/06/2026,Darwin,DIS,166.27,16.63,182.89
6/06/2026,Darwin,PREDIS,168.27,16.83,185.09
6/06/2026,Bell Bay,ULP,149.48,14.95,164.43
6/06/2026,Bell Bay,E10,149.78,14.98,164.76
6/06/2026,Bell Bay,P95,157.69,15.77,173.46
6/06/2026,Bell Bay,P98,160.87,16.09,176.96
6/06/2026,Bell Bay,DIS,170.61,17.06,187.67
6/06/2026,Bell Bay,PREDIS,172.61,17.26,189.87
6/06/2026,Broome,ULP,177.55,17.76,195.31
6/06/2026,Broome,E10,,,
6/06/2026,Broome,P95,184.95,18.50,203.45
6/06/2026,Broome,P98,,,
6/06/2026,Broome,DIS,173.88,17.39,191.27
09/06/2026,Hastings,ULP,144.76,14.48,159.24
09/06/2026,Hastings,E10,144.74,14.47,159.21
09/06/2026,Hastings,P95,156.19,15.62,171.80
09/06/2026,Hastings,P98,163.05,16.31,179.36
09/06/2026,Hastings,DIS,165.78,16.58,182.35
09/06/2026,Hastings,PREDIS,167.78,16.78,184.55
09/06/2026,Yarraville,ULP,146.59,14.66,161.25
09/06/2026,Yarraville,E10,146.00,14.60,160.60
09/06/2026,Yarraville,P95,156.92,15.69,172.61
09/06/2026,Yarraville,P98,163.46,16.35,179.80
09/06/2026,Yarraville,DIS,168.70,16.87,185.57
09/06/2026,Yarraville,PREDIS,170.70,17.07,187.77
09/06/2026,Sydney,ULP,144.03,14.40,158.44
09/06/2026,Sydney,E10,143.92,14.39,158.31
09/06/2026,Sydney,P95,156.80,15.68,172.48
09/06/2026,Sydney,P98,164.59,16.46,181.05
09/06/2026,Sydney,DIS,165.99,16.60,182.59
09/06/2026,Sydney,PREDIS,167.99,16.80,184.79
09/06/2026,Brisbane,ULP,144.55,14.45,159.00
09/06/2026,Brisbane,E10,144.57,14.46,159.03
09/06/2026,Brisbane,P95,150.58,15.06,165.64
09/06/2026,Brisbane,P98,163.50,16.35,179.85
09/06/2026,Brisbane,DIS,163.42,16.34,179.76
09/06/2026,Brisbane,PREDIS,165.42,16.54,181.96
09/06/2026,Brisbane,B5,167.07,16.71,183.77
09/06/2026,Gladstone,ULP,152.21,15.22,167.44
09/06/2026,Gladstone,E10,151.69,15.17,166.86
09/06/2026,Gladstone,P95,152.07,15.21,167.28
09/06/2026,Gladstone,P98,,,
09/06/2026,Gladstone,DIS,166.35,16.63,182.98
09/06/2026,Gladstone,PREDIS,168.35,16.83,185.18
09/06/2026,Mackay,ULP,152.29,15.23,167.52
09/06/2026,Mackay,E10,154.25,15.42,169.67
09/06/2026,Mackay,P95,152.84,15.28,168.12
09/06/2026,Mackay,P98,155.69,15.57,171.26
09/06/2026,Mackay,DIS,167.04,16.70,183.75
09/06/2026,Mackay,PREDIS,169.04,16.90,185.95
09/06/2026,Townsville,ULP,152.24,15.22,167.46
09/06/2026,Townsville,E10,153.24,15.32,168.56
09/06/2026,Townsville,P95,161.17,16.12,177.29
09/06/2026,Townsville,P98,178.41,17.84,196.25
09/06/2026,Townsville,DIS,169.26,16.93,186.19
09/06/2026,Townsville,PREDIS,171.26,17.13,188.39
09/06/2026,Cairns,ULP,150.99,15.10,166.09
09/06/2026,Cairns,E10,152.20,15.22,167.42
09/06/2026,Cairns,P95,157.84,15.78,173.62
09/06/2026,Cairns,P98,,,
09/06/2026,Cairns,DIS,167.28,16.73,184.00
09/06/2026,Cairns,PREDIS,169.28,16.93,186.20
09/06/2026,Port Alma,DIS,166.35,16.63,182.98
09/06/2026,Adelaide,ULP,142.99,14.30,157.29
09/06/2026,Adelaide,E10,141.41,14.14,155.55
09/06/2026,Adelaide,P95,149.80,14.98,164.78
09/06/2026,Adelaide,P98,163.21,16.32,179.53
09/06/2026,Adelaide,DIS,162.29,16.23,178.52
09/06/2026,Adelaide,PREDIS,164.29,16.43,180.72
09/06/2026,Perth,ULP,145.41,14.54,159.95
09/06/2026,Perth,E10,,,
09/06/2026,Perth,P95,153.85,15.38,169.23
09/06/2026,Perth,P98,167.64,16.76,184.40
09/06/2026,Perth,DIS,163.32,16.33,179.65
09/06/2026,Perth,PREDIS,165.32,16.53,181.85
09/06/2026,Darwin,ULP,149.54,14.95,164.50
09/06/2026,Darwin,E10,,,
09/06/2026,Darwin,P95,156.96,15.70,172.65
09/06/2026,Darwin,P98,,,
09/06/2026,Darwin,DIS,165.99,16.60,182.58
09/06/2026,Darwin,PREDIS,167.99,16.80,184.78
09/06/2026,Bell Bay,ULP,148.10,14.81,162.91
09/06/2026,Bell Bay,E10,148.30,14.83,163.13
09/06/2026,Bell Bay,P95,156.50,15.65,172.16
09/06/2026,Bell Bay,P98,159.72,15.97,175.69
09/06/2026,Bell Bay,DIS,170.28,17.03,187.30
09/06/2026,Bell Bay,PREDIS,172.28,17.23,189.50
09/06/2026,Broome,ULP,175.92,17.59,193.51
09/06/2026,Broome,E10,,,
09/06/2026,Broome,P95,183.46,18.35,201.81
09/06/2026,Broome,P98,,,
09/06/2026,Broome,DIS,173.53,17.35,190.88
10/06/2026,Hastings,ULP,144.37,14.44,158.81
10/06/2026,Hastings,E10,144.36,14.44,158.79
10/06/2026,Hastings,P95,156.08,15.61,171.69
10/06/2026,Hastings,P98,163.00,16.30,179.30
10/06/2026,Hastings,DIS,166.15,16.61,182.76
10/06/2026,Hastings,PREDIS,168.15,16.81,184.96
10/06/2026,Yarraville,ULP,146.43,14.64,161.08
10/06/2026,Yarraville,E10,145.86,14.59,160.45
10/06/2026,Yarraville,P95,156.87,15.69,172.56
10/06/2026,Yarraville,P98,163.42,16.34,179.76
10/06/2026,Yarraville,DIS,169.10,16.91,186.01
10/06/2026,Yarraville,PREDIS,171.10,17.11,188.21
10/06/2026,Sydney,ULP,143.65,14.36,158.01
10/06/2026,Sydney,E10,143.54,14.35,157.89
10/06/2026,Sydney,P95,156.69,15.67,172.36
10/06/2026,Sydney,P98,164.53,16.45,180.98
10/06/2026,Sydney,DIS,166.36,16.64,183.00
10/06/2026,Sydney,PREDIS,168.36,16.84,185.20
10/06/2026,Brisbane,ULP,144.22,14.42,158.65
10/06/2026,Brisbane,E10,144.24,14.42,158.67
10/06/2026,Brisbane,P95,150.48,15.05,165.53
10/06/2026,Brisbane,P98,163.50,16.35,179.85
10/06/2026,Brisbane,DIS,163.86,16.39,180.24
10/06/2026,Brisbane,PREDIS,165.86,16.59,182.44
10/06/2026,Brisbane,B5,167.51,16.75,184.26
10/06/2026,Gladstone,ULP,151.83,15.18,167.01
10/06/2026,Gladstone,E10,151.34,15.13,166.48
10/06/2026,Gladstone,P95,151.91,15.19,167.10
10/06/2026,Gladstone,P98,,,
10/06/2026,Gladstone,DIS,166.73,16.67,183.41
10/06/2026,Gladstone,PREDIS,168.73,16.87,185.61
10/06/2026,Mackay,ULP,151.91,15.19,167.10
10/06/2026,Mackay,E10,153.91,15.39,169.30
10/06/2026,Mackay,P95,152.78,15.28,168.05
10/06/2026,Mackay,P98,155.64,15.56,171.20
10/06/2026,Mackay,DIS,167.43,16.74,184.17
10/06/2026,Mackay,PREDIS,169.43,16.94,186.37
10/06/2026,Townsville,ULP,151.86,15.19,167.04
10/06/2026,Townsville,E10,152.86,15.29,168.14
10/06/2026,Townsville,P95,161.11,16.11,177.22
10/06/2026,Townsville,P98,178.36,17.84,196.19
10/06/2026,Townsville,DIS,169.65,16.96,186.61
10/06/2026,Townsville,PREDIS,171.65,17.16,188.81
10/06/2026,Cairns,ULP,150.62,15.06,165.68
10/06/2026,Cairns,E10,152.05,15.20,167.25
10/06/2026,Cairns,P95,157.69,15.77,173.46
10/06/2026,Cairns,P98,,,
10/06/2026,Cairns,DIS,167.66,16.77,184.43
10/06/2026,Cairns,PREDIS,169.66,16.97,186.63
10/06/2026,Port Alma,DIS,166.73,16.67,183.41
10/06/2026,Adelaide,ULP,142.63,14.26,156.89
10/06/2026,Adelaide,E10,141.05,14.10,155.15
10/06/2026,Adelaide,P95,149.65,14.97,164.62
10/06/2026,Adelaide,P98,163.17,16.32,179.48
10/06/2026,Adelaide,DIS,162.69,16.27,178.96
10/06/2026,Adelaide,PREDIS,164.69,16.47,181.16
10/06/2026,Perth,ULP,145.03,14.50,159.54
10/06/2026,Perth,E10,,,
10/06/2026,Perth,P95,153.70,15.37,169.07
10/06/2026,Perth,P98,167.60,16.76,184.36
10/06/2026,Perth,DIS,163.73,16.37,180.10
10/06/2026,Perth,PREDIS,165.73,16.57,182.30
10/06/2026,Darwin,ULP,149.19,14.92,164.11
10/06/2026,Darwin,E10,,,
10/06/2026,Darwin,P95,156.93,15.69,172.62
10/06/2026,Darwin,P98,,,
10/06/2026,Darwin,DIS,166.39,16.64,183.03
10/06/2026,Darwin,PREDIS,168.39,16.84,185.23
10/06/2026,Bell Bay,ULP,147.70,14.77,162.48
10/06/2026,Bell Bay,E10,147.90,14.79,162.69
10/06/2026,Bell Bay,P95,156.39,15.64,172.03
10/06/2026,Bell Bay,P98,159.65,15.96,175.61
10/06/2026,Bell Bay,DIS,170.63,17.06,187.70
10/06/2026,Bell Bay,PREDIS,172.63,17.26,189.90
10/06/2026,Broome,ULP,175.28,17.53,192.81
10/06/2026,Broome,E10,,,
10/06/2026,Broome,P95,183.05,18.30,201.35
10/06/2026,Broome,P98,,,
10/06/2026,Broome,DIS,173.87,17.39,191.25
11/06/2026,Hastings,ULP,144.56,14.46,159.02
11/06/2026,Hastings,E10,144.54,14.45,158.99
11/06/2026,Hastings,P95,156.58,15.66,172.24
11/06/2026,Hastings,P98,163.54,16.35,179.89
11/06/2026,Hastings,DIS,166.19,16.62,182.81
11/06/2026,Hastings,PREDIS,168.19,16.82,185.01
11/06/2026,Yarraville,ULP,146.87,14.69,161.55
11/06/2026,Yarraville,E10,146.26,14.63,160.88
11/06/2026,Yarraville,P95,157.42,15.74,173.16
11/06/2026,Yarraville,P98,163.98,16.40,180.38
11/06/2026,Yarraville,DIS,169.16,16.92,186.08
11/06/2026,Yarraville,PREDIS,171.16,17.12,188.28
11/06/2026,Sydney,ULP,143.83,14.38,158.22
11/06/2026,Sydney,E10,143.72,14.37,158.09
11/06/2026,Sydney,P95,157.19,15.72,172.91
11/06/2026,Sydney,P98,165.07,16.51,181.58
11/06/2026,Sydney,DIS,166.40,16.64,183.04
11/06/2026,Sydney,PREDIS,168.40,16.84,185.24
11/06/2026,Brisbane,ULP,144.47,14.45,158.91
11/06/2026,Brisbane,E10,144.49,14.45,158.94
11/06/2026,Brisbane,P95,150.97,15.10,166.07
11/06/2026,Brisbane,P98,164.10,16.41,180.51
11/06/2026,Brisbane,DIS,163.95,16.40,180.35
11/06/2026,Brisbane,PREDIS,165.95,16.60,182.55
11/06/2026,Brisbane,B5,167.60,16.76,184.36
11/06/2026,Gladstone,ULP,152.02,15.20,167.22
11/06/2026,Gladstone,E10,151.51,15.15,166.66
11/06/2026,Gladstone,P95,152.34,15.23,167.58
11/06/2026,Gladstone,P98,,,
11/06/2026,Gladstone,DIS,166.78,16.68,183.46
11/06/2026,Gladstone,PREDIS,168.78,16.88,185.66
11/06/2026,Mackay,ULP,152.10,15.21,167.31
11/06/2026,Mackay,E10,154.08,15.41,169.49
11/06/2026,Mackay,P95,153.31,15.33,168.64
11/06/2026,Mackay,P98,156.18,15.62,171.80
11/06/2026,Mackay,DIS,167.48,16.75,184.23
11/06/2026,Mackay,PREDIS,169.48,16.95,186.43
11/06/2026,Townsville,ULP,152.05,15.20,167.25
11/06/2026,Townsville,E10,153.05,15.30,168.35
11/06/2026,Townsville,P95,161.65,16.16,177.81
11/06/2026,Townsville,P98,178.90,17.89,196.79
11/06/2026,Townsville,DIS,169.69,16.97,186.66
11/06/2026,Townsville,PREDIS,171.69,17.17,188.86
11/06/2026,Cairns,ULP,150.81,15.08,165.90
11/06/2026,Cairns,E10,152.48,15.25,167.72
11/06/2026,Cairns,P95,158.13,15.81,173.94
11/06/2026,Cairns,P98,,,
11/06/2026,Cairns,DIS,167.71,16.77,184.48
11/06/2026,Cairns,PREDIS,169.71,16.97,186.68
11/06/2026,Port Alma,DIS,166.78,16.68,183.46
11/06/2026,Adelaide,ULP,142.83,14.28,157.11
11/06/2026,Adelaide,E10,141.25,14.12,155.37
11/06/2026,Adelaide,P95,150.09,15.01,165.10
11/06/2026,Adelaide,P98,163.72,16.37,180.09
11/06/2026,Adelaide,DIS,162.74,16.27,179.02
11/06/2026,Adelaide,PREDIS,164.74,16.47,181.22
11/06/2026,Perth,ULP,145.23,14.52,159.76
11/06/2026,Perth,E10,,,
11/06/2026,Perth,P95,154.14,15.41,169.56
11/06/2026,Perth,P98,168.15,16.82,184.97
11/06/2026,Perth,DIS,163.80,16.38,180.18
11/06/2026,Perth,PREDIS,165.80,16.58,182.38
11/06/2026,Darwin,ULP,149.41,14.94,164.35
11/06/2026,Darwin,E10,,,
11/06/2026,Darwin,P95,157.49,15.75,173.24
11/06/2026,Darwin,P98,,,
11/06/2026,Darwin,DIS,166.46,16.65,183.11
11/06/2026,Darwin,PREDIS,168.46,16.85,185.31
11/06/2026,Bell Bay,ULP,147.88,14.79,162.67
11/06/2026,Bell Bay,E10,148.08,14.81,162.89
11/06/2026,Bell Bay,P95,156.87,15.69,172.56
11/06/2026,Bell Bay,P98,160.18,16.02,176.20
11/06/2026,Bell Bay,DIS,170.66,17.07,187.73
11/06/2026,Bell Bay,PREDIS,172.66,17.27,189.93
11/06/2026,Broome,ULP,175.26,17.53,192.78
11/06/2026,Broome,E10,,,
11/06/2026,Broome,P95,183.27,18.33,201.60
11/06/2026,Broome,P98,,,
11/06/2026,Broome,DIS,173.88,17.39,191.27
12/06/2026,Hastings,ULP,144.81,14.48,159.30
12/06/2026,Hastings,E10,144.79,14.48,159.27
12/06/2026,Hastings,P95,157.13,15.71,172.84
12/06/2026,Hastings,P98,164.13,16.41,180.54
12/06/2026,Hastings,DIS,166.12,16.61,182.73
12/06/2026,Hastings,PREDIS,168.12,16.81,184.93
12/06/2026,Yarraville,ULP,147.37,14.74,162.10
12/06/2026,Yarraville,E10,146.71,14.67,161.38
12/06/2026,Yarraville,P95,158.02,15.80,173.83
12/06/2026,Yarraville,P98,164.59,16.46,181.05
12/06/2026,Yarraville,DIS,169.11,16.91,186.02
12/06/2026,Yarraville,PREDIS,171.11,17.11,188.22
12/06/2026,Sydney,ULP,144.09,14.41,158.50
12/06/2026,Sydney,E10,143.97,14.40,158.37
12/06/2026,Sydney,P95,157.74,15.77,173.51
12/06/2026,Sydney,P98,165.66,16.57,182.23
12/06/2026,Sydney,DIS,166.33,16.63,182.96
12/06/2026,Sydney,PREDIS,168.33,16.83,185.16
12/06/2026,Brisbane,ULP,144.81,14.48,159.29
12/06/2026,Brisbane,E10,144.83,14.48,159.31
12/06/2026,Brisbane,P95,151.55,15.15,166.70
12/06/2026,Brisbane,P98,164.78,16.48,181.26
12/06/2026,Brisbane,DIS,163.98,16.40,180.38
12/06/2026,Brisbane,PREDIS,165.98,16.60,182.58
12/06/2026,Brisbane,B5,167.63,16.76,184.40
12/06/2026,Gladstone,ULP,152.27,15.23,167.50
12/06/2026,Gladstone,E10,151.74,15.17,166.92
12/06/2026,Gladstone,P95,152.83,15.28,168.11
12/06/2026,Gladstone,P98,,,
12/06/2026,Gladstone,DIS,166.72,16.67,183.39
12/06/2026,Gladstone,PREDIS,168.72,16.87,185.59
12/06/2026,Mackay,ULP,152.36,15.24,167.60
12/06/2026,Mackay,E10,154.32,15.43,169.75
12/06/2026,Mackay,P95,153.90,15.39,169.29
12/06/2026,Mackay,P98,156.77,15.68,172.45
12/06/2026,Mackay,DIS,167.43,16.74,184.17
12/06/2026,Mackay,PREDIS,169.43,16.94,186.37
12/06/2026,Townsville,ULP,152.31,15.23,167.54
12/06/2026,Townsville,E10,153.31,15.33,168.64
12/06/2026,Townsville,P95,162.24,16.22,178.46
12/06/2026,Townsville,P98,179.49,17.95,197.44
12/06/2026,Townsville,DIS,169.63,16.96,186.59
12/06/2026,Townsville,PREDIS,171.63,17.16,188.79
12/06/2026,Cairns,ULP,151.08,15.11,166.19
12/06/2026,Cairns,E10,152.97,15.30,168.26
12/06/2026,Cairns,P95,158.63,15.86,174.49
12/06/2026,Cairns,P98,,,
12/06/2026,Cairns,DIS,167.65,16.76,184.41
12/06/2026,Cairns,PREDIS,169.65,16.96,186.61
12/06/2026,Port Alma,DIS,166.72,16.67,183.39
12/06/2026,Adelaide,ULP,143.10,14.31,157.41
12/06/2026,Adelaide,E10,141.51,14.15,155.66
12/06/2026,Adelaide,P95,150.59,15.06,165.65
12/06/2026,Adelaide,P98,164.32,16.43,180.76
12/06/2026,Adelaide,DIS,162.69,16.27,178.96
12/06/2026,Adelaide,PREDIS,164.69,16.47,181.16
12/06/2026,Perth,ULP,145.50,14.55,160.05
12/06/2026,Perth,E10,,,
12/06/2026,Perth,P95,154.64,15.46,170.11
12/06/2026,Perth,P98,168.76,16.88,185.63
12/06/2026,Perth,DIS,163.76,16.38,180.14
12/06/2026,Perth,PREDIS,165.76,16.58,182.34
12/06/2026,Darwin,ULP,149.69,14.97,164.66
12/06/2026,Darwin,E10,,,
12/06/2026,Darwin,P95,158.11,15.81,173.92
12/06/2026,Darwin,P98,,,
12/06/2026,Darwin,DIS,166.42,16.64,183.06
12/06/2026,Darwin,PREDIS,168.42,16.84,185.26
12/06/2026,Bell Bay,ULP,148.12,14.81,162.94
12/06/2026,Bell Bay,E10,148.32,14.83,163.15
12/06/2026,Bell Bay,P95,157.41,15.74,173.15
12/06/2026,Bell Bay,P98,160.76,16.08,176.84
12/06/2026,Bell Bay,DIS,170.58,17.06,187.64
12/06/2026,Bell Bay,PREDIS,172.58,17.26,189.84
12/06/2026,Broome,ULP,175.28,17.53,192.81
12/06/2026,Broome,E10,,,
12/06/2026,Broome,P95,183.53,18.35,201.88
12/06/2026,Broome,P98,,,
12/06/2026,Broome,DIS,173.78,17.38,191.16
13/06/2026,Hastings,ULP,145.22,14.52,159.74
13/06/2026,Hastings,E10,145.19,14.52,159.71
13/06/2026,Hastings,P95,157.86,15.79,173.65
13/06/2026,Hastings,P98,164.92,16.49,181.42
13/06/2026,Hastings,DIS,165.52,16.55,182.07
13/06/2026,Hastings,PREDIS,167.52,16.75,184.27
13/06/2026,Yarraville,ULP,148.03,14.80,162.83
13/06/2026,Yarraville,E10,147.31,14.73,162.04
13/06/2026,Yarraville,P95,158.81,15.88,174.69
13/06/2026,Yarraville,P98,165.39,16.54,181.93
13/06/2026,Yarraville,DIS,168.82,16.88,185.71
13/06/2026,Yarraville,PREDIS,170.82,17.08,187.91
13/06/2026,Sydney,ULP,144.49,14.45,158.94
13/06/2026,Sydney,E10,144.37,14.44,158.81
13/06/2026,Sydney,P95,158.47,15.85,174.32
13/06/2026,Sydney,P98,166.46,16.65,183.10
13/06/2026,Sydney,DIS,165.73,16.57,182.30
13/06/2026,Sydney,PREDIS,167.73,16.77,184.50
13/06/2026,Brisbane,ULP,145.31,14.53,159.84
13/06/2026,Brisbane,E10,145.33,14.53,159.86
13/06/2026,Brisbane,P95,152.31,15.23,167.54
13/06/2026,Brisbane,P98,165.66,16.57,182.23
13/06/2026,Brisbane,DIS,163.49,16.35,179.83
13/06/2026,Brisbane,PREDIS,165.49,16.55,182.03
13/06/2026,Brisbane,B5,167.14,16.71,183.85
13/06/2026,Gladstone,ULP,152.68,15.27,167.95
13/06/2026,Gladstone,E10,152.11,15.21,167.32
13/06/2026,Gladstone,P95,153.50,15.35,168.85
13/06/2026,Gladstone,P98,,,
13/06/2026,Gladstone,DIS,166.12,16.61,182.74
13/06/2026,Gladstone,PREDIS,168.12,16.81,184.94
13/06/2026,Mackay,ULP,152.77,15.28,168.05
13/06/2026,Mackay,E10,154.69,15.47,170.16
13/06/2026,Mackay,P95,154.68,15.47,170.15
13/06/2026,Mackay,P98,157.56,15.76,173.32
13/06/2026,Mackay,DIS,166.84,16.68,183.52
13/06/2026,Mackay,PREDIS,168.84,16.88,185.72
13/06/2026,Townsville,ULP,152.72,15.27,167.99
13/06/2026,Townsville,E10,153.72,15.37,169.09
13/06/2026,Townsville,P95,163.02,16.30,179.32
13/06/2026,Townsville,P98,180.28,18.03,198.31
13/06/2026,Townsville,DIS,169.03,16.90,185.94
13/06/2026,Townsville,PREDIS,171.03,17.10,188.14
13/06/2026,Cairns,ULP,151.49,15.15,166.64
13/06/2026,Cairns,E10,153.63,15.36,168.99
13/06/2026,Cairns,P95,159.30,15.93,175.23
13/06/2026,Cairns,P98,,,
13/06/2026,Cairns,DIS,167.05,16.71,183.76
13/06/2026,Cairns,PREDIS,169.05,16.91,185.96
13/06/2026,Port Alma,DIS,166.12,16.61,182.74
13/06/2026,Adelaide,ULP,143.51,14.35,157.86
13/06/2026,Adelaide,E10,141.92,14.19,156.12
13/06/2026,Adelaide,P95,151.27,15.13,166.40
13/06/2026,Adelaide,P98,165.12,16.51,181.63
13/06/2026,Adelaide,DIS,162.10,16.21,178.31
13/06/2026,Adelaide,PREDIS,164.10,16.41,180.51
13/06/2026,Perth,ULP,145.92,14.59,160.51
13/06/2026,Perth,E10,,,
13/06/2026,Perth,P95,155.32,15.53,170.86
13/06/2026,Perth,P98,169.56,16.96,186.51
13/06/2026,Perth,DIS,163.18,16.32,179.50
13/06/2026,Perth,PREDIS,165.18,16.52,181.70
13/06/2026,Darwin,ULP,150.11,15.01,165.13
13/06/2026,Darwin,E10,,,
13/06/2026,Darwin,P95,158.91,15.89,174.80
13/06/2026,Darwin,P98,,,
13/06/2026,Darwin,DIS,165.84,16.58,182.42
13/06/2026,Darwin,PREDIS,167.84,16.78,184.62
13/06/2026,Bell Bay,ULP,148.52,14.85,163.37
13/06/2026,Bell Bay,E10,148.71,14.87,163.58
13/06/2026,Bell Bay,P95,158.15,15.81,173.96
13/06/2026,Bell Bay,P98,161.55,16.15,177.70
13/06/2026,Bell Bay,DIS,169.97,17.00,186.97
13/06/2026,Bell Bay,PREDIS,171.97,17.20,189.17
13/06/2026,Broome,ULP,175.57,17.56,193.13
13/06/2026,Broome,E10,,,
13/06/2026,Broome,P95,184.09,18.41,202.49
13/06/2026,Broome,P98,,,
13/06/2026,Broome,DIS,173.17,17.32,190.48
16/06/2026,Hastings,ULP,144.33,14.43,158.76
16/06/2026,Hastings,E10,144.30,14.43,158.73
16/06/2026,Hastings,P95,157.22,15.72,172.94
16/06/2026,Hastings,P98,164.32,16.43,180.75
16/06/2026,Hastings,DIS,162.33,16.23,178.56
16/06/2026,Hastings,PREDIS,164.33,16.43,180.76
16/06/2026,Yarraville,ULP,147.32,14.73,162.05
16/06/2026,Yarraville,E10,146.67,14.67,161.33
16/06/2026,Yarraville,P95,158.20,15.82,174.03
16/06/2026,Yarraville,P98,164.80,16.48,181.28
16/06/2026,Yarraville,DIS,165.85,16.58,182.43
16/06/2026,Yarraville,PREDIS,167.85,16.78,184.63
16/06/2026,Sydney,ULP,143.60,14.36,157.96
16/06/2026,Sydney,E10,143.49,14.35,157.83
16/06/2026,Sydney,P95,157.83,15.78,173.61
16/06/2026,Sydney,P98,165.85,16.59,182.44
16/06/2026,Sydney,DIS,162.54,16.25,178.80
16/06/2026,Sydney,PREDIS,164.54,16.45,181.00
16/06/2026,Brisbane,ULP,144.52,14.45,158.97
16/06/2026,Brisbane,E10,144.54,14.45,158.99
16/06/2026,Brisbane,P95,151.70,15.17,166.87
16/06/2026,Brisbane,P98,165.15,16.52,181.67
16/06/2026,Brisbane,DIS,160.40,16.04,176.44
16/06/2026,Brisbane,PREDIS,162.40,16.24,178.64
16/06/2026,Brisbane,B5,164.05,16.40,180.45
16/06/2026,Gladstone,ULP,151.80,15.18,166.98
16/06/2026,Gladstone,E10,151.31,15.13,166.44
16/06/2026,Gladstone,P95,152.80,15.28,168.08
16/06/2026,Gladstone,P98,,,
16/06/2026,Gladstone,DIS,162.94,16.29,179.23
16/06/2026,Gladstone,PREDIS,164.94,16.49,181.43
16/06/2026,Mackay,ULP,151.88,15.19,167.07
16/06/2026,Mackay,E10,153.90,15.39,169.29
16/06/2026,Mackay,P95,154.07,15.41,169.47
16/06/2026,Mackay,P98,156.95,15.70,172.65
16/06/2026,Mackay,DIS,163.65,16.37,180.02
16/06/2026,Mackay,PREDIS,165.65,16.57,182.22
16/06/2026,Townsville,ULP,151.83,15.18,167.01
16/06/2026,Townsville,E10,152.83,15.28,168.11
16/06/2026,Townsville,P95,162.40,16.24,178.64
16/06/2026,Townsville,P98,179.67,17.97,197.64
16/06/2026,Townsville,DIS,165.85,16.58,182.43
16/06/2026,Townsville,PREDIS,167.85,16.78,184.63
16/06/2026,Cairns,ULP,150.61,15.06,165.67
16/06/2026,Cairns,E10,152.93,15.29,168.22
16/06/2026,Cairns,P95,158.60,15.86,174.46
16/06/2026,Cairns,P98,,,
16/06/2026,Cairns,DIS,163.87,16.39,180.25
16/06/2026,Cairns,PREDIS,165.87,16.59,182.45
16/06/2026,Port Alma,DIS,162.94,16.29,179.23
16/06/2026,Adelaide,ULP,142.63,14.26,156.90
16/06/2026,Adelaide,E10,141.04,14.10,155.15
16/06/2026,Adelaide,P95,150.57,15.06,165.63
16/06/2026,Adelaide,P98,164.52,16.45,180.98
16/06/2026,Adelaide,DIS,158.92,15.89,174.81
16/06/2026,Adelaide,PREDIS,160.92,16.09,177.01
16/06/2026,Perth,ULP,145.04,14.50,159.54
16/06/2026,Perth,E10,,,
16/06/2026,Perth,P95,154.63,15.46,170.09
16/06/2026,Perth,P98,168.96,16.90,185.86
16/06/2026,Perth,DIS,160.00,16.00,176.00
16/06/2026,Perth,PREDIS,162.00,16.20,178.20
16/06/2026,Darwin,ULP,149.24,14.92,164.17
16/06/2026,Darwin,E10,,,
16/06/2026,Darwin,P95,158.32,15.83,174.15
16/06/2026,Darwin,P98,,,
16/06/2026,Darwin,DIS,162.66,16.27,178.93
16/06/2026,Darwin,PREDIS,164.66,16.47,181.13
16/06/2026,Bell Bay,ULP,150.09,15.01,165.10
16/06/2026,Bell Bay,E10,150.28,15.03,165.31
16/06/2026,Bell Bay,P95,157.49,15.75,173.24
16/06/2026,Bell Bay,P98,160.94,16.09,177.03
16/06/2026,Bell Bay,DIS,166.78,16.68,183.46
16/06/2026,Bell Bay,PREDIS,168.78,16.88,185.66
16/06/2026,Broome,ULP,174.59,17.46,192.05
16/06/2026,Broome,E10,,,
16/06/2026,Broome,P95,183.29,18.33,201.62
16/06/2026,Broome,P98,,,
16/06/2026,Broome,DIS,169.97,17.00,186.96
17/06/2026,Hastings,ULP,143.19,14.32,157.51
17/06/2026,Hastings,E10,143.17,14.32,157.49
17/06/2026,Hastings,P95,156.31,15.63,171.95
17/06/2026,Hastings,P98,163.46,16.35,179.80
17/06/2026,Hastings,DIS,158.74,15.87,174.62
17/06/2026,Hastings,PREDIS,160.74,16.07,176.82
17/06/2026,Yarraville,ULP,146.36,14.64,161.00
17/06/2026,Yarraville,E10,145.80,14.58,160.38
17/06/2026,Yarraville,P95,157.35,15.73,173.08
17/06/2026,Yarraville,P98,163.95,16.39,180.34
17/06/2026,Yarraville,DIS,162.68,16.27,178.95
17/06/2026,Yarraville,PREDIS,164.68,16.47,181.15
17/06/2026,Sydney,ULP,142.46,14.25,156.71
17/06/2026,Sydney,E10,142.36,14.24,156.59
17/06/2026,Sydney,P95,156.92,15.69,172.62
17/06/2026,Sydney,P98,164.99,16.50,181.49
17/06/2026,Sydney,DIS,158.96,15.90,174.85
17/06/2026,Sydney,PREDIS,160.96,16.10,177.05
17/06/2026,Brisbane,ULP,143.48,14.35,157.83
17/06/2026,Brisbane,E10,143.50,14.35,157.85
17/06/2026,Brisbane,P95,150.84,15.08,165.93
17/06/2026,Brisbane,P98,164.39,16.44,180.83
17/06/2026,Brisbane,DIS,156.92,15.69,172.62
17/06/2026,Brisbane,PREDIS,158.92,15.89,174.82
17/06/2026,Brisbane,B5,160.57,16.06,176.63
17/06/2026,Gladstone,ULP,150.66,15.07,165.72
17/06/2026,Gladstone,E10,150.29,15.03,165.32
17/06/2026,Gladstone,P95,151.84,15.18,167.03
17/06/2026,Gladstone,P98,,,
17/06/2026,Gladstone,DIS,159.36,15.94,175.30
17/06/2026,Gladstone,PREDIS,161.36,16.14,177.50
17/06/2026,Mackay,ULP,150.75,15.07,165.82
17/06/2026,Mackay,E10,152.88,15.29,168.16
17/06/2026,Mackay,P95,153.20,15.32,168.52
17/06/2026,Mackay,P98,156.09,15.61,171.70
17/06/2026,Mackay,DIS,160.08,16.01,176.09
17/06/2026,Mackay,PREDIS,162.08,16.21,178.29
17/06/2026,Townsville,ULP,150.69,15.07,165.76
17/06/2026,Townsville,E10,151.69,15.17,166.86
17/06/2026,Townsville,P95,161.54,16.15,177.69
17/06/2026,Townsville,P98,178.81,17.88,196.69
17/06/2026,Townsville,DIS,162.27,16.23,178.49
17/06/2026,Townsville,PREDIS,164.27,16.43,180.69
17/06/2026,Cairns,ULP,149.48,14.95,164.42
17/06/2026,Cairns,E10,151.98,15.20,167.17
17/06/2026,Cairns,P95,157.65,15.77,173.42
17/06/2026,Cairns,P98,,,
17/06/2026,Cairns,DIS,160.29,16.03,176.32
17/06/2026,Cairns,PREDIS,162.29,16.23,178.52
17/06/2026,Port Alma,DIS,159.36,15.94,175.30
17/06/2026,Adelaide,ULP,141.50,14.15,155.65
17/06/2026,Adelaide,E10,139.93,13.99,153.92
17/06/2026,Adelaide,P95,149.62,14.96,164.58
17/06/2026,Adelaide,P98,163.67,16.37,180.04
17/06/2026,Adelaide,DIS,155.35,15.53,170.88
17/06/2026,Adelaide,PREDIS,157.35,15.73,173.08
17/06/2026,Perth,ULP,143.91,14.39,158.30
17/06/2026,Perth,E10,,,
17/06/2026,Perth,P95,153.68,15.37,169.04
17/06/2026,Perth,P98,168.11,16.81,184.92
17/06/2026,Perth,DIS,156.44,15.64,172.08
17/06/2026,Perth,PREDIS,158.44,15.84,174.28
17/06/2026,Darwin,ULP,148.12,14.81,162.93
17/06/2026,Darwin,E10,,,
17/06/2026,Darwin,P95,157.47,15.75,173.22
17/06/2026,Darwin,P98,,,
17/06/2026,Darwin,DIS,159.10,15.91,175.01
17/06/2026,Darwin,PREDIS,161.10,16.11,177.21
17/06/2026,Bell Bay,ULP,148.94,14.89,163.84
17/06/2026,Bell Bay,E10,149.14,14.91,164.06
17/06/2026,Bell Bay,P95,156.58,15.66,172.24
17/06/2026,Bell Bay,P98,160.07,16.01,176.08
17/06/2026,Bell Bay,DIS,163.19,16.32,179.51
17/06/2026,Bell Bay,PREDIS,165.19,16.52,181.71
17/06/2026,Broome,ULP,173.32,17.33,190.65
17/06/2026,Broome,E10,,,
17/06/2026,Broome,P95,182.20,18.22,200.42
17/06/2026,Broome,P98,,,
17/06/2026,Broome,DIS,166.36,16.64,183.00
18/06/2026,Hastings,ULP,142.20,14.22,156.42
18/06/2026,Hastings,E10,142.19,14.22,156.41
18/06/2026,Hastings,P95,155.56,15.56,171.11
18/06/2026,Hastings,P98,162.74,16.27,179.01
18/06/2026,Hastings,DIS,155.84,15.58,171.42
18/06/2026,Hastings,PREDIS,157.84,15.78,173.62
18/06/2026,Yarraville,ULP,145.55,14.56,160.11
18/06/2026,Yarraville,E10,145.06,14.51,159.57
18/06/2026,Yarraville,P95,156.63,15.66,172.30
18/06/2026,Yarraville,P98,163.24,16.32,179.56
18/06/2026,Yarraville,DIS,159.79,15.98,175.77
18/06/2026,Yarraville,PREDIS,161.79,16.18,177.97
18/06/2026,Sydney,ULP,141.47,14.15,155.62
18/06/2026,Sydney,E10,141.37,14.14,155.51
18/06/2026,Sydney,P95,156.16,15.62,171.78
18/06/2026,Sydney,P98,164.27,16.43,180.70
18/06/2026,Sydney,DIS,156.05,15.60,171.65
18/06/2026,Sydney,PREDIS,158.05,15.80,173.85
18/06/2026,Brisbane,ULP,142.58,14.26,156.83
18/06/2026,Brisbane,E10,142.60,14.26,156.85
18/06/2026,Brisbane,P95,150.12,15.01,165.13
18/06/2026,Brisbane,P98,163.76,16.38,180.14
18/06/2026,Brisbane,DIS,154.12,15.41,169.53
18/06/2026,Brisbane,PREDIS,156.12,15.61,171.73
18/06/2026,Brisbane,B5,157.77,15.78,173.54
18/06/2026,Gladstone,ULP,149.67,14.97,164.63
18/06/2026,Gladstone,E10,149.40,14.94,164.34
18/06/2026,Gladstone,P95,151.03,15.10,166.13
18/06/2026,Gladstone,P98,,,
18/06/2026,Gladstone,DIS,156.46,15.65,172.11
18/06/2026,Gladstone,PREDIS,158.46,15.85,174.31
18/06/2026,Mackay,ULP,149.76,14.98,164.73
18/06/2026,Mackay,E10,151.99,15.20,167.19
18/06/2026,Mackay,P95,152.48,15.25,167.72
18/06/2026,Mackay,P98,155.37,15.54,170.91
18/06/2026,Mackay,DIS,157.18,15.72,172.90
18/06/2026,Mackay,PREDIS,159.18,15.92,175.10
18/06/2026,Townsville,ULP,149.70,14.97,164.67
18/06/2026,Townsville,E10,150.70,15.07,165.77
18/06/2026,Townsville,P95,160.81,16.08,176.90
18/06/2026,Townsville,P98,178.09,17.81,195.90
18/06/2026,Townsville,DIS,159.37,15.94,175.30
18/06/2026,Townsville,PREDIS,161.37,16.14,177.50
18/06/2026,Cairns,ULP,148.49,14.85,163.34
18/06/2026,Cairns,E10,151.17,15.12,166.29
18/06/2026,Cairns,P95,156.84,15.68,172.53
18/06/2026,Cairns,P98,,,
18/06/2026,Cairns,DIS,157.39,15.74,173.13
18/06/2026,Cairns,PREDIS,159.39,15.94,175.33
18/06/2026,Port Alma,DIS,156.46,15.65,172.11
18/06/2026,Adelaide,ULP,140.52,14.05,154.58
18/06/2026,Adelaide,E10,138.95,13.90,152.85
18/06/2026,Adelaide,P95,148.82,14.88,163.70
18/06/2026,Adelaide,P98,162.96,16.30,179.25
18/06/2026,Adelaide,DIS,152.45,15.25,167.70
18/06/2026,Adelaide,PREDIS,154.45,15.45,169.90
18/06/2026,Perth,ULP,142.92,14.29,157.22
18/06/2026,Perth,E10,,,
18/06/2026,Perth,P95,152.87,15.29,168.16
18/06/2026,Perth,P98,167.40,16.74,184.14
18/06/2026,Perth,DIS,153.55,15.36,168.91
18/06/2026,Perth,PREDIS,155.55,15.56,171.11
18/06/2026,Darwin,ULP,147.15,14.72,161.87
18/06/2026,Darwin,E10,,,
18/06/2026,Darwin,P95,156.77,15.68,172.44
18/06/2026,Darwin,P98,,,
18/06/2026,Darwin,DIS,156.21,15.62,171.83
18/06/2026,Darwin,PREDIS,158.21,15.82,174.03
18/06/2026,Bell Bay,ULP,147.94,14.79,162.74
18/06/2026,Bell Bay,E10,148.16,14.82,162.97
18/06/2026,Bell Bay,P95,155.82,15.58,171.40
18/06/2026,Bell Bay,P98,159.35,15.93,175.28
18/06/2026,Bell Bay,DIS,160.27,16.03,176.30
18/06/2026,Bell Bay,PREDIS,162.27,16.23,178.50
18/06/2026,Broome,ULP,172.18,17.22,189.40
18/06/2026,Broome,E10,,,
18/06/2026,Broome,P95,181.24,18.12,199.36
18/06/2026,Broome,P98,,,
18/06/2026,Broome,DIS,163.44,16.34,179.78
19/06/2026,Hastings,ULP,140.04,14.00,154.05
19/06/2026,Hastings,E10,140.06,14.01,154.06
19/06/2026,Hastings,P95,153.45,15.34,168.79
19/06/2026,Hastings,P98,160.64,16.06,176.71
19/06/2026,Hastings,DIS,152.02,15.20,167.22
19/06/2026,Hastings,PREDIS,154.02,15.40,169.42
19/06/2026,Yarraville,ULP,143.45,14.34,157.79
19/06/2026,Yarraville,E10,143.16,14.32,157.48
19/06/2026,Yarraville,P95,154.55,15.45,170.00
19/06/2026,Yarraville,P98,161.16,16.12,177.28
19/06/2026,Yarraville,DIS,155.99,15.60,171.59
19/06/2026,Yarraville,PREDIS,157.99,15.80,173.79
19/06/2026,Sydney,ULP,139.31,13.93,153.25
19/06/2026,Sydney,E10,139.24,13.92,153.16
19/06/2026,Sydney,P95,154.06,15.41,169.47
19/06/2026,Sydney,P98,162.18,16.22,178.39
19/06/2026,Sydney,DIS,152.23,15.22,167.45
19/06/2026,Sydney,PREDIS,154.23,15.42,169.65
19/06/2026,Brisbane,ULP,140.56,14.06,154.61
19/06/2026,Brisbane,E10,140.58,14.06,154.63
19/06/2026,Brisbane,P95,148.14,14.81,162.95
19/06/2026,Brisbane,P98,161.80,16.18,177.98
19/06/2026,Brisbane,DIS,150.45,15.04,165.49
19/06/2026,Brisbane,PREDIS,152.45,15.24,167.69
19/06/2026,Brisbane,B5,154.10,15.41,169.51
19/06/2026,Gladstone,ULP,147.52,14.75,162.27
19/06/2026,Gladstone,E10,147.46,14.75,162.21
19/06/2026,Gladstone,P95,148.92,14.89,163.81
19/06/2026,Gladstone,P98,,,
19/06/2026,Gladstone,DIS,152.65,15.27,167.92
19/06/2026,Gladstone,PREDIS,154.65,15.47,170.12
19/06/2026,Mackay,ULP,147.61,14.76,162.37
19/06/2026,Mackay,E10,150.06,15.01,165.06
19/06/2026,Mackay,P95,150.38,15.04,165.41
19/06/2026,Mackay,P98,153.28,15.33,168.60
19/06/2026,Mackay,DIS,153.38,15.34,168.71
19/06/2026,Mackay,PREDIS,155.38,15.54,170.91
19/06/2026,Townsville,ULP,147.55,14.76,162.31
19/06/2026,Townsville,E10,148.55,14.86,163.41
19/06/2026,Townsville,P95,158.71,15.87,174.59
19/06/2026,Townsville,P98,175.99,17.60,193.59
19/06/2026,Townsville,DIS,155.56,15.56,171.11
19/06/2026,Townsville,PREDIS,157.56,15.76,173.31
19/06/2026,Cairns,ULP,146.35,14.63,160.98
19/06/2026,Cairns,E10,149.09,14.91,164.00
19/06/2026,Cairns,P95,154.74,15.47,170.22
19/06/2026,Cairns,P98,,,
19/06/2026,Cairns,DIS,153.58,15.36,168.94
19/06/2026,Cairns,PREDIS,155.58,15.56,171.14
19/06/2026,Port Alma,DIS,152.65,15.27,167.92
19/06/2026,Adelaide,ULP,138.39,13.84,152.22
19/06/2026,Adelaide,E10,136.84,13.68,150.52
19/06/2026,Adelaide,P95,146.72,14.67,161.39
19/06/2026,Adelaide,P98,160.87,16.09,176.96
19/06/2026,Adelaide,DIS,148.65,14.87,163.52
19/06/2026,Adelaide,PREDIS,150.65,15.07,165.72
19/06/2026,Perth,ULP,140.78,14.08,154.86
19/06/2026,Perth,E10,,,
19/06/2026,Perth,P95,150.77,15.08,165.85
19/06/2026,Perth,P98,165.31,16.53,181.84
19/06/2026,Perth,DIS,149.76,14.98,164.74
19/06/2026,Perth,PREDIS,151.76,15.18,166.94
19/06/2026,Darwin,ULP,145.03,14.50,159.53
19/06/2026,Darwin,E10,,,
19/06/2026,Darwin,P95,154.70,15.47,170.17
19/06/2026,Darwin,P98,,,
19/06/2026,Darwin,DIS,152.42,15.24,167.67
19/06/2026,Darwin,PREDIS,154.42,15.44,169.87
19/06/2026,Bell Bay,ULP,145.78,14.58,160.36
19/06/2026,Bell Bay,E10,146.01,14.60,160.61
19/06/2026,Bell Bay,P95,153.70,15.37,169.07
19/06/2026,Bell Bay,P98,157.24,15.72,172.96
19/06/2026,Bell Bay,DIS,156.44,15.64,172.08
19/06/2026,Bell Bay,PREDIS,158.44,15.84,174.28
19/06/2026,Broome,ULP,169.80,16.98,186.78
19/06/2026,Broome,E10,,,
19/06/2026,Broome,P95,178.90,17.89,196.79
19/06/2026,Broome,P98,,,
19/06/2026,Broome,DIS,159.59,15.96,175.55
20/06/2026,Hastings,ULP,138.01,13.80,151.81
20/06/2026,Hastings,E10,138.05,13.80,151.85
20/06/2026,Hastings,P95,151.46,15.15,166.61
20/06/2026,Hastings,P98,158.66,15.87,174.52
20/06/2026,Hastings,DIS,148.64,14.86,163.51
20/06/2026,Hastings,PREDIS,150.64,15.06,165.71
20/06/2026,Yarraville,ULP,141.47,14.15,155.62
20/06/2026,Yarraville,E10,141.37,14.14,155.51
20/06/2026,Yarraville,P95,152.58,15.26,167.84
20/06/2026,Yarraville,P98,159.19,15.92,175.11
20/06/2026,Yarraville,DIS,152.63,15.26,167.90
20/06/2026,Yarraville,PREDIS,154.63,15.46,170.10
20/06/2026,Sydney,ULP,137.28,13.73,151.01
20/06/2026,Sydney,E10,137.23,13.72,150.95
20/06/2026,Sydney,P95,152.07,15.21,167.28
20/06/2026,Sydney,P98,160.19,16.02,176.21
20/06/2026,Sydney,DIS,148.85,14.89,163.74
20/06/2026,Sydney,PREDIS,150.85,15.09,165.94
20/06/2026,Brisbane,ULP,138.67,13.87,152.53
20/06/2026,Brisbane,E10,138.69,13.87,152.55
20/06/2026,Brisbane,P95,146.29,14.63,160.92
20/06/2026,Brisbane,P98,159.95,16.00,175.95
20/06/2026,Brisbane,DIS,147.23,14.72,161.95
20/06/2026,Brisbane,PREDIS,149.23,14.92,164.15
20/06/2026,Brisbane,B5,150.88,15.09,165.96
20/06/2026,Gladstone,ULP,145.49,14.55,160.04
20/06/2026,Gladstone,E10,145.63,14.56,160.20
20/06/2026,Gladstone,P95,146.93,14.69,161.62
20/06/2026,Gladstone,P98,,,
20/06/2026,Gladstone,DIS,149.29,14.93,164.22
20/06/2026,Gladstone,PREDIS,151.29,15.13,166.42
20/06/2026,Mackay,ULP,145.58,14.56,160.14
20/06/2026,Mackay,E10,148.24,14.82,163.06
20/06/2026,Mackay,P95,148.40,14.84,163.24
20/06/2026,Mackay,P98,151.30,15.13,166.42
20/06/2026,Mackay,DIS,150.02,15.00,165.02
20/06/2026,Mackay,PREDIS,152.02,15.20,167.22
20/06/2026,Townsville,ULP,145.53,14.55,160.08
20/06/2026,Townsville,E10,146.53,14.65,161.18
20/06/2026,Townsville,P95,156.73,15.67,172.41
20/06/2026,Townsville,P98,174.01,17.40,191.41
20/06/2026,Townsville,DIS,152.19,15.22,167.41
20/06/2026,Townsville,PREDIS,154.19,15.42,169.61
20/06/2026,Cairns,ULP,144.33,14.43,158.76
20/06/2026,Cairns,E10,147.12,14.71,161.84
20/06/2026,Cairns,P95,152.76,15.28,168.04
20/06/2026,Cairns,P98,,,
20/06/2026,Cairns,DIS,150.22,15.02,165.24
20/06/2026,Cairns,PREDIS,152.22,15.22,167.44
20/06/2026,Port Alma,DIS,149.29,14.93,164.22
20/06/2026,Adelaide,ULP,136.37,13.64,150.01
20/06/2026,Adelaide,E10,134.85,13.48,148.33
20/06/2026,Adelaide,P95,144.74,14.47,159.21
20/06/2026,Adelaide,P98,158.90,15.89,174.79
20/06/2026,Adelaide,DIS,145.30,14.53,159.83
20/06/2026,Adelaide,PREDIS,147.30,14.73,162.03
20/06/2026,Perth,ULP,138.77,13.88,152.65
20/06/2026,Perth,E10,,,
20/06/2026,Perth,P95,148.79,14.88,163.67
20/06/2026,Perth,P98,163.34,16.33,179.68
20/06/2026,Perth,DIS,146.43,14.64,161.07
20/06/2026,Perth,PREDIS,148.43,14.84,163.27
20/06/2026,Darwin,ULP,143.03,14.30,157.33
20/06/2026,Darwin,E10,,,
20/06/2026,Darwin,P95,152.74,15.27,168.02
20/06/2026,Darwin,P98,,,
20/06/2026,Darwin,DIS,149.09,14.91,163.99
20/06/2026,Darwin,PREDIS,151.09,15.11,166.19
20/06/2026,Bell Bay,ULP,143.73,14.37,158.11
20/06/2026,Bell Bay,E10,143.99,14.40,158.39
20/06/2026,Bell Bay,P95,151.70,15.17,166.87
20/06/2026,Bell Bay,P98,155.24,15.52,170.76
20/06/2026,Bell Bay,DIS,153.05,15.31,168.36
20/06/2026,Bell Bay,PREDIS,155.05,15.51,170.56
20/06/2026,Broome,ULP,167.51,16.75,184.26
20/06/2026,Broome,E10,,,
20/06/2026,Broome,P95,176.64,17.66,194.31
20/06/2026,Broome,P98,,,
20/06/2026,Broome,DIS,156.18,15.62,171.80
23/06/2026,Hastings,ULP,136.51,13.65,150.16
23/06/2026,Hastings,E10,136.54,13.65,150.20
23/06/2026,Hastings,P95,149.84,14.98,164.83
23/06/2026,Hastings,P98,157.03,15.70,172.74
23/06/2026,Hastings,DIS,145.57,14.56,160.13
23/06/2026,Hastings,PREDIS,147.57,14.76,162.33
23/06/2026,Yarraville,ULP,139.88,13.99,153.87
23/06/2026,Yarraville,E10,139.93,13.99,153.93
23/06/2026,Yarraville,P95,150.97,15.10,166.07
23/06/2026,Yarraville,P98,157.59,15.76,173.34
23/06/2026,Yarraville,DIS,149.59,14.96,164.55
23/06/2026,Yarraville,PREDIS,151.59,15.16,166.75
23/06/2026,Sydney,ULP,135.78,13.58,149.36
23/06/2026,Sydney,E10,135.73,13.57,149.30
23/06/2026,Sydney,P95,150.45,15.05,165.50
23/06/2026,Sydney,P98,158.57,15.86,174.42
23/06/2026,Sydney,DIS,145.79,14.58,160.37
23/06/2026,Sydney,PREDIS,147.79,14.78,162.57
23/06/2026,Brisbane,ULP,137.29,13.73,151.02
23/06/2026,Brisbane,E10,137.31,13.73,151.04
23/06/2026,Brisbane,P95,144.81,14.48,159.29
23/06/2026,Brisbane,P98,158.46,15.85,174.30
23/06/2026,Brisbane,DIS,144.31,14.43,158.74
23/06/2026,Brisbane,PREDIS,146.31,14.63,160.94
23/06/2026,Brisbane,B5,147.96,14.80,162.75
23/06/2026,Gladstone,ULP,143.98,14.40,158.38
23/06/2026,Gladstone,E10,144.28,14.43,158.71
23/06/2026,Gladstone,P95,145.32,14.53,159.86
23/06/2026,Gladstone,P98,,,
23/06/2026,Gladstone,DIS,146.24,14.62,160.86
23/06/2026,Gladstone,PREDIS,148.24,14.82,163.06
23/06/2026,Mackay,ULP,144.08,14.41,158.49
23/06/2026,Mackay,E10,146.89,14.69,161.57
23/06/2026,Mackay,P95,146.78,14.68,161.45
23/06/2026,Mackay,P98,149.67,14.97,164.64
23/06/2026,Mackay,DIS,146.97,14.70,161.66
23/06/2026,Mackay,PREDIS,148.97,14.90,163.86
23/06/2026,Townsville,ULP,144.03,14.40,158.43
23/06/2026,Townsville,E10,145.03,14.50,159.53
23/06/2026,Townsville,P95,155.11,15.51,170.62
23/06/2026,Townsville,P98,172.39,17.24,189.63
23/06/2026,Townsville,DIS,149.14,14.91,164.05
23/06/2026,Townsville,PREDIS,151.14,15.11,166.25
23/06/2026,Cairns,ULP,142.83,14.28,157.12
23/06/2026,Cairns,E10,145.55,14.55,160.10
23/06/2026,Cairns,P95,151.17,15.12,166.28
23/06/2026,Cairns,P98,,,
23/06/2026,Cairns,DIS,147.16,14.72,161.88
23/06/2026,Cairns,PREDIS,149.16,14.92,164.08
23/06/2026,Port Alma,DIS,146.24,14.62,160.86
23/06/2026,Adelaide,ULP,134.88,13.49,148.37
23/06/2026,Adelaide,E10,133.36,13.34,146.69
23/06/2026,Adelaide,P95,143.15,14.31,157.46
23/06/2026,Adelaide,P98,157.29,15.73,173.02
23/06/2026,Adelaide,DIS,142.26,14.23,156.48
23/06/2026,Adelaide,PREDIS,144.26,14.43,158.68
23/06/2026,Perth,ULP,137.28,13.73,151.00
23/06/2026,Perth,E10,,,
23/06/2026,Perth,P95,147.20,14.72,161.92
23/06/2026,Perth,P98,161.73,16.17,177.90
23/06/2026,Perth,DIS,143.40,14.34,157.74
23/06/2026,Perth,PREDIS,145.40,14.54,159.94
23/06/2026,Darwin,ULP,141.55,14.16,155.71
23/06/2026,Darwin,E10,,,
23/06/2026,Darwin,P95,151.15,15.11,166.26
23/06/2026,Darwin,P98,,,
23/06/2026,Darwin,DIS,146.05,14.61,160.66
23/06/2026,Darwin,PREDIS,148.05,14.81,162.86
23/06/2026,Bell Bay,ULP,142.22,14.22,156.44
23/06/2026,Bell Bay,E10,142.47,14.25,156.72
23/06/2026,Bell Bay,P95,150.07,15.01,165.08
23/06/2026,Bell Bay,P98,153.61,15.36,168.97
23/06/2026,Bell Bay,DIS,149.97,15.00,164.97
23/06/2026,Bell Bay,PREDIS,151.97,15.20,167.17
23/06/2026,Broome,ULP,165.77,16.58,182.34
23/06/2026,Broome,E10,,,
23/06/2026,Broome,P95,174.80,17.48,192.28
23/06/2026,Broome,P98,,,
23/06/2026,Broome,DIS,153.09,15.31,168.40
24/06/2026,Hastings,ULP,134.86,13.49,148.35
24/06/2026,Hastings,E10,134.91,13.49,148.41
24/06/2026,Hastings,P95,148.09,14.81,162.89
24/06/2026,Hastings,P98,155.27,15.53,170.79
24/06/2026,Hastings,DIS,142.58,14.26,156.83
24/06/2026,Hastings,PREDIS,144.58,14.46,159.03
24/06/2026,Yarraville,ULP,138.15,13.81,151.96
24/06/2026,Yarraville,E10,138.37,13.84,152.20
24/06/2026,Yarraville,P95,149.21,14.92,164.14
24/06/2026,Yarraville,P98,155.83,15.58,171.41
24/06/2026,Yarraville,DIS,146.60,14.66,161.26
24/06/2026,Yarraville,PREDIS,148.60,14.86,163.46
24/06/2026,Sydney,ULP,134.14,13.41,147.55
24/06/2026,Sydney,E10,134.10,13.41,147.51
24/06/2026,Sydney,P95,148.70,14.87,163.56
24/06/2026,Sydney,P98,156.80,15.68,172.48
24/06/2026,Sydney,DIS,142.79,14.28,157.07
24/06/2026,Sydney,PREDIS,144.79,14.48,159.27
24/06/2026,Brisbane,ULP,135.76,13.58,149.34
24/06/2026,Brisbane,E10,135.78,13.58,149.36
24/06/2026,Brisbane,P95,143.18,14.32,157.50
24/06/2026,Brisbane,P98,156.81,15.68,172.49
24/06/2026,Brisbane,DIS,141.44,14.14,155.58
24/06/2026,Brisbane,PREDIS,143.44,14.34,157.78
24/06/2026,Brisbane,B5,145.09,14.51,159.60
24/06/2026,Gladstone,ULP,142.34,14.23,156.57
24/06/2026,Gladstone,E10,142.80,14.28,157.08
24/06/2026,Gladstone,P95,143.58,14.36,157.94
24/06/2026,Gladstone,P98,,,
24/06/2026,Gladstone,DIS,143.25,14.32,157.57
24/06/2026,Gladstone,PREDIS,145.25,14.52,159.77
24/06/2026,Mackay,ULP,142.44,14.24,156.69
24/06/2026,Mackay,E10,145.41,14.54,159.95
24/06/2026,Mackay,P95,145.01,14.50,159.51
24/06/2026,Mackay,P98,147.91,14.79,162.70
24/06/2026,Mackay,DIS,143.98,14.40,158.38
24/06/2026,Mackay,PREDIS,145.98,14.60,160.58
24/06/2026,Townsville,ULP,142.39,14.24,156.63
24/06/2026,Townsville,E10,143.39,14.34,157.73
24/06/2026,Townsville,P95,153.35,15.33,168.68
24/06/2026,Townsville,P98,170.63,17.06,187.69
24/06/2026,Townsville,DIS,146.15,14.61,160.76
24/06/2026,Townsville,PREDIS,148.15,14.81,162.96
24/06/2026,Cairns,ULP,141.20,14.12,155.32
24/06/2026,Cairns,E10,143.83,14.38,158.21
24/06/2026,Cairns,P95,149.43,14.94,164.37
24/06/2026,Cairns,P98,,,
24/06/2026,Cairns,DIS,144.17,14.42,158.59
24/06/2026,Cairns,PREDIS,146.17,14.62,160.79
24/06/2026,Port Alma,DIS,143.25,14.32,157.57
24/06/2026,Adelaide,ULP,133.25,13.33,146.58
24/06/2026,Adelaide,E10,131.74,13.17,144.92
24/06/2026,Adelaide,P95,141.41,14.14,155.55
24/06/2026,Adelaide,P98,155.53,15.55,171.09
24/06/2026,Adelaide,DIS,139.28,13.93,153.20
24/06/2026,Adelaide,PREDIS,141.28,14.13,155.40
24/06/2026,Perth,ULP,135.64,13.56,149.21
24/06/2026,Perth,E10,,,
24/06/2026,Perth,P95,145.47,14.55,160.01
24/06/2026,Perth,P98,159.97,16.00,175.97
24/06/2026,Perth,DIS,140.42,14.04,154.47
24/06/2026,Perth,PREDIS,142.42,14.24,156.67
24/06/2026,Darwin,ULP,139.93,13.99,153.92
24/06/2026,Darwin,E10,,,
24/06/2026,Darwin,P95,149.40,14.94,164.34
24/06/2026,Darwin,P98,,,
24/06/2026,Darwin,DIS,143.08,14.31,157.39
24/06/2026,Darwin,PREDIS,145.08,14.51,159.59
24/06/2026,Bell Bay,ULP,140.57,14.06,154.62
24/06/2026,Bell Bay,E10,140.84,14.08,154.92
24/06/2026,Bell Bay,P95,148.31,14.83,163.14
24/06/2026,Bell Bay,P98,151.83,15.18,167.01
24/06/2026,Bell Bay,DIS,146.96,14.70,161.66
24/06/2026,Bell Bay,PREDIS,148.96,14.90,163.86
24/06/2026,Broome,ULP,163.94,16.39,180.33
24/06/2026,Broome,E10,,,
24/06/2026,Broome,P95,172.87,17.29,190.16
24/06/2026,Broome,P98,,,
24/06/2026,Broome,DIS,150.07,15.01,165.08
25/06/2026,Hastings,ULP,133.83,13.38,147.22
25/06/2026,Hastings,E10,133.90,13.39,147.29
25/06/2026,Hastings,P95,146.91,14.69,161.60
25/06/2026,Hastings,P98,154.09,15.41,169.50
25/06/2026,Hastings,DIS,140.61,14.06,154.67
25/06/2026,Hastings,PREDIS,142.61,14.26,156.87
25/06/2026,Yarraville,ULP,137.00,13.70,150.70
25/06/2026,Yarraville,E10,137.32,13.73,151.06
25/06/2026,Yarraville,P95,148.04,14.80,162.85
25/06/2026,Yarraville,P98,154.66,15.47,170.13
25/06/2026,Yarraville,DIS,144.65,14.46,159.11
25/06/2026,Yarraville,PREDIS,146.65,14.66,161.31
25/06/2026,Sydney,ULP,133.11,13.31,146.42
25/06/2026,Sydney,E10,133.08,13.31,146.39
25/06/2026,Sydney,P95,147.52,14.75,162.28
25/06/2026,Sydney,P98,155.62,15.56,171.18
25/06/2026,Sydney,DIS,140.82,14.08,154.90
25/06/2026,Sydney,PREDIS,142.82,14.28,157.10
25/06/2026,Brisbane,ULP,134.82,13.48,148.31
25/06/2026,Brisbane,E10,134.84,13.48,148.33
25/06/2026,Brisbane,P95,142.11,14.21,156.33
25/06/2026,Brisbane,P98,155.72,15.57,171.29
25/06/2026,Brisbane,DIS,139.57,13.96,153.53
25/06/2026,Brisbane,PREDIS,141.57,14.16,155.73
25/06/2026,Brisbane,B5,143.22,14.32,157.54
25/06/2026,Gladstone,ULP,141.31,14.13,155.44
25/06/2026,Gladstone,E10,141.88,14.19,156.06
25/06/2026,Gladstone,P95,142.42,14.24,156.66
25/06/2026,Gladstone,P98,,,
25/06/2026,Gladstone,DIS,141.28,14.13,155.41
25/06/2026,Gladstone,PREDIS,143.28,14.33,157.61
25/06/2026,Mackay,ULP,141.42,14.14,155.56
25/06/2026,Mackay,E10,144.49,14.45,158.94
25/06/2026,Mackay,P95,143.83,14.38,158.21
25/06/2026,Mackay,P98,146.73,14.67,161.41
25/06/2026,Mackay,DIS,142.02,14.20,156.22
25/06/2026,Mackay,PREDIS,144.02,14.40,158.42
25/06/2026,Townsville,ULP,141.36,14.14,155.50
25/06/2026,Townsville,E10,142.36,14.24,156.60
25/06/2026,Townsville,P95,152.17,15.22,167.38
25/06/2026,Townsville,P98,169.45,16.95,186.40
25/06/2026,Townsville,DIS,144.18,14.42,158.60
25/06/2026,Townsville,PREDIS,146.18,14.62,160.80
25/06/2026,Cairns,ULP,140.18,14.02,154.19
25/06/2026,Cairns,E10,142.68,14.27,156.95
25/06/2026,Cairns,P95,148.28,14.83,163.10
25/06/2026,Cairns,P98,,,
25/06/2026,Cairns,DIS,142.21,14.22,156.43
25/06/2026,Cairns,PREDIS,144.21,14.42,158.63
25/06/2026,Port Alma,DIS,141.28,14.13,155.41
25/06/2026,Adelaide,ULP,132.24,13.22,145.46
25/06/2026,Adelaide,E10,130.73,13.07,143.81
25/06/2026,Adelaide,P95,140.26,14.03,154.29
25/06/2026,Adelaide,P98,154.36,15.44,169.80
25/06/2026,Adelaide,DIS,137.32,13.73,151.05
25/06/2026,Adelaide,PREDIS,139.32,13.93,153.25
25/06/2026,Perth,ULP,134.62,13.46,148.09
25/06/2026,Perth,E10,,,
25/06/2026,Perth,P95,144.32,14.43,158.75
25/06/2026,Perth,P98,158.80,15.88,174.69
25/06/2026,Perth,DIS,138.48,13.85,152.33
25/06/2026,Perth,PREDIS,140.48,14.05,154.53
25/06/2026,Darwin,ULP,138.92,13.89,152.82
25/06/2026,Darwin,E10,,,
25/06/2026,Darwin,P95,148.24,14.82,163.07
25/06/2026,Darwin,P98,,,
25/06/2026,Darwin,DIS,141.13,14.11,155.24
25/06/2026,Darwin,PREDIS,143.13,14.31,157.44
25/06/2026,Bell Bay,ULP,139.53,13.95,153.48
25/06/2026,Bell Bay,E10,139.81,13.98,153.79
25/06/2026,Bell Bay,P95,147.13,14.71,161.84
25/06/2026,Bell Bay,P98,150.64,15.06,165.71
25/06/2026,Bell Bay,DIS,144.99,14.50,159.48
25/06/2026,Bell Bay,PREDIS,146.99,14.70,161.68
25/06/2026,Broome,ULP,162.75,16.28,179.03
25/06/2026,Broome,E10,,,
25/06/2026,Broome,P95,171.55,17.16,188.71
25/06/2026,Broome,P98,,,
25/06/2026,Broome,DIS,148.08,14.81,162.89
26/06/2026,Hastings,ULP,133.30,13.33,146.63
26/06/2026,Hastings,E10,133.37,13.34,146.71
26/06/2026,Hastings,P95,146.26,14.63,160.88
26/06/2026,Hastings,P98,153.43,15.34,168.77
26/06/2026,Hastings,DIS,139.86,13.99,153.85
26/06/2026,Hastings,PREDIS,141.86,14.19,156.05
26/06/2026,Yarraville,ULP,136.34,13.63,149.97
26/06/2026,Yarraville,E10,136.73,13.67,150.40
26/06/2026,Yarraville,P95,147.38,14.74,162.12
26/06/2026,Yarraville,P98,154.01,15.40,169.42
26/06/2026,Yarraville,DIS,143.91,14.39,158.30
26/06/2026,Yarraville,PREDIS,145.91,14.59,160.50
26/06/2026,Sydney,ULP,132.58,13.26,145.83
26/06/2026,Sydney,E10,132.55,13.26,145.81
26/06/2026,Sydney,P95,146.87,14.69,161.55
26/06/2026,Sydney,P98,154.96,15.50,170.46
26/06/2026,Sydney,DIS,140.07,14.01,154.08
26/06/2026,Sydney,PREDIS,142.07,14.21,156.28
26/06/2026,Brisbane,ULP,134.39,13.44,147.83
26/06/2026,Brisbane,E10,134.41,13.44,147.85
26/06/2026,Brisbane,P95,141.56,14.16,155.72
26/06/2026,Brisbane,P98,155.15,15.52,170.67
26/06/2026,Brisbane,DIS,138.92,13.89,152.82
26/06/2026,Brisbane,PREDIS,140.92,14.09,155.02
26/06/2026,Brisbane,B5,142.57,14.26,156.83
26/06/2026,Gladstone,ULP,140.79,14.08,154.86
26/06/2026,Gladstone,E10,141.40,14.14,155.54
26/06/2026,Gladstone,P95,141.78,14.18,155.96
26/06/2026,Gladstone,P98,,,
26/06/2026,Gladstone,DIS,140.54,14.05,154.59
26/06/2026,Gladstone,PREDIS,142.54,14.25,156.79
26/06/2026,Mackay,ULP,140.89,14.09,154.98
26/06/2026,Mackay,E10,144.02,14.40,158.42
26/06/2026,Mackay,P95,143.16,14.32,157.48
26/06/2026,Mackay,P98,146.07,14.61,160.68
26/06/2026,Mackay,DIS,141.28,14.13,155.41
26/06/2026,Mackay,PREDIS,143.28,14.33,157.61
26/06/2026,Townsville,ULP,140.84,14.08,154.92
26/06/2026,Townsville,E10,141.84,14.18,156.02
26/06/2026,Townsville,P95,151.50,15.15,166.65
26/06/2026,Townsville,P98,168.79,16.88,185.67
26/06/2026,Townsville,DIS,143.44,14.34,157.78
26/06/2026,Townsville,PREDIS,145.44,14.54,159.98
26/06/2026,Cairns,ULP,139.65,13.97,153.62
26/06/2026,Cairns,E10,142.03,14.20,156.24
26/06/2026,Cairns,P95,147.63,14.76,162.40
26/06/2026,Cairns,P98,,,
26/06/2026,Cairns,DIS,141.46,14.15,155.61
26/06/2026,Cairns,PREDIS,143.46,14.35,157.81
26/06/2026,Port Alma,DIS,140.54,14.05,154.59
26/06/2026,Adelaide,ULP,131.71,13.17,144.88
26/06/2026,Adelaide,E10,130.21,13.02,143.24
26/06/2026,Adelaide,P95,139.62,13.96,153.58
26/06/2026,Adelaide,P98,153.71,15.37,169.08
26/06/2026,Adelaide,DIS,136.58,13.66,150.23
26/06/2026,Adelaide,PREDIS,138.58,13.86,152.43
26/06/2026,Perth,ULP,134.10,13.41,147.51
26/06/2026,Perth,E10,,,
26/06/2026,Perth,P95,143.68,14.37,158.04
26/06/2026,Perth,P98,158.15,15.82,173.97
26/06/2026,Perth,DIS,137.74,13.77,151.51
26/06/2026,Perth,PREDIS,139.74,13.97,153.71
26/06/2026,Darwin,ULP,138.40,13.84,152.24
26/06/2026,Darwin,E10,,,
26/06/2026,Darwin,P95,147.59,14.76,162.34
26/06/2026,Darwin,P98,,,
26/06/2026,Darwin,DIS,140.39,14.04,154.43
26/06/2026,Darwin,PREDIS,142.39,14.24,156.63
26/06/2026,Bell Bay,ULP,139.00,13.90,152.90
26/06/2026,Bell Bay,E10,139.28,13.93,153.21
26/06/2026,Bell Bay,P95,146.47,14.65,161.11
26/06/2026,Bell Bay,P98,149.99,15.00,164.98
26/06/2026,Bell Bay,DIS,144.24,14.42,158.66
26/06/2026,Bell Bay,PREDIS,146.24,14.62,160.86
26/06/2026,Broome,ULP,162.19,16.22,178.41
26/06/2026,Broome,E10,,,
26/06/2026,Broome,P95,170.88,17.09,187.96
26/06/2026,Broome,P98,,,
26/06/2026,Broome,DIS,147.33,14.73,162.06
27/06/2026,Hastings,ULP,132.67,13.27,145.93
27/06/2026,Hastings,E10,132.74,13.27,146.01
27/06/2026,Hastings,P95,145.49,14.55,160.04
27/06/2026,Hastings,P98,152.67,15.27,167.94
27/06/2026,Hastings,DIS,139.66,13.97,153.62
27/06/2026,Hastings,PREDIS,141.66,14.17,155.82
27/06/2026,Yarraville,ULP,135.57,13.56,149.12
27/06/2026,Yarraville,E10,136.03,13.60,149.63
27/06/2026,Yarraville,P95,146.60,14.66,161.26
27/06/2026,Yarraville,P98,153.26,15.33,168.58
27/06/2026,Yarraville,DIS,143.71,14.37,158.08
27/06/2026,Yarraville,PREDIS,145.71,14.57,160.28
27/06/2026,Sydney,ULP,131.94,13.19,145.13
27/06/2026,Sydney,E10,131.92,13.19,145.12
27/06/2026,Sydney,P95,146.10,14.61,160.71
27/06/2026,Sydney,P98,154.21,15.42,169.63
27/06/2026,Sydney,DIS,139.87,13.99,153.86
27/06/2026,Sydney,PREDIS,141.87,14.19,156.06
27/06/2026,Brisbane,ULP,133.85,13.39,147.24
27/06/2026,Brisbane,E10,133.87,13.39,147.26
27/06/2026,Brisbane,P95,140.91,14.09,155.00
27/06/2026,Brisbane,P98,154.49,15.45,169.94
27/06/2026,Brisbane,DIS,138.83,13.88,152.71
27/06/2026,Brisbane,PREDIS,140.83,14.08,154.91
27/06/2026,Brisbane,B5,142.48,14.25,156.72
27/06/2026,Gladstone,ULP,140.15,14.02,154.17
27/06/2026,Gladstone,E10,140.83,14.08,154.92
27/06/2026,Gladstone,P95,141.03,14.10,155.13
27/06/2026,Gladstone,P98,,,
27/06/2026,Gladstone,DIS,140.33,14.03,154.36
27/06/2026,Gladstone,PREDIS,142.33,14.23,156.56
27/06/2026,Mackay,ULP,140.25,14.03,154.28
27/06/2026,Mackay,E10,143.45,14.35,157.80
27/06/2026,Mackay,P95,142.38,14.24,156.62
27/06/2026,Mackay,P98,145.30,14.53,159.83
27/06/2026,Mackay,DIS,141.07,14.11,155.18
27/06/2026,Mackay,PREDIS,143.07,14.31,157.38
27/06/2026,Townsville,ULP,140.20,14.02,154.22
27/06/2026,Townsville,E10,141.20,14.12,155.32
27/06/2026,Townsville,P95,150.72,15.07,165.79
27/06/2026,Townsville,P98,168.02,16.80,184.82
27/06/2026,Townsville,DIS,143.23,14.32,157.55
27/06/2026,Townsville,PREDIS,145.23,14.52,159.75
27/06/2026,Cairns,ULP,139.02,13.90,152.92
27/06/2026,Cairns,E10,141.28,14.13,155.40
27/06/2026,Cairns,P95,146.88,14.69,161.57
27/06/2026,Cairns,P98,,,
27/06/2026,Cairns,DIS,141.26,14.13,155.38
27/06/2026,Cairns,PREDIS,143.26,14.33,157.58
27/06/2026,Port Alma,DIS,140.33,14.03,154.36
27/06/2026,Adelaide,ULP,131.07,13.11,144.18
27/06/2026,Adelaide,E10,129.58,12.96,142.54
27/06/2026,Adelaide,P95,138.86,13.89,152.75
27/06/2026,Adelaide,P98,152.95,15.29,168.24
27/06/2026,Adelaide,DIS,136.36,13.64,150.00
27/06/2026,Adelaide,PREDIS,138.36,13.84,152.20
27/06/2026,Perth,ULP,133.46,13.35,146.81
27/06/2026,Perth,E10,,,
27/06/2026,Perth,P95,142.92,14.29,157.22
27/06/2026,Perth,P98,157.39,15.74,173.13
27/06/2026,Perth,DIS,137.52,13.75,151.27
27/06/2026,Perth,PREDIS,139.52,13.95,153.47
27/06/2026,Darwin,ULP,137.77,13.78,151.54
27/06/2026,Darwin,E10,,,
27/06/2026,Darwin,P95,146.82,14.68,161.50
27/06/2026,Darwin,P98,,,
27/06/2026,Darwin,DIS,140.18,14.02,154.20
27/06/2026,Darwin,PREDIS,142.18,14.22,156.40
27/06/2026,Bell Bay,ULP,138.36,13.84,152.20
27/06/2026,Bell Bay,E10,138.66,13.87,152.52
27/06/2026,Bell Bay,P95,145.71,14.57,160.28
27/06/2026,Bell Bay,P98,149.23,14.92,164.15
27/06/2026,Bell Bay,DIS,144.04,14.40,158.44
27/06/2026,Bell Bay,PREDIS,146.04,14.60,160.64
27/06/2026,Broome,ULP,161.61,16.16,177.77
27/06/2026,Broome,E10,,,
27/06/2026,Broome,P95,170.18,17.02,187.20
27/06/2026,Broome,P98,,,
27/06/2026,Broome,DIS,147.13,14.71,161.84
30/06/2026,Hastings,ULP,132.53,13.25,145.79
30/06/2026,Hastings,E10,132.59,13.26,145.85
30/06/2026,Hastings,P95,145.23,14.52,159.76
30/06/2026,Hastings,P98,152.41,15.24,167.65
30/06/2026,Hastings,DIS,139.55,13.95,153.50
30/06/2026,Hastings,PREDIS,141.55,14.15,155.70
30/06/2026,Yarraville,ULP,135.29,13.53,148.82
30/06/2026,Yarraville,E10,135.78,13.58,149.36
30/06/2026,Yarraville,P95,146.32,14.63,160.95
30/06/2026,Yarraville,P98,152.99,15.30,168.29
30/06/2026,Yarraville,DIS,143.60,14.36,157.96
30/06/2026,Yarraville,PREDIS,145.60,14.56,160.16
30/06/2026,Sydney,ULP,131.81,13.18,144.99
30/06/2026,Sydney,E10,131.77,13.18,144.95
30/06/2026,Sydney,P95,145.84,14.58,160.43
30/06/2026,Sydney,P98,153.95,15.39,169.34
30/06/2026,Sydney,DIS,139.76,13.98,153.74
30/06/2026,Sydney,PREDIS,141.76,14.18,155.94
30/06/2026,Brisbane,ULP,133.81,13.38,147.19
30/06/2026,Brisbane,E10,133.83,13.38,147.21
30/06/2026,Brisbane,P95,140.75,14.07,154.82
30/06/2026,Brisbane,P98,154.32,15.43,169.75
30/06/2026,Brisbane,DIS,138.81,13.88,152.69
30/06/2026,Brisbane,PREDIS,140.81,14.08,154.89
30/06/2026,Brisbane,B5,142.46,14.25,156.71
30/06/2026,Gladstone,ULP,140.02,14.00,154.02
30/06/2026,Gladstone,E10,140.71,14.07,154.79
30/06/2026,Gladstone,P95,140.78,14.08,154.85
30/06/2026,Gladstone,P98,,,
30/06/2026,Gladstone,DIS,140.21,14.02,154.23
30/06/2026,Gladstone,PREDIS,142.21,14.22,156.43
30/06/2026,Mackay,ULP,140.12,14.01,154.13
30/06/2026,Mackay,E10,143.34,14.33,157.67
30/06/2026,Mackay,P95,142.10,14.21,156.31
30/06/2026,Mackay,P98,145.03,14.50,159.54
30/06/2026,Mackay,DIS,140.96,14.10,155.05
30/06/2026,Mackay,PREDIS,142.96,14.30,157.25
30/06/2026,Townsville,ULP,140.06,14.01,154.07
30/06/2026,Townsville,E10,141.06,14.11,155.17
30/06/2026,Townsville,P95,150.44,15.04,165.49
30/06/2026,Townsville,P98,167.75,16.78,184.53
30/06/2026,Townsville,DIS,143.11,14.31,157.42
30/06/2026,Townsville,PREDIS,145.11,14.51,159.62
30/06/2026,Cairns,ULP,138.88,13.89,152.77
30/06/2026,Cairns,E10,141.01,14.10,155.11
30/06/2026,Cairns,P95,146.63,14.66,161.29
30/06/2026,Cairns,P98,,,
30/06/2026,Cairns,DIS,141.14,14.11,155.25
30/06/2026,Cairns,PREDIS,143.14,14.31,157.45
30/06/2026,Port Alma,DIS,140.21,14.02,154.23
30/06/2026,Adelaide,ULP,130.93,13.09,144.03
30/06/2026,Adelaide,E10,129.43,12.94,142.37
30/06/2026,Adelaide,P95,138.61,13.86,152.47
30/06/2026,Adelaide,P98,152.68,15.27,167.95
30/06/2026,Adelaide,DIS,136.24,13.62,149.87
30/06/2026,Adelaide,PREDIS,138.24,13.82,152.07
30/06/2026,Perth,ULP,133.33,13.33,146.66
30/06/2026,Perth,E10,,,
30/06/2026,Perth,P95,142.67,14.27,156.94
30/06/2026,Perth,P98,157.13,15.71,172.84
30/06/2026,Perth,DIS,137.39,13.74,151.13
30/06/2026,Perth,PREDIS,139.39,13.94,153.33
30/06/2026,Darwin,ULP,137.62,13.76,151.39
30/06/2026,Darwin,E10,,,
30/06/2026,Darwin,P95,146.54,14.65,161.19
30/06/2026,Darwin,P98,,,
30/06/2026,Darwin,DIS,140.06,14.01,154.06
30/06/2026,Darwin,PREDIS,142.06,14.21,156.26
30/06/2026,Bell Bay,ULP,138.23,13.82,152.06
30/06/2026,Bell Bay,E10,138.51,13.85,152.36
30/06/2026,Bell Bay,P95,145.45,14.55,160.00
30/06/2026,Bell Bay,P98,148.98,14.90,163.87
30/06/2026,Bell Bay,DIS,143.93,14.39,158.33
30/06/2026,Bell Bay,PREDIS,145.93,14.59,160.53
30/06/2026,Broome,ULP,161.60,16.16,177.76
30/06/2026,Broome,E10,,,
30/06/2026,Broome,P95,170.05,17.01,187.06
30/06/2026,Broome,P98,,,
30/06/2026,Broome,DIS,147.03,14.70,161.74
1/07/2026,Hastings,ULP,148.56,14.86,163.41
1/07/2026,Hastings,E10,148.51,14.85,163.36
1/07/2026,Hastings,P95,161.21,16.12,177.33
1/07/2026,Hastings,P98,168.39,16.84,185.23
1/07/2026,Hastings,DIS,155.88,15.59,171.47
1/07/2026,Hastings,PREDIS,157.88,15.79,173.67
1/07/2026,Yarraville,ULP,151.15,15.11,166.26
1/07/2026,Yarraville,E10,150.62,15.06,165.69
1/07/2026,Yarraville,P95,162.55,16.25,178.80
1/07/2026,Yarraville,P98,168.68,16.87,185.55
1/07/2026,Yarraville,DIS,157.67,15.77,173.43
1/07/2026,Yarraville,PREDIS,159.67,15.97,175.63
1/07/2026,Sydney,ULP,147.83,14.78,162.61
1/07/2026,Sydney,E10,147.69,14.77,162.46
1/07/2026,Sydney,P95,161.82,16.18,178.00
1/07/2026,Sydney,P98,169.92,16.99,186.92
1/07/2026,Sydney,DIS,156.09,15.61,171.70
1/07/2026,Sydney,PREDIS,158.09,15.81,173.90
1/07/2026,Brisbane,ULP,152.65,15.27,167.92
1/07/2026,Brisbane,E10,151.59,15.16,166.75
1/07/2026,Brisbane,P95,159.54,15.95,175.49
1/07/2026,Brisbane,P98,173.11,17.31,190.42
1/07/2026,Brisbane,DIS,157.46,15.75,173.21
1/07/2026,Brisbane,PREDIS,159.46,15.95,175.41
1/07/2026,Brisbane,B5,161.11,16.11,177.22
1/07/2026,Gladstone,ULP,156.30,15.63,171.93
1/07/2026,Gladstone,E10,155.91,15.59,171.50
1/07/2026,Gladstone,P95,157.00,15.70,172.70
1/07/2026,Gladstone,P98,,,
1/07/2026,Gladstone,DIS,156.78,15.68,172.46
1/07/2026,Gladstone,PREDIS,158.78,15.88,174.66
1/07/2026,Mackay,ULP,156.14,15.61,171.75
1/07/2026,Mackay,E10,158.28,15.83,174.11
1/07/2026,Mackay,P95,158.06,15.81,173.87
1/07/2026,Mackay,P98,161.00,16.10,177.10
1/07/2026,Mackay,DIS,157.27,15.73,173.00
1/07/2026,Mackay,PREDIS,159.27,15.93,175.20
1/07/2026,Townsville,ULP,156.09,15.61,171.69
1/07/2026,Townsville,E10,157.09,15.71,172.79
1/07/2026,Townsville,P95,166.40,16.64,183.04
1/07/2026,Townsville,P98,183.72,18.37,202.09
1/07/2026,Townsville,DIS,159.43,15.94,175.37
1/07/2026,Townsville,PREDIS,161.43,16.14,177.57
1/07/2026,Cairns,ULP,155.15,15.51,170.66
1/07/2026,Cairns,E10,157.11,15.71,172.83
1/07/2026,Cairns,P95,162.84,16.28,179.13
1/07/2026,Cairns,P98,,,
1/07/2026,Cairns,DIS,157.71,15.77,173.48
1/07/2026,Cairns,PREDIS,159.71,15.97,175.68
1/07/2026,Port Alma,DIS,156.78,15.68,172.46
1/07/2026,Adelaide,ULP,147.20,14.72,161.92
1/07/2026,Adelaide,E10,144.51,14.45,158.97
1/07/2026,Adelaide,P95,154.82,15.48,170.31
1/07/2026,Adelaide,P98,168.89,16.89,185.78
1/07/2026,Adelaide,DIS,152.80,15.28,168.08
1/07/2026,Adelaide,PREDIS,154.80,15.48,170.28
1/07/2026,Perth,ULP,149.59,14.96,164.55
1/07/2026,Perth,E10,,,
1/07/2026,Perth,P95,158.88,15.89,174.77
1/07/2026,Perth,P98,173.34,17.33,190.68
1/07/2026,Perth,DIS,153.94,15.39,169.33
1/07/2026,Perth,PREDIS,155.94,15.59,171.53
1/07/2026,Darwin,ULP,153.62,15.36,168.99
1/07/2026,Darwin,E10,,,
1/07/2026,Darwin,P95,162.48,16.25,178.73
1/07/2026,Darwin,P98,,,
1/07/2026,Darwin,DIS,156.35,15.64,171.99
1/07/2026,Darwin,PREDIS,158.35,15.84,174.19
1/07/2026,Bell Bay,ULP,154.27,15.43,169.70
1/07/2026,Bell Bay,E10,154.44,15.44,169.89
1/07/2026,Bell Bay,P95,161.44,16.14,177.58
1/07/2026,Bell Bay,P98,164.96,16.50,181.46
1/07/2026,Bell Bay,DIS,160.28,16.03,176.31
1/07/2026,Bell Bay,PREDIS,162.28,16.23,178.51
1/07/2026,Broome,ULP,178.12,17.81,195.93
1/07/2026,Broome,E10,,,
1/07/2026,Broome,P95,186.52,18.65,205.18
1/07/2026,Broome,P98,,,
1/07/2026,Broome,DIS,163.64,16.36,180.01
2/07/2026,Hastings,ULP,148.26,14.83,163.09
2/07/2026,Hastings,E10,148.22,14.82,163.04
2/07/2026,Hastings,P95,160.87,16.09,176.96
2/07/2026,Hastings,P98,168.06,16.81,184.87
2/07/2026,Hastings,DIS,156.33,15.63,171.96
2/07/2026,Hastings,PREDIS,158.33,15.83,174.16
2/07/2026,Yarraville,ULP,150.78,15.08,165.86
2/07/2026,Yarraville,E10,150.29,15.03,165.32
2/07/2026,Yarraville,P95,162.18,16.22,178.40
2/07/2026,Yarraville,P98,168.33,16.83,185.17
2/07/2026,Yarraville,DIS,158.09,15.81,173.90
2/07/2026,Yarraville,PREDIS,160.09,16.01,176.10
2/07/2026,Sydney,ULP,147.54,14.75,162.29
2/07/2026,Sydney,E10,147.40,14.74,162.14
2/07/2026,Sydney,P95,161.48,16.15,177.63
2/07/2026,Sydney,P98,169.59,16.96,186.55
2/07/2026,Sydney,DIS,156.54,15.65,172.20
2/07/2026,Sydney,PREDIS,158.54,15.85,174.40
2/07/2026,Brisbane,ULP,152.34,15.23,167.58
2/07/2026,Brisbane,E10,151.28,15.13,166.41
2/07/2026,Brisbane,P95,159.19,15.92,175.11
2/07/2026,Brisbane,P98,172.76,17.28,190.04
2/07/2026,Brisbane,DIS,157.89,15.79,173.68
2/07/2026,Brisbane,PREDIS,159.89,15.99,175.88
2/07/2026,Brisbane,B5,161.54,16.15,177.70
2/07/2026,Gladstone,ULP,156.01,15.60,171.61
2/07/2026,Gladstone,E10,155.65,15.56,171.21
2/07/2026,Gladstone,P95,156.67,15.67,172.34
2/07/2026,Gladstone,P98,,,
2/07/2026,Gladstone,DIS,157.21,15.72,172.93
2/07/2026,Gladstone,PREDIS,159.21,15.92,175.13
2/07/2026,Mackay,ULP,155.84,15.58,171.42
2/07/2026,Mackay,E10,158.02,15.80,173.82
2/07/2026,Mackay,P95,157.72,15.77,173.49
2/07/2026,Mackay,P98,160.66,16.07,176.72
2/07/2026,Mackay,DIS,157.70,15.77,173.47
2/07/2026,Mackay,PREDIS,159.70,15.97,175.67
2/07/2026,Townsville,ULP,155.79,15.58,171.37
2/07/2026,Townsville,E10,156.79,15.68,172.47
2/07/2026,Townsville,P95,166.05,16.61,182.66
2/07/2026,Townsville,P98,183.37,18.34,201.71
2/07/2026,Townsville,DIS,159.86,15.99,175.85
2/07/2026,Townsville,PREDIS,161.86,16.19,178.05
2/07/2026,Cairns,ULP,154.84,15.48,170.33
2/07/2026,Cairns,E10,156.76,15.68,172.44
2/07/2026,Cairns,P95,162.50,16.25,178.75
2/07/2026,Cairns,P98,,,
2/07/2026,Cairns,DIS,158.14,15.81,173.95
2/07/2026,Cairns,PREDIS,160.14,16.01,176.15
2/07/2026,Port Alma,DIS,157.21,15.72,172.93
2/07/2026,Adelaide,ULP,146.88,14.69,161.57
2/07/2026,Adelaide,E10,144.20,14.42,158.62
2/07/2026,Adelaide,P95,154.47,15.45,169.92
2/07/2026,Adelaide,P98,168.55,16.85,185.40
2/07/2026,Adelaide,DIS,153.22,15.32,168.54
2/07/2026,Adelaide,PREDIS,155.22,15.52,170.74
2/07/2026,Perth,ULP,149.28,14.93,164.21
2/07/2026,Perth,E10,,,
2/07/2026,Perth,P95,158.53,15.85,174.39
2/07/2026,Perth,P98,173.00,17.30,190.29
2/07/2026,Perth,DIS,154.34,15.43,169.77
2/07/2026,Perth,PREDIS,156.34,15.63,171.97
2/07/2026,Darwin,ULP,153.29,15.33,168.62
2/07/2026,Darwin,E10,,,
2/07/2026,Darwin,P95,162.11,16.21,178.32
2/07/2026,Darwin,P98,,,
2/07/2026,Darwin,DIS,156.76,15.68,172.43
2/07/2026,Darwin,PREDIS,158.76,15.88,174.63
2/07/2026,Bell Bay,ULP,153.99,15.40,169.39
2/07/2026,Bell Bay,E10,154.17,15.42,169.58
2/07/2026,Bell Bay,P95,161.12,16.11,177.23
2/07/2026,Bell Bay,P98,164.65,16.47,181.12
2/07/2026,Bell Bay,DIS,160.75,16.07,176.82
2/07/2026,Bell Bay,PREDIS,162.75,16.27,179.02
2/07/2026,Broome,ULP,178.17,17.82,195.99
2/07/2026,Broome,E10,,,
2/07/2026,Broome,P95,186.54,18.65,205.19
2/07/2026,Broome,P98,,,
2/07/2026,Broome,DIS,164.13,16.41,180.54
3/07/2026,Hastings,ULP,147.42,14.74,162.16
3/07/2026,Hastings,E10,147.38,14.74,162.12
3/07/2026,Hastings,P95,159.98,16.00,175.98
3/07/2026,Hastings,P98,167.17,16.72,183.89
3/07/2026,Hastings,DIS,156.70,15.67,172.37
3/07/2026,Hastings,PREDIS,158.70,15.87,174.57
3/07/2026,Yarraville,ULP,149.86,14.99,164.84
3/07/2026,Yarraville,E10,149.46,14.95,164.40
3/07/2026,Yarraville,P95,161.27,16.13,177.39
3/07/2026,Yarraville,P98,167.42,16.74,184.17
3/07/2026,Yarraville,DIS,158.44,15.84,174.28
3/07/2026,Yarraville,PREDIS,160.44,16.04,176.48
3/07/2026,Sydney,ULP,146.69,14.67,161.36
3/07/2026,Sydney,E10,146.56,14.66,161.22
3/07/2026,Sydney,P95,160.59,16.06,176.65
3/07/2026,Sydney,P98,168.70,16.87,185.57
3/07/2026,Sydney,DIS,156.91,15.69,172.60
3/07/2026,Sydney,PREDIS,158.91,15.89,174.80
3/07/2026,Brisbane,ULP,149.53,14.95,164.48
3/07/2026,Brisbane,E10,150.47,15.05,165.51
3/07/2026,Brisbane,P95,158.33,15.83,174.16
3/07/2026,Brisbane,P98,171.90,17.19,189.09
3/07/2026,Brisbane,DIS,158.29,15.83,174.12
3/07/2026,Brisbane,PREDIS,160.29,16.03,176.32
3/07/2026,Brisbane,B5,161.94,16.19,178.13
3/07/2026,Gladstone,ULP,155.16,15.52,170.68
3/07/2026,Gladstone,E10,154.89,15.49,170.37
3/07/2026,Gladstone,P95,155.78,15.58,171.36
3/07/2026,Gladstone,P98,,,
3/07/2026,Gladstone,DIS,157.56,15.76,173.32
3/07/2026,Gladstone,PREDIS,159.56,15.96,175.52
3/07/2026,Mackay,ULP,154.99,15.50,170.49
3/07/2026,Mackay,E10,157.25,15.73,172.98
3/07/2026,Mackay,P95,156.81,15.68,172.49
3/07/2026,Mackay,P98,159.76,15.98,175.73
3/07/2026,Mackay,DIS,158.05,15.81,173.86
3/07/2026,Mackay,PREDIS,160.05,16.01,176.06
3/07/2026,Townsville,ULP,154.94,15.49,170.43
3/07/2026,Townsville,E10,155.94,15.59,171.53
3/07/2026,Townsville,P95,165.15,16.51,181.66
3/07/2026,Townsville,P98,182.47,18.25,200.72
3/07/2026,Townsville,DIS,160.22,16.02,176.24
3/07/2026,Townsville,PREDIS,162.22,16.22,178.44
3/07/2026,Cairns,ULP,153.98,15.40,169.38
3/07/2026,Cairns,E10,155.86,15.59,171.45
3/07/2026,Cairns,P95,161.60,16.16,177.76
3/07/2026,Cairns,P98,,,
3/07/2026,Cairns,DIS,158.49,15.85,174.34
3/07/2026,Cairns,PREDIS,160.49,16.05,176.54
3/07/2026,Port Alma,DIS,157.56,15.76,173.32
3/07/2026,Adelaide,ULP,146.02,14.60,160.62
3/07/2026,Adelaide,E10,143.35,14.33,157.68
3/07/2026,Adelaide,P95,153.57,15.36,168.93
3/07/2026,Adelaide,P98,167.64,16.76,184.40
3/07/2026,Adelaide,DIS,153.56,15.36,168.91
3/07/2026,Adelaide,PREDIS,155.56,15.56,171.11
3/07/2026,Perth,ULP,148.42,14.84,163.26
3/07/2026,Perth,E10,,,
3/07/2026,Perth,P95,157.63,15.76,173.39
3/07/2026,Perth,P98,172.09,17.21,189.30
3/07/2026,Perth,DIS,154.66,15.47,170.12
3/07/2026,Perth,PREDIS,156.66,15.67,172.32
3/07/2026,Darwin,ULP,152.41,15.24,167.65
3/07/2026,Darwin,E10,,,
3/07/2026,Darwin,P95,161.17,16.12,177.29
3/07/2026,Darwin,P98,,,
3/07/2026,Darwin,DIS,157.08,15.71,172.79
3/07/2026,Darwin,PREDIS,159.08,15.91,174.99
3/07/2026,Bell Bay,ULP,151.66,15.17,166.83
3/07/2026,Bell Bay,E10,153.35,15.33,168.68
3/07/2026,Bell Bay,P95,160.24,16.02,176.26
3/07/2026,Bell Bay,P98,163.78,16.38,180.15
3/07/2026,Bell Bay,DIS,161.13,16.11,177.25
3/07/2026,Bell Bay,PREDIS,163.13,16.31,179.45
3/07/2026,Broome,ULP,177.65,17.77,195.42
3/07/2026,Broome,E10,,,
3/07/2026,Broome,P95,185.97,18.60,204.57
3/07/2026,Broome,P98,,,
3/07/2026,Broome,DIS,164.54,16.45,180.99
4/07/2026,Hastings,ULP,146.78,14.68,161.46
4/07/2026,Hastings,E10,146.75,14.67,161.42
4/07/2026,Hastings,P95,159.30,15.93,175.23
4/07/2026,Hastings,P98,166.49,16.65,183.14
4/07/2026,Hastings,DIS,157.86,15.79,173.65
4/07/2026,Hastings,PREDIS,159.86,15.99,175.85
4/07/2026,Yarraville,ULP,149.14,14.91,164.05
4/07/2026,Yarraville,E10,148.81,14.88,163.69
4/07/2026,Yarraville,P95,160.55,16.05,176.60
4/07/2026,Yarraville,P98,166.72,16.67,183.39
4/07/2026,Yarraville,DIS,159.57,15.96,175.53
4/07/2026,Yarraville,PREDIS,161.57,16.16,177.73
4/07/2026,Sydney,ULP,146.05,14.61,160.66
4/07/2026,Sydney,E10,145.93,14.59,160.53
4/07/2026,Sydney,P95,159.91,15.99,175.90
4/07/2026,Sydney,P98,168.02,16.80,184.83
4/07/2026,Sydney,DIS,158.07,15.81,173.88
4/07/2026,Sydney,PREDIS,160.07,16.01,176.08
4/07/2026,Brisbane,ULP,148.89,14.89,163.77
4/07/2026,Brisbane,E10,149.83,14.98,164.81
4/07/2026,Brisbane,P95,157.64,15.76,173.41
4/07/2026,Brisbane,P98,171.21,17.12,188.34
4/07/2026,Brisbane,DIS,159.44,15.94,175.39
4/07/2026,Brisbane,PREDIS,161.44,16.14,177.59
4/07/2026,Brisbane,B5,163.09,16.31,179.40
4/07/2026,Gladstone,ULP,154.52,15.45,169.98
4/07/2026,Gladstone,E10,154.31,15.43,169.74
4/07/2026,Gladstone,P95,155.10,15.51,170.61
4/07/2026,Gladstone,P98,,,
4/07/2026,Gladstone,DIS,158.70,15.87,174.57
4/07/2026,Gladstone,PREDIS,160.70,16.07,176.77
4/07/2026,Mackay,ULP,154.34,15.43,169.78
4/07/2026,Mackay,E10,156.68,15.67,172.35
4/07/2026,Mackay,P95,156.11,15.61,171.72
4/07/2026,Mackay,P98,159.06,15.91,174.97
4/07/2026,Mackay,DIS,159.19,15.92,175.11
4/07/2026,Mackay,PREDIS,161.19,16.12,177.31
4/07/2026,Townsville,ULP,154.29,15.43,169.72
4/07/2026,Townsville,E10,155.29,15.53,170.82
4/07/2026,Townsville,P95,164.45,16.44,180.89
4/07/2026,Townsville,P98,181.78,18.18,199.96
4/07/2026,Townsville,DIS,161.36,16.14,177.50
4/07/2026,Townsville,PREDIS,163.36,16.34,179.70
4/07/2026,Cairns,ULP,153.33,15.33,168.66
4/07/2026,Cairns,E10,155.17,15.52,170.68
4/07/2026,Cairns,P95,160.90,16.09,176.99
4/07/2026,Cairns,P98,,,
4/07/2026,Cairns,DIS,159.63,15.96,175.59
4/07/2026,Cairns,PREDIS,161.63,16.16,177.79
4/07/2026,Port Alma,DIS,158.70,15.87,174.57
4/07/2026,Adelaide,ULP,145.35,14.54,159.89
4/07/2026,Adelaide,E10,142.69,14.27,156.96
4/07/2026,Adelaide,P95,152.87,15.29,168.15
4/07/2026,Adelaide,P98,166.94,16.69,183.63
4/07/2026,Adelaide,DIS,154.68,15.47,170.15
4/07/2026,Adelaide,PREDIS,156.68,15.67,172.35
4/07/2026,Perth,ULP,147.76,14.78,162.54
4/07/2026,Perth,E10,,,
4/07/2026,Perth,P95,156.93,15.69,172.62
4/07/2026,Perth,P98,171.39,17.14,188.52
4/07/2026,Perth,DIS,155.76,15.58,171.33
4/07/2026,Perth,PREDIS,157.76,15.78,173.53
4/07/2026,Darwin,ULP,151.73,15.17,166.90
4/07/2026,Darwin,E10,,,
4/07/2026,Darwin,P95,160.44,16.04,176.48
4/07/2026,Darwin,P98,,,
4/07/2026,Darwin,DIS,158.19,15.82,174.00
4/07/2026,Darwin,PREDIS,160.19,16.02,176.20
4/07/2026,Bell Bay,ULP,151.05,15.10,166.15
4/07/2026,Bell Bay,E10,152.73,15.27,168.01
4/07/2026,Bell Bay,P95,159.58,15.96,175.54
4/07/2026,Bell Bay,P98,163.12,16.31,179.43
4/07/2026,Bell Bay,DIS,162.32,16.23,178.55
4/07/2026,Bell Bay,PREDIS,164.32,16.43,180.75
4/07/2026,Broome,ULP,177.44,17.74,195.19
4/07/2026,Broome,E10,,,
4/07/2026,Broome,P95,185.72,18.57,204.29
4/07/2026,Broome,P98,,,
4/07/2026,Broome,DIS,165.75,16.58,182.33
7/07/2026,Hastings,ULP,146.43,14.64,161.08
7/07/2026,Hastings,E10,146.48,14.65,161.13
7/07/2026,Hastings,P95,159.11,15.91,175.02
7/07/2026,Hastings,P98,166.32,16.63,182.95
7/07/2026,Hastings,DIS,158.35,15.83,174.18
7/07/2026,Hastings,PREDIS,160.35,16.03,176.38
7/07/2026,Yarraville,ULP,148.91,14.89,163.80
7/07/2026,Yarraville,E10,148.60,14.86,163.46
7/07/2026,Yarraville,P95,160.35,16.04,176.39
7/07/2026,Yarraville,P98,166.52,16.65,183.17
7/07/2026,Yarraville,DIS,161.22,16.12,177.35
7/07/2026,Yarraville,PREDIS,163.22,16.32,179.55
7/07/2026,Sydney,ULP,145.69,14.57,160.26
7/07/2026,Sydney,E10,145.65,14.57,160.22
7/07/2026,Sydney,P95,159.71,15.97,175.68
7/07/2026,Sydney,P98,167.84,16.78,184.63
7/07/2026,Sydney,DIS,158.55,15.86,174.41
7/07/2026,Sydney,PREDIS,160.55,16.06,176.61
7/07/2026,Brisbane,ULP,148.46,14.85,163.31
7/07/2026,Brisbane,E10,149.40,14.94,164.34
7/07/2026,Brisbane,P95,157.37,15.74,173.11
7/07/2026,Brisbane,P98,170.97,17.10,188.07
7/07/2026,Brisbane,DIS,159.85,15.98,175.83
7/07/2026,Brisbane,PREDIS,161.85,16.18,178.03
7/07/2026,Brisbane,B5,163.50,16.35,179.85
7/07/2026,Gladstone,ULP,154.18,15.42,169.59
7/07/2026,Gladstone,E10,154.00,15.40,169.40
7/07/2026,Gladstone,P95,154.90,15.49,170.39
7/07/2026,Gladstone,P98,,,
7/07/2026,Gladstone,DIS,159.17,15.92,175.09
7/07/2026,Gladstone,PREDIS,161.17,16.12,177.29
7/07/2026,Mackay,ULP,154.00,15.40,169.41
7/07/2026,Mackay,E10,156.38,15.64,172.01
7/07/2026,Mackay,P95,155.95,15.59,171.54
7/07/2026,Mackay,P98,158.90,15.89,174.79
7/07/2026,Mackay,DIS,159.67,15.97,175.64
7/07/2026,Mackay,PREDIS,161.67,16.17,177.84
7/07/2026,Townsville,ULP,154.02,15.40,169.43
7/07/2026,Townsville,E10,155.02,15.50,170.53
7/07/2026,Townsville,P95,164.36,16.44,180.79
7/07/2026,Townsville,P98,181.69,18.17,199.86
7/07/2026,Townsville,DIS,161.84,16.18,178.03
7/07/2026,Townsville,PREDIS,163.84,16.38,180.23
7/07/2026,Cairns,ULP,153.01,15.30,168.31
7/07/2026,Cairns,E10,154.99,15.50,170.49
7/07/2026,Cairns,P95,160.72,16.07,176.79
7/07/2026,Cairns,P98,,,
7/07/2026,Cairns,DIS,160.14,16.01,176.15
7/07/2026,Cairns,PREDIS,162.14,16.21,178.35
7/07/2026,Port Alma,DIS,159.17,15.92,175.09
7/07/2026,Adelaide,ULP,145.01,14.50,159.51
7/07/2026,Adelaide,E10,142.43,14.24,156.67
7/07/2026,Adelaide,P95,152.68,15.27,167.95
7/07/2026,Adelaide,P98,166.78,16.68,183.46
7/07/2026,Adelaide,DIS,155.17,15.52,170.68
7/07/2026,Adelaide,PREDIS,157.17,15.72,172.88
7/07/2026,Perth,ULP,147.39,14.74,162.13
7/07/2026,Perth,E10,,,
7/07/2026,Perth,P95,156.70,15.67,172.37
7/07/2026,Perth,P98,171.19,17.12,188.31
7/07/2026,Perth,DIS,156.19,15.62,171.81
7/07/2026,Perth,PREDIS,158.19,15.82,174.01
7/07/2026,Darwin,ULP,151.35,15.13,166.48
7/07/2026,Darwin,E10,,,
7/07/2026,Darwin,P95,160.24,16.02,176.26
7/07/2026,Darwin,P98,,,
7/07/2026,Darwin,DIS,158.64,15.86,174.50
7/07/2026,Darwin,PREDIS,160.64,16.06,176.70
7/07/2026,Bell Bay,ULP,150.73,15.07,165.80
7/07/2026,Bell Bay,E10,152.49,15.25,167.74
7/07/2026,Bell Bay,P95,159.42,15.94,175.36
7/07/2026,Bell Bay,P98,162.97,16.30,179.27
7/07/2026,Bell Bay,DIS,162.84,16.28,179.12
7/07/2026,Bell Bay,PREDIS,164.84,16.48,181.32
7/07/2026,Broome,ULP,177.51,17.75,195.27
7/07/2026,Broome,E10,,,
7/07/2026,Broome,P95,185.94,18.59,204.53
7/07/2026,Broome,P98,,,
7/07/2026,Broome,DIS,166.34,16.63,182.98
8/07/2026,Hastings,ULP,146.25,14.63,160.88
8/07/2026,Hastings,E10,146.30,14.63,160.93
8/07/2026,Hastings,P95,159.21,15.92,175.13
8/07/2026,Hastings,P98,166.43,16.64,183.08
8/07/2026,Hastings,DIS,158.86,15.89,174.74
8/07/2026,Hastings,PREDIS,160.86,16.09,176.94
8/07/2026,Yarraville,ULP,148.96,14.90,163.86
8/07/2026,Yarraville,E10,148.65,14.87,163.52
8/07/2026,Yarraville,P95,160.45,16.04,176.49
8/07/2026,Yarraville,P98,166.61,16.66,183.27
8/07/2026,Yarraville,DIS,161.71,16.17,177.88
8/07/2026,Yarraville,PREDIS,163.71,16.37,180.08
8/07/2026,Sydney,ULP,145.51,14.55,160.07
8/07/2026,Sydney,E10,145.47,14.55,160.02
8/07/2026,Sydney,P95,159.81,15.98,175.79
8/07/2026,Sydney,P98,167.95,16.80,184.75
8/07/2026,Sydney,DIS,159.06,15.91,174.96
8/07/2026,Sydney,PREDIS,161.06,16.11,177.16
8/07/2026,Brisbane,ULP,148.17,14.82,162.99
8/07/2026,Brisbane,E10,149.11,14.91,164.03
8/07/2026,Brisbane,P95,157.33,15.73,173.06
8/07/2026,Brisbane,P98,170.97,17.10,188.07
8/07/2026,Brisbane,DIS,160.23,16.02,176.25
8/07/2026,Brisbane,PREDIS,162.23,16.22,178.45
8/07/2026,Brisbane,B5,163.88,16.39,180.27
8/07/2026,Gladstone,ULP,153.99,15.40,169.39
8/07/2026,Gladstone,E10,153.84,15.38,169.22
8/07/2026,Gladstone,P95,154.97,15.50,170.46
8/07/2026,Gladstone,P98,,,
8/07/2026,Gladstone,DIS,159.67,15.97,175.63
8/07/2026,Gladstone,PREDIS,161.67,16.17,177.83
8/07/2026,Mackay,ULP,153.82,15.38,169.20
8/07/2026,Mackay,E10,156.21,15.62,171.83
8/07/2026,Mackay,P95,156.06,15.61,171.66
8/07/2026,Mackay,P98,159.01,15.90,174.91
8/07/2026,Mackay,DIS,160.16,16.02,176.17
8/07/2026,Mackay,PREDIS,162.16,16.22,178.37
8/07/2026,Townsville,ULP,153.84,15.38,169.22
8/07/2026,Townsville,E10,154.84,15.48,170.32
8/07/2026,Townsville,P95,164.47,16.45,180.92
8/07/2026,Townsville,P98,181.80,18.18,199.98
8/07/2026,Townsville,DIS,162.34,16.23,178.57
8/07/2026,Townsville,PREDIS,164.34,16.43,180.77
8/07/2026,Cairns,ULP,152.81,15.28,168.09
8/07/2026,Cairns,E10,155.05,15.50,170.55
8/07/2026,Cairns,P95,160.78,16.08,176.85
8/07/2026,Cairns,P98,,,
8/07/2026,Cairns,DIS,160.63,16.06,176.70
8/07/2026,Cairns,PREDIS,162.63,16.26,178.90
8/07/2026,Port Alma,DIS,159.67,15.97,175.63
8/07/2026,Adelaide,ULP,144.81,14.48,159.29
8/07/2026,Adelaide,E10,142.23,14.22,156.45
8/07/2026,Adelaide,P95,152.73,15.27,168.01
8/07/2026,Adelaide,P98,166.88,16.69,183.57
8/07/2026,Adelaide,DIS,155.65,15.56,171.21
8/07/2026,Adelaide,PREDIS,157.65,15.76,173.41
8/07/2026,Perth,ULP,147.20,14.72,161.92
8/07/2026,Perth,E10,,,
8/07/2026,Perth,P95,156.75,15.68,172.43
8/07/2026,Perth,P98,171.29,17.13,188.42
8/07/2026,Perth,DIS,156.66,15.67,172.32
8/07/2026,Perth,PREDIS,158.66,15.87,174.52
8/07/2026,Darwin,ULP,151.13,15.11,166.25
8/07/2026,Darwin,E10,,,
8/07/2026,Darwin,P95,160.32,16.03,176.35
8/07/2026,Darwin,P98,,,
8/07/2026,Darwin,DIS,159.11,15.91,175.02
8/07/2026,Darwin,PREDIS,161.11,16.11,177.22
8/07/2026,Bell Bay,ULP,150.56,15.06,165.61
8/07/2026,Bell Bay,E10,152.32,15.23,167.56
8/07/2026,Bell Bay,P95,159.53,15.95,175.48
8/07/2026,Bell Bay,P98,163.10,16.31,179.41
8/07/2026,Bell Bay,DIS,163.36,16.34,179.69
8/07/2026,Bell Bay,PREDIS,165.36,16.54,181.89
8/07/2026,Broome,ULP,177.59,17.76,195.35
8/07/2026,Broome,E10,,,
8/07/2026,Broome,P95,186.26,18.63,204.89
8/07/2026,Broome,P98,,,
8/07/2026,Broome,DIS,166.88,16.69,183.57
9/07/2026,Hastings,ULP,145.69,14.57,160.26
9/07/2026,Hastings,E10,145.74,14.57,160.32
9/07/2026,Hastings,P95,158.64,15.86,174.50
9/07/2026,Hastings,P98,165.86,16.59,182.44
9/07/2026,Hastings,DIS,159.60,15.96,175.56
9/07/2026,Hastings,PREDIS,161.60,16.16,177.76
9/07/2026,Yarraville,ULP,148.39,14.84,163.23
9/07/2026,Yarraville,E10,148.13,14.81,162.94
9/07/2026,Yarraville,P95,159.87,15.99,175.85
9/07/2026,Yarraville,P98,166.02,16.60,182.63
9/07/2026,Yarraville,DIS,162.44,16.24,178.68
9/07/2026,Yarraville,PREDIS,164.44,16.44,180.88
9/07/2026,Sydney,ULP,144.95,14.49,159.44
9/07/2026,Sydney,E10,144.91,14.49,159.40
9/07/2026,Sydney,P95,159.24,15.92,175.16
9/07/2026,Sydney,P98,167.38,16.74,184.12
9/07/2026,Sydney,DIS,159.80,15.98,175.78
9/07/2026,Sydney,PREDIS,161.80,16.18,177.98
9/07/2026,Brisbane,ULP,147.47,14.75,162.22
9/07/2026,Brisbane,E10,148.41,14.84,163.25
9/07/2026,Brisbane,P95,156.62,15.66,172.28
9/07/2026,Brisbane,P98,170.26,17.03,187.28
9/07/2026,Brisbane,DIS,160.82,16.08,176.90
9/07/2026,Brisbane,PREDIS,162.82,16.28,179.10
9/07/2026,Brisbane,B5,164.47,16.45,180.91
9/07/2026,Gladstone,ULP,153.43,15.34,168.77
9/07/2026,Gladstone,E10,153.33,15.33,168.66
9/07/2026,Gladstone,P95,154.40,15.44,169.84
9/07/2026,Gladstone,P98,,,
9/07/2026,Gladstone,DIS,160.40,16.04,176.44
9/07/2026,Gladstone,PREDIS,162.40,16.24,178.64
9/07/2026,Mackay,ULP,153.25,15.32,168.57
9/07/2026,Mackay,E10,155.69,15.57,171.26
9/07/2026,Mackay,P95,155.49,15.55,171.04
9/07/2026,Mackay,P98,158.43,15.84,174.28
9/07/2026,Mackay,DIS,160.89,16.09,176.98
9/07/2026,Mackay,PREDIS,162.89,16.29,179.18
9/07/2026,Townsville,ULP,153.27,15.33,168.60
9/07/2026,Townsville,E10,154.27,15.43,169.70
9/07/2026,Townsville,P95,163.90,16.39,180.29
9/07/2026,Townsville,P98,181.22,18.12,199.35
9/07/2026,Townsville,DIS,163.07,16.31,179.38
9/07/2026,Townsville,PREDIS,165.07,16.51,181.58
9/07/2026,Cairns,ULP,152.24,15.22,167.46
9/07/2026,Cairns,E10,154.48,15.45,169.93
9/07/2026,Cairns,P95,160.20,16.02,176.22
9/07/2026,Cairns,P98,,,
9/07/2026,Cairns,DIS,161.37,16.14,177.50
9/07/2026,Cairns,PREDIS,163.37,16.34,179.70
9/07/2026,Port Alma,DIS,160.40,16.04,176.44
9/07/2026,Adelaide,ULP,144.23,14.42,158.66
9/07/2026,Adelaide,E10,141.66,14.17,155.82
9/07/2026,Adelaide,P95,152.15,15.22,167.37
9/07/2026,Adelaide,P98,166.29,16.63,182.92
9/07/2026,Adelaide,DIS,156.38,15.64,172.01
9/07/2026,Adelaide,PREDIS,158.38,15.84,174.21
9/07/2026,Perth,ULP,146.62,14.66,161.28
9/07/2026,Perth,E10,,,
9/07/2026,Perth,P95,156.18,15.62,171.79
9/07/2026,Perth,P98,170.70,17.07,187.77
9/07/2026,Perth,DIS,157.37,15.74,173.11
9/07/2026,Perth,PREDIS,159.37,15.94,175.31
9/07/2026,Darwin,ULP,150.54,15.05,165.60
9/07/2026,Darwin,E10,,,
9/07/2026,Darwin,P95,159.72,15.97,175.69
9/07/2026,Darwin,P98,,,
9/07/2026,Darwin,DIS,159.82,15.98,175.81
9/07/2026,Darwin,PREDIS,161.82,16.18,178.01
9/07/2026,Bell Bay,ULP,150.00,15.00,165.00
9/07/2026,Bell Bay,E10,151.77,15.18,166.95
9/07/2026,Bell Bay,P95,158.97,15.90,174.86
9/07/2026,Bell Bay,P98,162.53,16.25,178.78
9/07/2026,Bell Bay,DIS,164.11,16.41,180.52
9/07/2026,Bell Bay,PREDIS,166.11,16.61,182.72
9/07/2026,Broome,ULP,177.21,17.72,194.93
9/07/2026,Broome,E10,,,
9/07/2026,Broome,P95,185.88,18.59,204.47
9/07/2026,Broome,P98,,,
9/07/2026,Broome,DIS,167.65,16.76,184.41
10/07/2026,Hastings,ULP,145.42,14.54,159.96
10/07/2026,Hastings,E10,145.48,14.55,160.02
10/07/2026,Hastings,P95,158.04,15.80,173.84
10/07/2026,Hastings,P98,165.09,16.51,181.60
10/07/2026,Hastings,DIS,161.02,16.10,177.12
10/07/2026,Hastings,PREDIS,163.02,16.30,179.32
10/07/2026,Yarraville,ULP,147.64,14.76,162.40
10/07/2026,Yarraville,E10,147.45,14.75,162.20
10/07/2026,Yarraville,P95,159.10,15.91,175.01
10/07/2026,Yarraville,P98,165.25,16.53,181.78
10/07/2026,Yarraville,DIS,163.44,16.34,179.78
10/07/2026,Yarraville,PREDIS,165.44,16.54,181.98
10/07/2026,Sydney,ULP,144.68,14.47,159.15
10/07/2026,Sydney,E10,144.65,14.46,159.11
10/07/2026,Sydney,P95,158.64,15.86,174.50
10/07/2026,Sydney,P98,166.61,16.66,183.27
10/07/2026,Sydney,DIS,161.22,16.12,177.34
10/07/2026,Sydney,PREDIS,163.22,16.32,179.54
10/07/2026,Brisbane,ULP,146.64,14.66,161.31
10/07/2026,Brisbane,E10,147.58,14.76,162.34
10/07/2026,Brisbane,P95,155.72,15.57,171.29
10/07/2026,Brisbane,P98,169.34,16.93,186.28
10/07/2026,Brisbane,DIS,161.66,16.17,177.83
10/07/2026,Brisbane,PREDIS,163.66,16.37,180.03
10/07/2026,Brisbane,B5,165.31,16.53,181.84
10/07/2026,Gladstone,ULP,152.75,15.27,168.02
10/07/2026,Gladstone,E10,152.72,15.27,167.99
10/07/2026,Gladstone,P95,153.65,15.36,169.01
10/07/2026,Gladstone,P98,,,
10/07/2026,Gladstone,DIS,161.41,16.14,177.55
10/07/2026,Gladstone,PREDIS,163.41,16.34,179.75
10/07/2026,Mackay,ULP,152.57,15.26,167.83
10/07/2026,Mackay,E10,155.08,15.51,170.59
10/07/2026,Mackay,P95,154.72,15.47,170.19
10/07/2026,Mackay,P98,157.67,15.77,173.43
10/07/2026,Mackay,DIS,161.89,16.19,178.08
10/07/2026,Mackay,PREDIS,163.89,16.39,180.28
10/07/2026,Townsville,ULP,152.59,15.26,167.85
10/07/2026,Townsville,E10,153.59,15.36,168.95
10/07/2026,Townsville,P95,163.13,16.31,179.44
10/07/2026,Townsville,P98,180.46,18.05,198.50
10/07/2026,Townsville,DIS,164.08,16.41,180.49
10/07/2026,Townsville,PREDIS,166.08,16.61,182.69
10/07/2026,Cairns,ULP,151.56,15.16,166.71
10/07/2026,Cairns,E10,153.74,15.37,169.11
10/07/2026,Cairns,P95,159.45,15.94,175.39
10/07/2026,Cairns,P98,,,
10/07/2026,Cairns,DIS,162.37,16.24,178.61
10/07/2026,Cairns,PREDIS,164.37,16.44,180.81
10/07/2026,Port Alma,DIS,161.41,16.14,177.55
10/07/2026,Adelaide,ULP,143.55,14.36,157.91
10/07/2026,Adelaide,E10,140.98,14.10,155.08
10/07/2026,Adelaide,P95,151.40,15.14,166.54
10/07/2026,Adelaide,P98,165.52,16.55,182.07
10/07/2026,Adelaide,DIS,157.38,15.74,173.12
10/07/2026,Adelaide,PREDIS,159.38,15.94,175.32
10/07/2026,Perth,ULP,145.94,14.59,160.53
10/07/2026,Perth,E10,,,
10/07/2026,Perth,P95,155.42,15.54,170.96
10/07/2026,Perth,P98,169.93,16.99,186.92
10/07/2026,Perth,DIS,158.38,15.84,174.21
10/07/2026,Perth,PREDIS,160.38,16.04,176.41
10/07/2026,Darwin,ULP,149.86,14.99,164.85
10/07/2026,Darwin,E10,,,
10/07/2026,Darwin,P95,158.95,15.89,174.84
10/07/2026,Darwin,P98,,,
10/07/2026,Darwin,DIS,160.83,16.08,176.91
10/07/2026,Darwin,PREDIS,162.83,16.28,179.11
10/07/2026,Bell Bay,ULP,149.73,14.97,164.71
10/07/2026,Bell Bay,E10,151.51,15.15,166.66
10/07/2026,Bell Bay,P95,158.37,15.84,174.21
10/07/2026,Bell Bay,P98,161.76,16.18,177.94
10/07/2026,Bell Bay,DIS,165.53,16.55,182.08
10/07/2026,Bell Bay,PREDIS,167.53,16.75,184.28
10/07/2026,Broome,ULP,176.55,17.66,194.21
10/07/2026,Broome,E10,,,
10/07/2026,Broome,P95,185.15,18.51,203.66
10/07/2026,Broome,P98,,,
10/07/2026,Broome,DIS,168.66,16.87,185.52
11/07/2026,Hastings,ULP,144.66,14.47,159.13
11/07/2026,Hastings,E10,144.73,14.47,159.20
11/07/2026,Hastings,P95,157.43,15.74,173.17
11/07/2026,Hastings,P98,164.48,16.45,180.93
11/07/2026,Hastings,DIS,162.57,16.26,178.83
11/07/2026,Hastings,PREDIS,164.57,16.46,181.03
11/07/2026,Yarraville,ULP,147.02,14.70,161.72
11/07/2026,Yarraville,E10,146.89,14.69,161.58
11/07/2026,Yarraville,P95,158.50,15.85,174.35
11/07/2026,Yarraville,P98,164.65,16.46,181.11
11/07/2026,Yarraville,DIS,165.00,16.50,181.50
11/07/2026,Yarraville,PREDIS,167.00,16.70,183.70
11/07/2026,Sydney,ULP,143.93,14.39,158.32
11/07/2026,Sydney,E10,143.90,14.39,158.29
11/07/2026,Sydney,P95,158.02,15.80,173.82
11/07/2026,Sydney,P98,166.00,16.60,182.60
11/07/2026,Sydney,DIS,162.77,16.28,179.05
11/07/2026,Sydney,PREDIS,164.77,16.48,181.25
11/07/2026,Brisbane,ULP,145.83,14.58,160.42
11/07/2026,Brisbane,E10,146.77,14.68,161.45
11/07/2026,Brisbane,P95,155.04,15.50,170.54
11/07/2026,Brisbane,P98,168.68,16.87,185.55
11/07/2026,Brisbane,DIS,163.16,16.32,179.47
11/07/2026,Brisbane,PREDIS,165.16,16.52,181.67
11/07/2026,Brisbane,B5,166.81,16.68,183.49
11/07/2026,Gladstone,ULP,151.99,15.20,167.19
11/07/2026,Gladstone,E10,152.04,15.20,167.24
11/07/2026,Gladstone,P95,153.02,15.30,168.32
11/07/2026,Gladstone,P98,,,
11/07/2026,Gladstone,DIS,162.97,16.30,179.27
11/07/2026,Gladstone,PREDIS,164.97,16.50,181.47
11/07/2026,Mackay,ULP,151.82,15.18,167.00
11/07/2026,Mackay,E10,154.40,15.44,169.84
11/07/2026,Mackay,P95,154.12,15.41,169.53
11/07/2026,Mackay,P98,157.06,15.71,172.77
11/07/2026,Mackay,DIS,163.46,16.35,179.80
11/07/2026,Mackay,PREDIS,165.46,16.55,182.00
11/07/2026,Townsville,ULP,151.84,15.18,167.02
11/07/2026,Townsville,E10,152.84,15.28,168.12
11/07/2026,Townsville,P95,162.53,16.25,178.78
11/07/2026,Townsville,P98,179.85,17.99,197.84
11/07/2026,Townsville,DIS,165.64,16.56,182.20
11/07/2026,Townsville,PREDIS,167.64,16.76,184.40
11/07/2026,Cairns,ULP,150.81,15.08,165.89
11/07/2026,Cairns,E10,153.12,15.31,168.43
11/07/2026,Cairns,P95,158.82,15.88,174.70
11/07/2026,Cairns,P98,,,
11/07/2026,Cairns,DIS,163.93,16.39,180.33
11/07/2026,Cairns,PREDIS,165.93,16.59,182.53
11/07/2026,Port Alma,DIS,162.97,16.30,179.27
11/07/2026,Adelaide,ULP,142.80,14.28,157.08
11/07/2026,Adelaide,E10,140.24,14.02,154.27
11/07/2026,Adelaide,P95,150.78,15.08,165.85
11/07/2026,Adelaide,P98,164.92,16.49,181.41
11/07/2026,Adelaide,DIS,158.95,15.89,174.84
11/07/2026,Adelaide,PREDIS,160.95,16.09,177.04
11/07/2026,Perth,ULP,145.19,14.52,159.71
11/07/2026,Perth,E10,,,
11/07/2026,Perth,P95,154.80,15.48,170.28
11/07/2026,Perth,P98,169.33,16.93,186.26
11/07/2026,Perth,DIS,159.95,15.99,175.94
11/07/2026,Perth,PREDIS,161.95,16.19,178.14
11/07/2026,Darwin,ULP,149.12,14.91,164.03
11/07/2026,Darwin,E10,,,
11/07/2026,Darwin,P95,158.35,15.84,174.19
11/07/2026,Darwin,P98,,,
11/07/2026,Darwin,DIS,162.40,16.24,178.64
11/07/2026,Darwin,PREDIS,164.40,16.44,180.84
11/07/2026,Bell Bay,ULP,148.97,14.90,163.87
11/07/2026,Bell Bay,E10,150.76,15.08,165.83
11/07/2026,Bell Bay,P95,157.75,15.78,173.53
11/07/2026,Bell Bay,P98,161.15,16.11,177.26
11/07/2026,Bell Bay,DIS,167.08,16.71,183.79
11/07/2026,Bell Bay,PREDIS,169.08,16.91,185.99
11/07/2026,Broome,ULP,175.70,17.57,193.27
11/07/2026,Broome,E10,,,
11/07/2026,Broome,P95,184.43,18.44,202.87
11/07/2026,Broome,P98,,,
11/07/2026,Broome,DIS,170.20,17.02,187.22
14/07/2026,Hastings,ULP,144.37,14.44,158.81
14/07/2026,Hastings,E10,144.40,14.44,158.84
14/07/2026,Hastings,P95,157.53,15.75,173.28
14/07/2026,Hastings,P98,164.61,16.46,181.07
14/07/2026,Hastings,DIS,163.73,16.37,180.10
14/07/2026,Hastings,PREDIS,165.73,16.57,182.30
14/07/2026,Yarraville,ULP,147.09,14.71,161.80
14/07/2026,Yarraville,E10,146.96,14.70,161.65
14/07/2026,Yarraville,P95,158.64,15.86,174.50
14/07/2026,Yarraville,P98,164.78,16.48,181.26
14/07/2026,Yarraville,DIS,166.17,16.62,182.78
14/07/2026,Yarraville,PREDIS,168.17,16.82,184.98
14/07/2026,Sydney,ULP,143.64,14.36,158.00
14/07/2026,Sydney,E10,143.57,14.36,157.93
14/07/2026,Sydney,P95,158.12,15.81,173.94
14/07/2026,Sydney,P98,166.13,16.61,182.74
14/07/2026,Sydney,DIS,163.93,16.39,180.32
14/07/2026,Sydney,PREDIS,165.93,16.59,182.52
14/07/2026,Brisbane,ULP,145.51,14.55,160.06
14/07/2026,Brisbane,E10,146.45,14.65,161.10
14/07/2026,Brisbane,P95,155.07,15.51,170.57
14/07/2026,Brisbane,P98,168.78,16.88,185.65
14/07/2026,Brisbane,DIS,164.28,16.43,180.71
14/07/2026,Brisbane,PREDIS,166.28,16.63,182.91
14/07/2026,Brisbane,B5,167.93,16.79,184.72
14/07/2026,Gladstone,ULP,151.70,15.17,166.87
14/07/2026,Gladstone,E10,151.78,15.18,166.95
14/07/2026,Gladstone,P95,153.08,15.31,168.39
14/07/2026,Gladstone,P98,,,
14/07/2026,Gladstone,DIS,164.13,16.41,180.54
14/07/2026,Gladstone,PREDIS,166.13,16.61,182.74
14/07/2026,Mackay,ULP,151.53,15.15,166.68
14/07/2026,Mackay,E10,154.14,15.41,169.55
14/07/2026,Mackay,P95,154.25,15.43,169.68
14/07/2026,Mackay,P98,157.19,15.72,172.91
14/07/2026,Mackay,DIS,164.62,16.46,181.08
14/07/2026,Mackay,PREDIS,166.62,16.66,183.28
14/07/2026,Townsville,ULP,151.55,15.15,166.70
14/07/2026,Townsville,E10,152.55,15.25,167.80
14/07/2026,Townsville,P95,162.66,16.27,178.93
14/07/2026,Townsville,P98,179.98,18.00,197.98
14/07/2026,Townsville,DIS,166.80,16.68,183.48
14/07/2026,Townsville,PREDIS,168.80,16.88,185.68
14/07/2026,Cairns,ULP,150.52,15.05,165.57
14/07/2026,Cairns,E10,153.19,15.32,168.51
14/07/2026,Cairns,P95,158.89,15.89,174.78
14/07/2026,Cairns,P98,,,
14/07/2026,Cairns,DIS,165.10,16.51,181.61
14/07/2026,Cairns,PREDIS,167.10,16.71,183.81
14/07/2026,Port Alma,DIS,164.13,16.41,180.54
14/07/2026,Adelaide,ULP,142.52,14.25,156.77
14/07/2026,Adelaide,E10,139.92,13.99,153.91
14/07/2026,Adelaide,P95,150.84,15.08,165.93
14/07/2026,Adelaide,P98,165.05,16.51,181.56
14/07/2026,Adelaide,DIS,160.11,16.01,176.12
14/07/2026,Adelaide,PREDIS,162.11,16.21,178.32
14/07/2026,Perth,ULP,144.90,14.49,159.39
14/07/2026,Perth,E10,,,
14/07/2026,Perth,P95,154.86,15.49,170.35
14/07/2026,Perth,P98,169.46,16.95,186.41
14/07/2026,Perth,DIS,161.12,16.11,177.23
14/07/2026,Perth,PREDIS,163.12,16.31,179.43
14/07/2026,Darwin,ULP,148.84,14.88,163.72
14/07/2026,Darwin,E10,,,
14/07/2026,Darwin,P95,158.50,15.85,174.35
14/07/2026,Darwin,P98,,,
14/07/2026,Darwin,DIS,163.57,16.36,179.92
14/07/2026,Darwin,PREDIS,165.57,16.56,182.12
14/07/2026,Bell Bay,ULP,148.68,14.87,163.55
14/07/2026,Bell Bay,E10,150.42,15.04,165.46
14/07/2026,Bell Bay,P95,157.85,15.78,173.63
14/07/2026,Bell Bay,P98,161.27,16.13,177.40
14/07/2026,Bell Bay,DIS,168.23,16.82,185.05
14/07/2026,Bell Bay,PREDIS,170.23,17.02,187.25
14/07/2026,Broome,ULP,175.30,17.53,192.84
14/07/2026,Broome,E10,,,
14/07/2026,Broome,P95,184.38,18.44,202.82
14/07/2026,Broome,P98,,,
14/07/2026,Broome,DIS,171.35,17.13,188.48
15/07/2026,Hastings,ULP,144.54,14.45,158.99
15/07/2026,Hastings,E10,144.56,14.46,159.01
15/07/2026,Hastings,P95,158.08,15.81,173.88
15/07/2026,Hastings,P98,165.18,16.52,181.70
15/07/2026,Hastings,DIS,165.53,16.55,182.08
15/07/2026,Hastings,PREDIS,167.53,16.75,184.28
15/07/2026,Yarraville,ULP,147.62,14.76,162.38
15/07/2026,Yarraville,E10,147.44,14.74,162.18
15/07/2026,Yarraville,P95,159.23,15.92,175.15
15/07/2026,Yarraville,P98,165.37,16.54,181.91
15/07/2026,Yarraville,DIS,167.98,16.80,184.78
15/07/2026,Yarraville,PREDIS,169.98,17.00,186.98
15/07/2026,Sydney,ULP,143.80,14.38,158.18
15/07/2026,Sydney,E10,143.73,14.37,158.10
15/07/2026,Sydney,P95,158.67,15.87,174.54
15/07/2026,Sydney,P98,166.70,16.67,183.37
15/07/2026,Sydney,DIS,165.73,16.57,182.30
15/07/2026,Sydney,PREDIS,167.73,16.77,184.50
15/07/2026,Brisbane,ULP,145.71,14.57,160.28
15/07/2026,Brisbane,E10,146.65,14.67,161.32
15/07/2026,Brisbane,P95,155.62,15.56,171.18
15/07/2026,Brisbane,P98,169.39,16.94,186.33
15/07/2026,Brisbane,DIS,166.13,16.61,182.74
15/07/2026,Brisbane,PREDIS,168.13,16.81,184.94
15/07/2026,Brisbane,B5,169.78,16.98,186.76
15/07/2026,Gladstone,ULP,151.86,15.19,167.05
15/07/2026,Gladstone,E10,151.92,15.19,167.11
15/07/2026,Gladstone,P95,153.59,15.36,168.95
15/07/2026,Gladstone,P98,,,
15/07/2026,Gladstone,DIS,165.95,16.59,182.54
15/07/2026,Gladstone,PREDIS,167.95,16.79,184.74
15/07/2026,Mackay,ULP,151.69,15.17,166.86
15/07/2026,Mackay,E10,154.29,15.43,169.72
15/07/2026,Mackay,P95,154.83,15.48,170.32
15/07/2026,Mackay,P98,157.77,15.78,173.55
15/07/2026,Mackay,DIS,166.43,16.64,183.08
15/07/2026,Mackay,PREDIS,168.43,16.84,185.28
15/07/2026,Townsville,ULP,151.71,15.17,166.89
15/07/2026,Townsville,E10,152.71,15.27,167.99
15/07/2026,Townsville,P95,163.24,16.32,179.57
15/07/2026,Townsville,P98,180.56,18.06,198.62
15/07/2026,Townsville,DIS,168.62,16.86,185.48
15/07/2026,Townsville,PREDIS,170.62,17.06,187.68
15/07/2026,Cairns,ULP,150.69,15.07,165.76
15/07/2026,Cairns,E10,153.71,15.37,169.08
15/07/2026,Cairns,P95,159.41,15.94,175.35
15/07/2026,Cairns,P98,,,
15/07/2026,Cairns,DIS,166.91,16.69,183.60
15/07/2026,Cairns,PREDIS,168.91,16.89,185.80
15/07/2026,Port Alma,DIS,165.95,16.59,182.54
15/07/2026,Adelaide,ULP,142.70,14.27,156.97
15/07/2026,Adelaide,E10,140.09,14.01,154.10
15/07/2026,Adelaide,P95,151.36,15.14,166.50
15/07/2026,Adelaide,P98,165.64,16.56,182.20
15/07/2026,Adelaide,DIS,161.94,16.19,178.13
15/07/2026,Adelaide,PREDIS,163.94,16.39,180.33
15/07/2026,Perth,ULP,145.08,14.51,159.58
15/07/2026,Perth,E10,,,
15/07/2026,Perth,P95,155.38,15.54,170.92
15/07/2026,Perth,P98,170.05,17.00,187.05
15/07/2026,Perth,DIS,162.95,16.30,179.25
15/07/2026,Perth,PREDIS,164.95,16.50,181.45
15/07/2026,Darwin,ULP,149.02,14.90,163.93
15/07/2026,Darwin,E10,,,
15/07/2026,Darwin,P95,159.10,15.91,175.01
15/07/2026,Darwin,P98,,,
15/07/2026,Darwin,DIS,165.40,16.54,181.94
15/07/2026,Darwin,PREDIS,167.40,16.74,184.14
15/07/2026,Bell Bay,ULP,148.83,14.88,163.71
15/07/2026,Bell Bay,E10,150.57,15.06,165.63
15/07/2026,Bell Bay,P95,158.39,15.84,174.23
15/07/2026,Bell Bay,P98,161.84,16.18,178.02
15/07/2026,Bell Bay,DIS,170.02,17.00,187.02
15/07/2026,Bell Bay,PREDIS,172.02,17.20,189.22
15/07/2026,Broome,ULP,175.25,17.53,192.78
15/07/2026,Broome,E10,,,
15/07/2026,Broome,P95,184.67,18.47,203.14
15/07/2026,Broome,P98,,,
15/07/2026,Broome,DIS,173.12,17.31,190.44
16/07/2026,Hastings,ULP,146.03,14.60,160.63
16/07/2026,Hastings,E10,146.03,14.60,160.64
16/07/2026,Hastings,P95,159.74,15.97,175.71
16/07/2026,Hastings,P98,166.85,16.69,183.54
16/07/2026,Hastings,DIS,170.52,17.05,187.57
16/07/2026,Hastings,PREDIS,172.52,17.25,189.77
16/07/2026,Yarraville,ULP,149.28,14.93,164.21
16/07/2026,Yarraville,E10,148.94,14.89,163.83
16/07/2026,Yarraville,P95,160.91,16.09,177.01
16/07/2026,Yarraville,P98,167.06,16.71,183.76
16/07/2026,Yarraville,DIS,172.99,17.30,190.29
16/07/2026,Yarraville,PREDIS,174.99,17.50,192.49
16/07/2026,Sydney,ULP,145.29,14.53,159.82
16/07/2026,Sydney,E10,145.20,14.52,159.72
16/07/2026,Sydney,P95,160.33,16.03,176.37
16/07/2026,Sydney,P98,168.37,16.84,185.21
16/07/2026,Sydney,DIS,170.72,17.07,187.79
16/07/2026,Sydney,PREDIS,172.72,17.27,189.99
16/07/2026,Brisbane,ULP,147.37,14.74,162.11
16/07/2026,Brisbane,E10,148.31,14.83,163.14
16/07/2026,Brisbane,P95,157.43,15.74,173.17
16/07/2026,Brisbane,P98,171.23,17.12,188.35
16/07/2026,Brisbane,DIS,171.31,17.13,188.44
16/07/2026,Brisbane,PREDIS,173.31,17.33,190.64
16/07/2026,Brisbane,B5,174.96,17.50,192.45
16/07/2026,Gladstone,ULP,153.35,15.34,168.69
16/07/2026,Gladstone,E10,153.26,15.33,168.59
16/07/2026,Gladstone,P95,155.23,15.52,170.76
16/07/2026,Gladstone,P98,,,
16/07/2026,Gladstone,DIS,170.95,17.09,188.04
16/07/2026,Gladstone,PREDIS,172.95,17.29,190.24
16/07/2026,Mackay,ULP,153.19,15.32,168.51
16/07/2026,Mackay,E10,155.63,15.56,171.20
16/07/2026,Mackay,P95,156.51,15.65,172.16
16/07/2026,Mackay,P98,159.45,15.94,175.39
16/07/2026,Mackay,DIS,171.44,17.14,188.58
16/07/2026,Mackay,PREDIS,173.44,17.34,190.78
16/07/2026,Townsville,ULP,153.21,15.32,168.53
16/07/2026,Townsville,E10,154.21,15.42,169.63
16/07/2026,Townsville,P95,164.92,16.49,181.41
16/07/2026,Townsville,P98,182.24,18.22,200.46
16/07/2026,Townsville,DIS,173.61,17.36,190.98
16/07/2026,Townsville,PREDIS,175.61,17.56,193.18
16/07/2026,Cairns,ULP,152.19,15.22,167.41
16/07/2026,Cairns,E10,155.34,15.53,170.88
16/07/2026,Cairns,P95,161.06,16.11,177.16
16/07/2026,Cairns,P98,,,
16/07/2026,Cairns,DIS,171.91,17.19,189.10
16/07/2026,Cairns,PREDIS,173.91,17.39,191.30
16/07/2026,Port Alma,DIS,170.95,17.09,188.04
16/07/2026,Adelaide,ULP,144.20,14.42,158.62
16/07/2026,Adelaide,E10,141.58,14.16,155.74
16/07/2026,Adelaide,P95,153.02,15.30,168.32
16/07/2026,Adelaide,P98,167.32,16.73,184.05
16/07/2026,Adelaide,DIS,166.95,16.69,183.64
16/07/2026,Adelaide,PREDIS,168.95,16.89,185.84
16/07/2026,Perth,ULP,146.58,14.66,161.24
16/07/2026,Perth,E10,,,
16/07/2026,Perth,P95,157.04,15.70,172.74
16/07/2026,Perth,P98,171.73,17.17,188.90
16/07/2026,Perth,DIS,167.98,16.80,184.77
16/07/2026,Perth,PREDIS,169.98,17.00,186.97
16/07/2026,Darwin,ULP,150.54,15.05,165.59
16/07/2026,Darwin,E10,,,
16/07/2026,Darwin,P95,160.80,16.08,176.88
16/07/2026,Darwin,P98,,,
16/07/2026,Darwin,DIS,170.42,17.04,187.46
16/07/2026,Darwin,PREDIS,172.42,17.24,189.66
16/07/2026,Bell Bay,ULP,150.31,15.03,165.34
16/07/2026,Bell Bay,E10,152.03,15.20,167.24
16/07/2026,Bell Bay,P95,160.04,16.00,176.04
16/07/2026,Bell Bay,P98,163.50,16.35,179.85
16/07/2026,Bell Bay,DIS,175.00,17.50,192.50
16/07/2026,Bell Bay,PREDIS,177.00,17.70,194.70
16/07/2026,Broome,ULP,176.52,17.65,194.18
16/07/2026,Broome,E10,,,
16/07/2026,Broome,P95,186.10,18.61,204.71
16/07/2026,Broome,P98,,,
16/07/2026,Broome,DIS,178.09,17.81,195.90
17/07/2026,Hastings,ULP,147.34,14.73,162.07
17/07/2026,Hastings,E10,147.33,14.73,162.07
17/07/2026,Hastings,P95,160.89,16.09,176.98
17/07/2026,Hastings,P98,167.99,16.80,184.79
17/07/2026,Hastings,DIS,174.30,17.43,191.73
17/07/2026,Hastings,PREDIS,176.30,17.63,193.93
17/07/2026,Yarraville,ULP,150.47,15.05,165.52
17/07/2026,Yarraville,E10,150.02,15.00,165.02
17/07/2026,Yarraville,P95,162.07,16.21,178.28
17/07/2026,Yarraville,P98,168.21,16.82,185.03
17/07/2026,Yarraville,DIS,176.79,17.68,194.47
17/07/2026,Yarraville,PREDIS,178.79,17.88,196.67
17/07/2026,Sydney,ULP,146.60,14.66,161.26
17/07/2026,Sydney,E10,146.50,14.65,161.15
17/07/2026,Sydney,P95,161.49,16.15,177.64
17/07/2026,Sydney,P98,169.51,16.95,186.46
17/07/2026,Sydney,DIS,174.51,17.45,191.96
17/07/2026,Sydney,PREDIS,176.51,17.65,194.16
17/07/2026,Brisbane,ULP,148.86,14.89,163.75
17/07/2026,Brisbane,E10,149.80,14.98,164.78
17/07/2026,Brisbane,P95,158.78,15.88,174.65
17/07/2026,Brisbane,P98,172.55,17.25,189.80
17/07/2026,Brisbane,DIS,175.29,17.53,192.82
17/07/2026,Brisbane,PREDIS,177.29,17.73,195.02
17/07/2026,Brisbane,B5,178.94,17.89,196.84
17/07/2026,Gladstone,ULP,154.67,15.47,170.14
17/07/2026,Gladstone,E10,154.45,15.44,169.89
17/07/2026,Gladstone,P95,156.41,15.64,172.05
17/07/2026,Gladstone,P98,,,
17/07/2026,Gladstone,DIS,174.74,17.47,192.22
17/07/2026,Gladstone,PREDIS,176.74,17.67,194.42
17/07/2026,Mackay,ULP,154.51,15.45,169.96
17/07/2026,Mackay,E10,156.82,15.68,172.50
17/07/2026,Mackay,P95,157.66,15.77,173.42
17/07/2026,Mackay,P98,160.60,16.06,176.66
17/07/2026,Mackay,DIS,175.24,17.52,192.76
17/07/2026,Mackay,PREDIS,177.24,17.72,194.96
17/07/2026,Townsville,ULP,154.53,15.45,169.98
17/07/2026,Townsville,E10,155.53,15.55,171.08
17/07/2026,Townsville,P95,166.07,16.61,182.68
17/07/2026,Townsville,P98,183.39,18.34,201.72
17/07/2026,Townsville,DIS,177.41,17.74,195.15
17/07/2026,Townsville,PREDIS,179.41,17.94,197.35
17/07/2026,Cairns,ULP,153.51,15.35,168.86
17/07/2026,Cairns,E10,156.51,15.65,172.17
17/07/2026,Cairns,P95,162.24,16.22,178.46
17/07/2026,Cairns,P98,,,
17/07/2026,Cairns,DIS,175.71,17.57,193.28
17/07/2026,Cairns,PREDIS,177.71,17.77,195.48
17/07/2026,Port Alma,DIS,174.74,17.47,192.22
17/07/2026,Adelaide,ULP,145.53,14.55,160.08
17/07/2026,Adelaide,E10,142.90,14.29,157.19
17/07/2026,Adelaide,P95,154.20,15.42,169.62
17/07/2026,Adelaide,P98,168.47,16.85,185.32
17/07/2026,Adelaide,DIS,170.75,17.08,187.83
17/07/2026,Adelaide,PREDIS,172.75,17.28,190.03
17/07/2026,Perth,ULP,147.90,14.79,162.69
17/07/2026,Perth,E10,,,
17/07/2026,Perth,P95,158.22,15.82,174.05
17/07/2026,Perth,P98,172.88,17.29,190.17
17/07/2026,Perth,DIS,171.79,17.18,188.97
17/07/2026,Perth,PREDIS,173.79,17.38,191.17
17/07/2026,Darwin,ULP,151.88,15.19,167.07
17/07/2026,Darwin,E10,,,
17/07/2026,Darwin,P95,161.96,16.20,178.16
17/07/2026,Darwin,P98,,,
17/07/2026,Darwin,DIS,174.23,17.42,191.66
17/07/2026,Darwin,PREDIS,176.23,17.62,193.86
17/07/2026,Bell Bay,ULP,151.61,15.16,166.78
17/07/2026,Bell Bay,E10,153.33,15.33,168.66
17/07/2026,Bell Bay,P95,161.18,16.12,177.30
17/07/2026,Bell Bay,P98,164.63,16.46,181.09
17/07/2026,Bell Bay,DIS,178.77,17.88,196.65
17/07/2026,Bell Bay,PREDIS,180.77,18.08,198.85
17/07/2026,Broome,ULP,177.61,17.76,195.38
17/07/2026,Broome,E10,,,
17/07/2026,Broome,P95,187.05,18.70,205.75
17/07/2026,Broome,P98,,,
17/07/2026,Broome,DIS,181.85,18.18,200.03
18/07/2026,Hastings,ULP,148.68,14.87,163.55
18/07/2026,Hastings,E10,148.66,14.87,163.53
18/07/2026,Hastings,P95,162.35,16.23,178.58
18/07/2026,Hastings,P98,169.45,16.95,186.40
18/07/2026,Hastings,DIS,177.47,17.75,195.22
18/07/2026,Hastings,PREDIS,179.47,17.95,197.42
18/07/2026,Yarraville,ULP,151.93,15.19,167.12
18/07/2026,Yarraville,E10,151.34,15.13,166.47
18/07/2026,Yarraville,P95,163.54,16.35,179.90
18/07/2026,Yarraville,P98,169.68,16.97,186.65
18/07/2026,Yarraville,DIS,179.97,18.00,197.96
18/07/2026,Yarraville,PREDIS,181.97,18.20,200.16
18/07/2026,Sydney,ULP,147.94,14.79,162.74
18/07/2026,Sydney,E10,147.83,14.78,162.62
18/07/2026,Sydney,P95,162.94,16.29,179.24
18/07/2026,Sydney,P98,170.97,17.10,188.07
18/07/2026,Sydney,DIS,177.67,17.77,195.44
18/07/2026,Sydney,PREDIS,179.67,17.97,197.64
18/07/2026,Brisbane,ULP,150.29,15.03,165.32
18/07/2026,Brisbane,E10,151.23,15.12,166.36
18/07/2026,Brisbane,P95,160.31,16.03,176.34
18/07/2026,Brisbane,P98,174.10,17.41,191.51
18/07/2026,Brisbane,DIS,178.56,17.86,196.42
18/07/2026,Brisbane,PREDIS,180.56,18.06,198.62
18/07/2026,Brisbane,B5,182.21,18.22,200.43
18/07/2026,Gladstone,ULP,156.01,15.60,171.61
18/07/2026,Gladstone,E10,155.65,15.57,171.22
18/07/2026,Gladstone,P95,157.85,15.79,173.64
18/07/2026,Gladstone,P98,,,
18/07/2026,Gladstone,DIS,177.92,17.79,195.71
18/07/2026,Gladstone,PREDIS,179.92,17.99,197.91
18/07/2026,Mackay,ULP,155.85,15.59,171.44
18/07/2026,Mackay,E10,158.03,15.80,173.83
18/07/2026,Mackay,P95,159.13,15.91,175.04
18/07/2026,Mackay,P98,162.06,16.21,178.27
18/07/2026,Mackay,DIS,178.41,17.84,196.25
18/07/2026,Mackay,PREDIS,180.41,18.04,198.45
18/07/2026,Townsville,ULP,155.87,15.59,171.46
18/07/2026,Townsville,E10,156.87,15.69,172.56
18/07/2026,Townsville,P95,167.54,16.75,184.29
18/07/2026,Townsville,P98,184.85,18.48,203.33
18/07/2026,Townsville,DIS,180.58,18.06,198.64
18/07/2026,Townsville,PREDIS,182.58,18.26,200.84
18/07/2026,Cairns,ULP,154.86,15.49,170.35
18/07/2026,Cairns,E10,157.95,15.80,173.75
18/07/2026,Cairns,P95,163.69,16.37,180.06
18/07/2026,Cairns,P98,,,
18/07/2026,Cairns,DIS,178.88,17.89,196.77
18/07/2026,Cairns,PREDIS,180.88,18.09,198.97
18/07/2026,Port Alma,DIS,177.92,17.79,195.71
18/07/2026,Adelaide,ULP,146.88,14.69,161.57
18/07/2026,Adelaide,E10,144.23,14.42,158.66
18/07/2026,Adelaide,P95,155.65,15.57,171.22
18/07/2026,Adelaide,P98,169.94,16.99,186.93
18/07/2026,Adelaide,DIS,173.93,17.39,191.32
18/07/2026,Adelaide,PREDIS,175.93,17.59,193.52
18/07/2026,Perth,ULP,149.25,14.93,164.18
18/07/2026,Perth,E10,,,
18/07/2026,Perth,P95,159.68,15.97,175.64
18/07/2026,Perth,P98,174.35,17.43,191.78
18/07/2026,Perth,DIS,174.98,17.50,192.47
18/07/2026,Perth,PREDIS,176.98,17.70,194.67
18/07/2026,Darwin,ULP,153.24,15.32,168.56
18/07/2026,Darwin,E10,,,
18/07/2026,Darwin,P95,163.44,16.34,179.78
18/07/2026,Darwin,P98,,,
18/07/2026,Darwin,DIS,177.42,17.74,195.16
18/07/2026,Darwin,PREDIS,179.42,17.94,197.36
18/07/2026,Bell Bay,ULP,152.95,15.30,168.25
18/07/2026,Bell Bay,E10,154.65,15.46,170.11
18/07/2026,Bell Bay,P95,162.63,16.26,178.89
18/07/2026,Bell Bay,P98,166.08,16.61,182.69
18/07/2026,Bell Bay,DIS,181.93,18.19,200.12
18/07/2026,Bell Bay,PREDIS,183.93,18.39,202.32
18/07/2026,Broome,ULP,178.84,17.88,196.72
18/07/2026,Broome,E10,,,
18/07/2026,Broome,P95,188.37,18.84,207.21
18/07/2026,Broome,P98,,,
18/07/2026,Broome,DIS,185.00,18.50,203.50
21/07/2026,Hastings,ULP,150.11,15.01,165.12
21/07/2026,Hastings,E10,150.10,15.01,165.11
21/07/2026,Hastings,P95,164.02,16.40,180.43
21/07/2026,Hastings,P98,171.14,17.11,188.26
21/07/2026,Hastings,DIS,180.82,18.08,198.90
21/07/2026,Hastings,PREDIS,182.82,18.28,201.10
21/07/2026,Yarraville,ULP,153.59,15.36,168.95
21/07/2026,Yarraville,E10,152.84,15.28,168.12
21/07/2026,Yarraville,P95,165.24,16.52,181.77
21/07/2026,Yarraville,P98,171.37,17.14,188.51
21/07/2026,Yarraville,DIS,183.31,18.33,201.65
21/07/2026,Yarraville,PREDIS,185.31,18.53,203.85
21/07/2026,Sydney,ULP,149.37,14.94,164.30
21/07/2026,Sydney,E10,149.27,14.93,164.20
21/07/2026,Sydney,P95,164.62,16.46,181.08
21/07/2026,Sydney,P98,172.66,17.27,189.93
21/07/2026,Sydney,DIS,181.02,18.10,199.12
21/07/2026,Sydney,PREDIS,183.02,18.30,201.32
21/07/2026,Brisbane,ULP,151.81,15.18,166.99
21/07/2026,Brisbane,E10,152.75,15.28,168.03
21/07/2026,Brisbane,P95,162.06,16.21,178.27
21/07/2026,Brisbane,P98,175.89,17.59,193.47
21/07/2026,Brisbane,DIS,182.02,18.20,200.22
21/07/2026,Brisbane,PREDIS,184.02,18.40,202.42
21/07/2026,Brisbane,B5,185.67,18.57,204.23
21/07/2026,Gladstone,ULP,157.43,15.74,173.18
21/07/2026,Gladstone,E10,156.93,15.69,172.63
21/07/2026,Gladstone,P95,159.50,15.95,175.45
21/07/2026,Gladstone,P98,,,
21/07/2026,Gladstone,DIS,181.27,18.13,199.39
21/07/2026,Gladstone,PREDIS,183.27,18.33,201.59
21/07/2026,Mackay,ULP,157.28,15.73,173.00
21/07/2026,Mackay,E10,159.30,15.93,175.24
21/07/2026,Mackay,P95,160.83,16.08,176.91
21/07/2026,Mackay,P98,163.75,16.38,180.13
21/07/2026,Mackay,DIS,181.76,18.18,199.93
21/07/2026,Mackay,PREDIS,183.76,18.38,202.13
21/07/2026,Townsville,ULP,157.30,15.73,173.03
21/07/2026,Townsville,E10,158.30,15.83,174.13
21/07/2026,Townsville,P95,169.24,16.92,186.16
21/07/2026,Townsville,P98,186.54,18.65,205.20
21/07/2026,Townsville,DIS,183.93,18.39,202.32
21/07/2026,Townsville,PREDIS,185.93,18.59,204.52
21/07/2026,Cairns,ULP,156.28,15.63,171.91
21/07/2026,Cairns,E10,159.60,15.96,175.56
21/07/2026,Cairns,P95,165.34,16.53,181.88
21/07/2026,Cairns,P98,,,
21/07/2026,Cairns,DIS,182.23,18.22,200.45
21/07/2026,Cairns,PREDIS,184.23,18.42,202.65
21/07/2026,Port Alma,DIS,181.27,18.13,199.39
21/07/2026,Adelaide,ULP,148.31,14.83,163.14
21/07/2026,Adelaide,E10,145.67,14.57,160.24
21/07/2026,Adelaide,P95,157.31,15.73,173.04
21/07/2026,Adelaide,P98,171.63,17.16,188.79
21/07/2026,Adelaide,DIS,177.28,17.73,195.01
21/07/2026,Adelaide,PREDIS,179.28,17.93,197.21
21/07/2026,Perth,ULP,150.68,15.07,165.74
21/07/2026,Perth,E10,,,
21/07/2026,Perth,P95,161.33,16.13,177.46
21/07/2026,Perth,P98,176.04,17.60,193.64
21/07/2026,Perth,DIS,178.33,17.83,196.16
21/07/2026,Perth,PREDIS,180.33,18.03,198.36
21/07/2026,Darwin,ULP,154.66,15.47,170.13
21/07/2026,Darwin,E10,,,
21/07/2026,Darwin,P95,165.14,16.51,181.65
21/07/2026,Darwin,P98,,,
21/07/2026,Darwin,DIS,180.77,18.08,198.85
21/07/2026,Darwin,PREDIS,182.77,18.28,201.05
21/07/2026,Bell Bay,ULP,154.37,15.44,169.81
21/07/2026,Bell Bay,E10,156.08,15.61,171.69
21/07/2026,Bell Bay,P95,164.31,16.43,180.74
21/07/2026,Bell Bay,P98,167.77,16.78,184.55
21/07/2026,Bell Bay,DIS,185.27,18.53,203.80
21/07/2026,Bell Bay,PREDIS,187.27,18.73,206.00
21/07/2026,Broome,ULP,180.22,18.02,198.24
21/07/2026,Broome,E10,,,
21/07/2026,Broome,P95,189.98,19.00,208.98
21/07/2026,Broome,P98,,,
21/07/2026,Broome,DIS,188.34,18.83,207.17
22/07/2026,Hastings,ULP,152.19,15.22,167.41
22/07/2026,Hastings,E10,152.16,15.22,167.38
22/07/2026,Hastings,P95,166.28,16.63,182.91
22/07/2026,Hastings,P98,173.41,17.34,190.75
22/07/2026,Hastings,DIS,183.63,18.36,202.00
22/07/2026,Hastings,PREDIS,185.63,18.56,204.20
22/07/2026,Yarraville,ULP,155.85,15.58,171.43
22/07/2026,Yarraville,E10,154.88,15.49,170.37
22/07/2026,Yarraville,P95,167.52,16.75,184.27
22/07/2026,Yarraville,P98,173.64,17.36,191.01
22/07/2026,Yarraville,DIS,186.14,18.61,204.75
22/07/2026,Yarraville,PREDIS,188.14,18.81,206.95
22/07/2026,Sydney,ULP,151.45,15.14,166.59
22/07/2026,Sydney,E10,151.33,15.13,166.46
22/07/2026,Sydney,P95,166.88,16.69,183.57
22/07/2026,Sydney,P98,174.93,17.49,192.43
22/07/2026,Sydney,DIS,183.83,18.38,202.22
22/07/2026,Sydney,PREDIS,185.83,18.58,204.42
22/07/2026,Brisbane,ULP,153.97,15.40,169.36
22/07/2026,Brisbane,E10,151.51,15.15,166.66
22/07/2026,Brisbane,P95,164.37,16.44,180.81
22/07/2026,Brisbane,P98,178.23,17.82,196.05
22/07/2026,Brisbane,DIS,184.91,18.49,203.41
22/07/2026,Brisbane,PREDIS,186.91,18.69,205.61
22/07/2026,Brisbane,B5,188.56,18.86,207.42
22/07/2026,Gladstone,ULP,159.52,15.95,175.47
22/07/2026,Gladstone,E10,158.81,15.88,174.69
22/07/2026,Gladstone,P95,161.75,16.17,177.92
22/07/2026,Gladstone,P98,,,
22/07/2026,Gladstone,DIS,184.09,18.41,202.50
22/07/2026,Gladstone,PREDIS,186.09,18.61,204.70
22/07/2026,Mackay,ULP,159.36,15.94,175.30
22/07/2026,Mackay,E10,161.18,16.12,177.30
22/07/2026,Mackay,P95,163.10,16.31,179.41
22/07/2026,Mackay,P98,166.03,16.60,182.63
22/07/2026,Mackay,DIS,184.58,18.46,203.04
22/07/2026,Mackay,PREDIS,186.58,18.66,205.24
22/07/2026,Townsville,ULP,159.38,15.94,175.32
22/07/2026,Townsville,E10,160.38,16.04,176.42
22/07/2026,Townsville,P95,171.51,17.15,188.66
22/07/2026,Townsville,P98,188.82,18.88,207.70
22/07/2026,Townsville,DIS,186.75,18.68,205.43
22/07/2026,Townsville,PREDIS,188.75,18.88,207.63
22/07/2026,Cairns,ULP,158.37,15.84,174.21
22/07/2026,Cairns,E10,161.82,16.18,178.01
22/07/2026,Cairns,P95,167.59,16.76,184.35
22/07/2026,Cairns,P98,,,
22/07/2026,Cairns,DIS,185.05,18.51,203.56
22/07/2026,Cairns,PREDIS,187.05,18.71,205.76
22/07/2026,Port Alma,DIS,184.09,18.41,202.50
22/07/2026,Adelaide,ULP,150.39,15.04,165.43
22/07/2026,Adelaide,E10,147.74,14.77,162.51
22/07/2026,Adelaide,P95,159.55,15.96,175.51
22/07/2026,Adelaide,P98,173.91,17.39,191.30
22/07/2026,Adelaide,DIS,180.11,18.01,198.12
22/07/2026,Adelaide,PREDIS,182.11,18.21,200.32
22/07/2026,Perth,ULP,152.76,15.28,168.04
22/07/2026,Perth,E10,,,
22/07/2026,Perth,P95,163.58,16.36,179.93
22/07/2026,Perth,P98,178.31,17.83,196.15
22/07/2026,Perth,DIS,181.16,18.12,199.28
22/07/2026,Perth,PREDIS,183.16,18.32,201.48
22/07/2026,Darwin,ULP,156.75,15.68,172.43
22/07/2026,Darwin,E10,,,
22/07/2026,Darwin,P95,167.42,16.74,184.16
22/07/2026,Darwin,P98,,,
22/07/2026,Darwin,DIS,183.60,18.36,201.96
22/07/2026,Darwin,PREDIS,185.60,18.56,204.16
22/07/2026,Bell Bay,ULP,156.45,15.65,172.10
22/07/2026,Bell Bay,E10,158.14,15.81,173.95
22/07/2026,Bell Bay,P95,166.56,16.66,183.22
22/07/2026,Bell Bay,P98,170.03,17.00,187.04
22/07/2026,Bell Bay,DIS,188.09,18.81,206.89
22/07/2026,Bell Bay,PREDIS,190.09,19.01,209.09
22/07/2026,Broome,ULP,182.22,18.22,200.44
22/07/2026,Broome,E10,,,
22/07/2026,Broome,P95,192.14,19.21,211.36
22/07/2026,Broome,P98,,,
22/07/2026,Broome,DIS,191.15,19.11,210.26
23/07/2026,Hastings,ULP,154.58,15.46,170.04
23/07/2026,Hastings,E10,154.53,15.45,169.98
23/07/2026,Hastings,P95,168.64,16.86,185.51
23/07/2026,Hastings,P98,175.82,17.58,193.40
23/07/2026,Hastings,DIS,187.12,18.71,205.83
23/07/2026,Hastings,PREDIS,189.12,18.91,208.03
23/07/2026,Yarraville,ULP,158.14,15.81,173.96
23/07/2026,Yarraville,E10,156.96,15.70,172.65
23/07/2026,Yarraville,P95,169.93,16.99,186.93
23/07/2026,Yarraville,P98,176.05,17.61,193.66
23/07/2026,Yarraville,DIS,189.63,18.96,208.59
23/07/2026,Yarraville,PREDIS,191.63,19.16,210.79
23/07/2026,Sydney,ULP,153.84,15.38,169.23
23/07/2026,Sydney,E10,153.70,15.37,169.07
23/07/2026,Sydney,P95,169.24,16.92,186.16
23/07/2026,Sydney,P98,177.34,17.73,195.07
23/07/2026,Sydney,DIS,187.32,18.73,206.05
23/07/2026,Sydney,PREDIS,189.32,18.93,208.25
23/07/2026,Brisbane,ULP,156.35,15.64,171.99
23/07/2026,Brisbane,E10,153.89,15.39,169.28
23/07/2026,Brisbane,P95,166.65,16.67,183.32
23/07/2026,Brisbane,P98,180.63,18.06,198.69
23/07/2026,Brisbane,DIS,188.40,18.84,207.24
23/07/2026,Brisbane,PREDIS,190.40,19.04,209.44
23/07/2026,Brisbane,B5,192.05,19.20,211.25
23/07/2026,Gladstone,ULP,161.91,16.19,178.10
23/07/2026,Gladstone,E10,160.96,16.10,177.06
23/07/2026,Gladstone,P95,164.03,16.40,180.43
23/07/2026,Gladstone,P98,,,
23/07/2026,Gladstone,DIS,187.58,18.76,206.34
23/07/2026,Gladstone,PREDIS,189.58,18.96,208.54
23/07/2026,Mackay,ULP,161.75,16.18,177.93
23/07/2026,Mackay,E10,163.33,16.33,179.66
23/07/2026,Mackay,P95,165.51,16.55,182.06
23/07/2026,Mackay,P98,168.44,16.84,185.28
23/07/2026,Mackay,DIS,188.07,18.81,206.88
23/07/2026,Mackay,PREDIS,190.07,19.01,209.08
23/07/2026,Townsville,ULP,161.77,16.18,177.95
23/07/2026,Townsville,E10,162.77,16.28,179.05
23/07/2026,Townsville,P95,173.92,17.39,191.32
23/07/2026,Townsville,P98,191.23,19.12,210.35
23/07/2026,Townsville,DIS,190.24,19.02,209.27
23/07/2026,Townsville,PREDIS,192.24,19.22,211.47
23/07/2026,Cairns,ULP,160.76,16.08,176.84
23/07/2026,Cairns,E10,164.09,16.41,180.50
23/07/2026,Cairns,P95,169.87,16.99,186.86
23/07/2026,Cairns,P98,,,
23/07/2026,Cairns,DIS,188.54,18.85,207.40
23/07/2026,Cairns,PREDIS,190.54,19.05,209.60
23/07/2026,Port Alma,DIS,187.58,18.76,206.34
23/07/2026,Adelaide,ULP,152.79,15.28,168.07
23/07/2026,Adelaide,E10,150.11,15.01,165.12
23/07/2026,Adelaide,P95,161.84,16.18,178.02
23/07/2026,Adelaide,P98,176.31,17.63,193.95
23/07/2026,Adelaide,DIS,183.60,18.36,201.96
23/07/2026,Adelaide,PREDIS,185.60,18.56,204.16
23/07/2026,Perth,ULP,155.16,15.52,170.67
23/07/2026,Perth,E10,,,
23/07/2026,Perth,P95,165.86,16.59,182.45
23/07/2026,Perth,P98,180.72,18.07,198.79
23/07/2026,Perth,DIS,184.66,18.47,203.13
23/07/2026,Perth,PREDIS,186.66,18.67,205.33
23/07/2026,Darwin,ULP,159.15,15.92,175.07
23/07/2026,Darwin,E10,,,
23/07/2026,Darwin,P95,169.83,16.98,186.82
23/07/2026,Darwin,P98,,,
23/07/2026,Darwin,DIS,187.10,18.71,205.81
23/07/2026,Darwin,PREDIS,189.10,18.91,208.01
23/07/2026,Bell Bay,ULP,158.84,15.88,174.72
23/07/2026,Bell Bay,E10,160.51,16.05,176.56
23/07/2026,Bell Bay,P95,168.92,16.89,185.81
23/07/2026,Bell Bay,P98,172.44,17.24,189.68
23/07/2026,Bell Bay,DIS,191.57,19.16,210.73
23/07/2026,Bell Bay,PREDIS,193.57,19.36,212.93
23/07/2026,Broome,ULP,184.55,18.45,203.00
23/07/2026,Broome,E10,,,
23/07/2026,Broome,P95,194.36,19.44,213.80
23/07/2026,Broome,P98,,,
23/07/2026,Broome,DIS,194.63,19.46,214.09
24/07/2026,Hastings,ULP,157.74,15.77,173.52
24/07/2026,Hastings,E10,157.66,15.77,173.43
24/07/2026,Hastings,P95,171.59,17.16,188.75
24/07/2026,Hastings,P98,178.77,17.88,196.65
24/07/2026,Hastings,DIS,190.91,19.09,210.00
24/07/2026,Hastings,PREDIS,192.91,19.29,212.20
24/07/2026,Yarraville,ULP,161.08,16.11,177.19
24/07/2026,Yarraville,E10,159.62,15.96,175.58
24/07/2026,Yarraville,P95,172.89,17.29,190.18
24/07/2026,Yarraville,P98,179.01,17.90,196.91
24/07/2026,Yarraville,DIS,193.42,19.34,212.77
24/07/2026,Yarraville,PREDIS,195.42,19.54,214.97
24/07/2026,Sydney,ULP,157.00,15.70,172.71
24/07/2026,Sydney,E10,156.83,15.68,172.51
24/07/2026,Sydney,P95,172.19,17.22,189.41
24/07/2026,Sydney,P98,180.29,18.03,198.32
24/07/2026,Sydney,DIS,191.11,19.11,210.22
24/07/2026,Sydney,PREDIS,193.11,19.31,212.42
24/07/2026,Brisbane,ULP,159.48,15.95,175.43
24/07/2026,Brisbane,E10,157.02,15.70,172.72
24/07/2026,Brisbane,P95,169.55,16.96,186.51
24/07/2026,Brisbane,P98,183.55,18.35,201.90
24/07/2026,Brisbane,DIS,192.15,19.22,211.37
24/07/2026,Brisbane,PREDIS,194.15,19.42,213.57
24/07/2026,Brisbane,B5,195.80,19.58,215.38
24/07/2026,Gladstone,ULP,165.07,16.51,181.58
24/07/2026,Gladstone,E10,163.81,16.38,180.19
24/07/2026,Gladstone,P95,166.96,16.70,183.66
24/07/2026,Gladstone,P98,,,
24/07/2026,Gladstone,DIS,191.38,19.14,210.51
24/07/2026,Gladstone,PREDIS,193.38,19.34,212.71
24/07/2026,Mackay,ULP,164.92,16.49,181.41
24/07/2026,Mackay,E10,166.18,16.62,182.79
24/07/2026,Mackay,P95,168.47,16.85,185.32
24/07/2026,Mackay,P98,171.39,17.14,188.53
24/07/2026,Mackay,DIS,191.87,19.19,211.05
24/07/2026,Mackay,PREDIS,193.87,19.39,213.25
24/07/2026,Townsville,ULP,164.94,16.49,181.43
24/07/2026,Townsville,E10,165.94,16.59,182.53
24/07/2026,Townsville,P95,176.88,17.69,194.57
24/07/2026,Townsville,P98,194.18,19.42,213.60
24/07/2026,Townsville,DIS,194.04,19.40,213.44
24/07/2026,Townsville,PREDIS,196.04,19.60,215.64
24/07/2026,Cairns,ULP,163.93,16.39,180.32
24/07/2026,Cairns,E10,167.00,16.70,183.70
24/07/2026,Cairns,P95,172.81,17.28,190.09
24/07/2026,Cairns,P98,,,
24/07/2026,Cairns,DIS,192.34,19.23,211.57
24/07/2026,Cairns,PREDIS,194.34,19.43,213.77
24/07/2026,Port Alma,DIS,191.38,19.14,210.51
24/07/2026,Adelaide,ULP,155.96,15.60,171.55
24/07/2026,Adelaide,E10,153.24,15.32,168.57
24/07/2026,Adelaide,P95,164.78,16.48,181.25
24/07/2026,Adelaide,P98,179.27,17.93,197.20
24/07/2026,Adelaide,DIS,187.40,18.74,206.14
24/07/2026,Adelaide,PREDIS,189.40,18.94,208.34
24/07/2026,Perth,ULP,158.32,15.83,174.16
24/07/2026,Perth,E10,,,
24/07/2026,Perth,P95,168.80,16.88,185.68
24/07/2026,Perth,P98,183.68,18.37,202.05
24/07/2026,Perth,DIS,188.46,18.85,207.31
24/07/2026,Perth,PREDIS,190.46,19.05,209.51
24/07/2026,Darwin,ULP,162.32,16.23,178.55
24/07/2026,Darwin,E10,,,
24/07/2026,Darwin,P95,172.79,17.28,190.07
24/07/2026,Darwin,P98,,,
24/07/2026,Darwin,DIS,190.89,19.09,209.98
24/07/2026,Darwin,PREDIS,192.89,19.29,212.18
24/07/2026,Bell Bay,ULP,162.00,16.20,178.20
24/07/2026,Bell Bay,E10,163.63,16.36,180.00
24/07/2026,Bell Bay,P95,171.86,17.19,189.05
24/07/2026,Bell Bay,P98,175.39,17.54,192.92
24/07/2026,Bell Bay,DIS,195.36,19.54,214.89
24/07/2026,Bell Bay,PREDIS,197.36,19.74,217.09
24/07/2026,Broome,ULP,187.64,18.76,206.41
24/07/2026,Broome,E10,,,
24/07/2026,Broome,P95,197.23,19.72,216.95
24/07/2026,Broome,P98,,,
24/07/2026,Broome,DIS,198.41,19.84,218.25
25/07/2026,Hastings,ULP,159.83,15.98,175.81
25/07/2026,Hastings,E10,159.72,15.97,175.70
25/07/2026,Hastings,P95,173.66,17.37,191.02
25/07/2026,Hastings,P98,180.89,18.09,198.97
25/07/2026,Hastings,DIS,192.44,19.24,211.68
25/07/2026,Hastings,PREDIS,194.44,19.44,213.88
25/07/2026,Yarraville,ULP,163.08,16.31,179.39
25/07/2026,Yarraville,E10,161.43,16.14,177.57
25/07/2026,Yarraville,P95,175.02,17.50,192.52
25/07/2026,Yarraville,P98,181.13,18.11,199.24
25/07/2026,Yarraville,DIS,194.96,19.50,214.45
25/07/2026,Yarraville,PREDIS,196.96,19.70,216.65
25/07/2026,Sydney,ULP,159.09,15.91,175.00
25/07/2026,Sydney,E10,158.89,15.89,174.78
25/07/2026,Sydney,P95,174.25,17.43,191.68
25/07/2026,Sydney,P98,182.41,18.24,200.65
25/07/2026,Sydney,DIS,192.64,19.26,211.90
25/07/2026,Sydney,PREDIS,194.64,19.46,214.10
25/07/2026,Brisbane,ULP,161.49,16.15,177.63
25/07/2026,Brisbane,E10,159.03,15.90,174.93
25/07/2026,Brisbane,P95,171.46,17.15,188.60
25/07/2026,Brisbane,P98,185.58,18.56,204.14
25/07/2026,Brisbane,DIS,193.59,19.36,212.95
25/07/2026,Brisbane,PREDIS,195.59,19.56,215.15
25/07/2026,Brisbane,B5,197.24,19.72,216.97
25/07/2026,Gladstone,ULP,167.16,16.72,183.87
25/07/2026,Gladstone,E10,165.68,16.57,182.25
25/07/2026,Gladstone,P95,168.95,16.89,185.84
25/07/2026,Gladstone,P98,,,
25/07/2026,Gladstone,DIS,192.91,19.29,212.20
25/07/2026,Gladstone,PREDIS,194.91,19.49,214.40
25/07/2026,Mackay,ULP,167.01,16.70,183.71
25/07/2026,Mackay,E10,168.05,16.81,184.86
25/07/2026,Mackay,P95,170.60,17.06,187.66
25/07/2026,Mackay,P98,173.51,17.35,190.87
25/07/2026,Mackay,DIS,193.40,19.34,212.74
25/07/2026,Mackay,PREDIS,195.40,19.54,214.94
25/07/2026,Townsville,ULP,167.02,16.70,183.73
25/07/2026,Townsville,E10,168.02,16.80,184.83
25/07/2026,Townsville,P95,179.01,17.90,196.91
25/07/2026,Townsville,P98,196.30,19.63,215.94
25/07/2026,Townsville,DIS,195.57,19.56,215.13
25/07/2026,Townsville,PREDIS,197.57,19.76,217.33
25/07/2026,Cairns,ULP,166.02,16.60,182.62
25/07/2026,Cairns,E10,168.98,16.90,185.87
25/07/2026,Cairns,P95,174.80,17.48,192.28
25/07/2026,Cairns,P98,,,
25/07/2026,Cairns,DIS,193.87,19.39,213.26
25/07/2026,Cairns,PREDIS,195.87,19.59,215.46
25/07/2026,Port Alma,DIS,192.91,19.29,212.20
25/07/2026,Adelaide,ULP,158.05,15.80,173.85
25/07/2026,Adelaide,E10,155.31,15.53,170.84
25/07/2026,Adelaide,P95,166.77,16.68,183.44
25/07/2026,Adelaide,P98,181.39,18.14,199.53
25/07/2026,Adelaide,DIS,188.94,18.89,207.83
25/07/2026,Adelaide,PREDIS,190.94,19.09,210.03
25/07/2026,Perth,ULP,160.41,16.04,176.45
25/07/2026,Perth,E10,,,
25/07/2026,Perth,P95,170.79,17.08,187.87
25/07/2026,Perth,P98,185.80,18.58,204.38
25/07/2026,Perth,DIS,190.00,19.00,209.00
25/07/2026,Perth,PREDIS,192.00,19.20,211.20
25/07/2026,Darwin,ULP,164.42,16.44,180.86
25/07/2026,Darwin,E10,,,
25/07/2026,Darwin,P95,174.92,17.49,192.42
25/07/2026,Darwin,P98,,,
25/07/2026,Darwin,DIS,192.44,19.24,211.68
25/07/2026,Darwin,PREDIS,194.44,19.44,213.88
25/07/2026,Bell Bay,ULP,164.08,16.41,180.49
25/07/2026,Bell Bay,E10,165.69,16.57,182.26
25/07/2026,Bell Bay,P95,173.92,17.39,191.32
25/07/2026,Bell Bay,P98,177.50,17.75,195.25
25/07/2026,Bell Bay,DIS,196.88,19.69,216.57
25/07/2026,Bell Bay,PREDIS,198.88,19.89,218.77
25/07/2026,Broome,ULP,189.63,18.96,208.59
25/07/2026,Broome,E10,,,
25/07/2026,Broome,P95,199.12,19.91,219.03
25/07/2026,Broome,P98,,,
25/07/2026,Broome,DIS,199.93,19.99,219.92
28/07/2026,Hastings,ULP,161.61,16.16,177.77
28/07/2026,Hastings,E10,161.60,16.16,177.76
28/07/2026,Hastings,P95,175.39,17.54,192.93
28/07/2026,Hastings,P98,182.63,18.26,200.90
28/07/2026,Hastings,DIS,194.78,19.48,214.26
28/07/2026,Hastings,PREDIS,196.78,19.68,216.46
28/07/2026,Yarraville,ULP,164.80,16.48,181.28
28/07/2026,Yarraville,E10,162.98,16.30,179.28
28/07/2026,Yarraville,P95,176.78,17.68,194.45
28/07/2026,Yarraville,P98,182.88,18.29,201.17
28/07/2026,Yarraville,DIS,197.31,19.73,217.04
28/07/2026,Yarraville,PREDIS,199.31,19.93,219.24
28/07/2026,Sydney,ULP,160.87,16.09,176.96
28/07/2026,Sydney,E10,160.77,16.08,176.84
28/07/2026,Sydney,P95,175.99,17.60,193.58
28/07/2026,Sydney,P98,184.15,18.42,202.57
28/07/2026,Sydney,DIS,194.98,19.50,214.48
28/07/2026,Sydney,PREDIS,196.98,19.70,216.68
28/07/2026,Brisbane,ULP,163.16,16.32,179.48
28/07/2026,Brisbane,E10,160.70,16.07,176.77
28/07/2026,Brisbane,P95,173.06,17.31,190.37
28/07/2026,Brisbane,P98,187.22,18.72,205.94
28/07/2026,Brisbane,DIS,195.81,19.58,215.39
28/07/2026,Brisbane,PREDIS,197.81,19.78,217.59
28/07/2026,Brisbane,B5,199.46,19.95,219.41
28/07/2026,Gladstone,ULP,168.94,16.89,185.83
28/07/2026,Gladstone,E10,167.29,16.73,184.02
28/07/2026,Gladstone,P95,170.66,17.07,187.73
28/07/2026,Gladstone,P98,,,
28/07/2026,Gladstone,DIS,195.26,19.53,214.78
28/07/2026,Gladstone,PREDIS,197.26,19.73,216.98
28/07/2026,Mackay,ULP,168.79,16.88,185.67
28/07/2026,Mackay,E10,169.66,16.97,186.62
28/07/2026,Mackay,P95,172.35,17.23,189.58
28/07/2026,Mackay,P98,175.26,17.53,192.79
28/07/2026,Mackay,DIS,195.75,19.57,215.32
28/07/2026,Mackay,PREDIS,197.75,19.77,217.52
28/07/2026,Townsville,ULP,168.81,16.88,185.69
28/07/2026,Townsville,E10,169.81,16.98,186.79
28/07/2026,Townsville,P95,180.76,18.08,198.83
28/07/2026,Townsville,P98,198.05,19.81,217.86
28/07/2026,Townsville,DIS,197.92,19.79,217.71
28/07/2026,Townsville,PREDIS,199.92,19.99,219.91
28/07/2026,Cairns,ULP,167.80,16.78,184.59
28/07/2026,Cairns,E10,170.67,17.07,187.74
28/07/2026,Cairns,P95,176.52,17.65,194.17
28/07/2026,Cairns,P98,,,
28/07/2026,Cairns,DIS,196.22,19.62,215.84
28/07/2026,Cairns,PREDIS,198.22,19.82,218.04
28/07/2026,Port Alma,DIS,195.26,19.53,214.78
28/07/2026,Adelaide,ULP,159.84,15.98,175.82
28/07/2026,Adelaide,E10,157.19,15.72,172.91
28/07/2026,Adelaide,P95,168.48,16.85,185.33
28/07/2026,Adelaide,P98,183.14,18.31,201.46
28/07/2026,Adelaide,DIS,191.29,19.13,210.41
28/07/2026,Adelaide,PREDIS,193.29,19.33,212.61
28/07/2026,Perth,ULP,162.20,16.22,178.42
28/07/2026,Perth,E10,,,
28/07/2026,Perth,P95,172.51,17.25,189.76
28/07/2026,Perth,P98,187.55,18.76,206.31
28/07/2026,Perth,DIS,192.36,19.24,211.60
28/07/2026,Perth,PREDIS,194.36,19.44,213.80
28/07/2026,Darwin,ULP,166.21,16.62,182.83
28/07/2026,Darwin,E10,,,
28/07/2026,Darwin,P95,176.68,17.67,194.35
28/07/2026,Darwin,P98,,,
28/07/2026,Darwin,DIS,194.79,19.48,214.27
28/07/2026,Darwin,PREDIS,196.79,19.68,216.47
28/07/2026,Bell Bay,ULP,165.86,16.59,182.44
28/07/2026,Bell Bay,E10,167.56,16.76,184.32
28/07/2026,Bell Bay,P95,175.65,17.57,193.22
28/07/2026,Bell Bay,P98,179.24,17.92,197.16
28/07/2026,Bell Bay,DIS,199.21,19.92,219.13
28/07/2026,Bell Bay,PREDIS,201.21,20.12,221.33
28/07/2026,Broome,ULP,191.30,19.13,210.43
28/07/2026,Broome,E10,,,
28/07/2026,Broome,P95,200.72,20.07,220.79
28/07/2026,Broome,P98,,,
28/07/2026,Broome,DIS,202.26,20.23,222.48
29/07/2026,Hastings,ULP,162.86,16.29,179.15
29/07/2026,Hastings,E10,162.83,16.28,179.12
29/07/2026,Hastings,P95,176.66,17.67,194.32
29/07/2026,Hastings,P98,183.87,18.39,202.25
29/07/2026,Hastings,DIS,196.45,19.64,216.09
29/07/2026,Hastings,PREDIS,198.45,19.84,218.29
29/07/2026,Yarraville,ULP,166.14,16.61,182.75
29/07/2026,Yarraville,E10,164.19,16.42,180.61
29/07/2026,Yarraville,P95,178.02,17.80,195.82
29/07/2026,Yarraville,P98,184.13,18.41,202.54
29/07/2026,Yarraville,DIS,198.99,19.90,218.89
29/07/2026,Yarraville,PREDIS,200.99,20.10,221.09
29/07/2026,Sydney,ULP,162.12,16.21,178.33
29/07/2026,Sydney,E10,162.00,16.20,178.20
29/07/2026,Sydney,P95,177.25,17.73,194.98
29/07/2026,Sydney,P98,185.39,18.54,203.93
29/07/2026,Sydney,DIS,196.65,19.66,216.31
29/07/2026,Sydney,PREDIS,198.65,19.86,218.51
29/07/2026,Brisbane,ULP,164.36,16.44,180.79
29/07/2026,Brisbane,E10,161.90,16.19,178.09
29/07/2026,Brisbane,P95,174.33,17.43,191.77
29/07/2026,Brisbane,P98,188.40,18.84,207.24
29/07/2026,Brisbane,DIS,197.42,19.74,217.16
29/07/2026,Brisbane,PREDIS,199.42,19.94,219.36
29/07/2026,Brisbane,B5,201.07,20.11,221.18
29/07/2026,Gladstone,ULP,170.19,17.02,187.21
29/07/2026,Gladstone,E10,168.41,16.84,185.25
29/07/2026,Gladstone,P95,171.98,17.20,189.18
29/07/2026,Gladstone,P98,,,
29/07/2026,Gladstone,DIS,196.93,19.69,216.63
29/07/2026,Gladstone,PREDIS,198.93,19.89,218.83
29/07/2026,Mackay,ULP,170.04,17.00,187.05
29/07/2026,Mackay,E10,170.79,17.08,187.86
29/07/2026,Mackay,P95,173.58,17.36,190.94
29/07/2026,Mackay,P98,176.50,17.65,194.15
29/07/2026,Mackay,DIS,197.43,19.74,217.17
29/07/2026,Mackay,PREDIS,199.43,19.94,219.37
29/07/2026,Townsville,ULP,170.06,17.01,187.07
29/07/2026,Townsville,E10,171.06,17.11,188.17
29/07/2026,Townsville,P95,181.99,18.20,200.19
29/07/2026,Townsville,P98,199.29,19.93,219.22
29/07/2026,Townsville,DIS,199.59,19.96,219.55
29/07/2026,Townsville,PREDIS,201.59,20.16,221.75
29/07/2026,Cairns,ULP,169.06,16.91,185.97
29/07/2026,Cairns,E10,171.99,17.20,189.19
29/07/2026,Cairns,P95,177.85,17.78,195.63
29/07/2026,Cairns,P98,,,
29/07/2026,Cairns,DIS,197.89,19.79,217.68
29/07/2026,Cairns,PREDIS,199.89,19.99,219.88
29/07/2026,Port Alma,DIS,196.93,19.69,216.63
29/07/2026,Adelaide,ULP,161.10,16.11,177.21
29/07/2026,Adelaide,E10,158.44,15.84,174.28
29/07/2026,Adelaide,P95,169.82,16.98,186.80
29/07/2026,Adelaide,P98,184.39,18.44,202.82
29/07/2026,Adelaide,DIS,192.97,19.30,212.27
29/07/2026,Adelaide,PREDIS,194.97,19.50,214.47
29/07/2026,Perth,ULP,163.46,16.35,179.81
29/07/2026,Perth,E10,,,
29/07/2026,Perth,P95,173.84,17.38,191.22
29/07/2026,Perth,P98,188.79,18.88,207.67
29/07/2026,Perth,DIS,194.05,19.41,213.46
29/07/2026,Perth,PREDIS,196.05,19.61,215.66
29/07/2026,Darwin,ULP,167.48,16.75,184.23
29/07/2026,Darwin,E10,,,
29/07/2026,Darwin,P95,177.94,17.79,195.73
29/07/2026,Darwin,P98,,,
29/07/2026,Darwin,DIS,196.48,19.65,216.13
29/07/2026,Darwin,PREDIS,198.48,19.85,218.33
29/07/2026,Bell Bay,ULP,167.10,16.71,183.81
29/07/2026,Bell Bay,E10,168.79,16.88,185.67
29/07/2026,Bell Bay,P95,176.91,17.69,194.60
29/07/2026,Bell Bay,P98,180.46,18.05,198.51
29/07/2026,Bell Bay,DIS,200.87,20.09,220.96
29/07/2026,Bell Bay,PREDIS,202.87,20.29,223.16
29/07/2026,Broome,ULP,192.39,19.24,211.63
29/07/2026,Broome,E10,,,
29/07/2026,Broome,P95,201.88,20.19,222.07
29/07/2026,Broome,P98,,,
29/07/2026,Broome,DIS,203.91,20.39,224.30
30/07/2026,Hastings,ULP,163.71,16.37,180.08
30/07/2026,Hastings,E10,163.68,16.37,180.04
30/07/2026,Hastings,P95,177.38,17.74,195.12
30/07/2026,Hastings,P98,184.55,18.45,203.00
30/07/2026,Hastings,DIS,197.16,19.72,216.87
30/07/2026,Hastings,PREDIS,199.16,19.92,219.07
30/07/2026,Yarraville,ULP,166.94,16.69,183.64
30/07/2026,Yarraville,E10,164.92,16.49,181.41
30/07/2026,Yarraville,P95,178.71,17.87,196.58
30/07/2026,Yarraville,P98,184.82,18.48,203.30
30/07/2026,Yarraville,DIS,199.71,19.97,219.69
30/07/2026,Yarraville,PREDIS,201.71,20.17,221.89
30/07/2026,Sydney,ULP,162.97,16.30,179.27
30/07/2026,Sydney,E10,162.85,16.28,179.13
30/07/2026,Sydney,P95,177.98,17.80,195.78
30/07/2026,Sydney,P98,186.07,18.61,204.67
30/07/2026,Sydney,DIS,197.36,19.74,217.10
30/07/2026,Sydney,PREDIS,199.36,19.94,219.30
30/07/2026,Brisbane,ULP,165.17,16.52,181.69
30/07/2026,Brisbane,E10,162.71,16.27,178.99
30/07/2026,Brisbane,P95,175.10,17.51,192.61
30/07/2026,Brisbane,P98,189.05,18.90,207.95
30/07/2026,Brisbane,DIS,198.10,19.81,217.91
30/07/2026,Brisbane,PREDIS,200.10,20.01,220.11
30/07/2026,Brisbane,B5,201.75,20.17,221.92
30/07/2026,Gladstone,ULP,171.04,17.10,188.15
30/07/2026,Gladstone,E10,169.18,16.92,186.10
30/07/2026,Gladstone,P95,172.78,17.28,190.06
30/07/2026,Gladstone,P98,,,
30/07/2026,Gladstone,DIS,197.65,19.77,217.42
30/07/2026,Gladstone,PREDIS,199.65,19.97,219.62
30/07/2026,Mackay,ULP,170.90,17.09,187.99
30/07/2026,Mackay,E10,171.56,17.16,188.71
30/07/2026,Mackay,P95,174.26,17.43,191.69
30/07/2026,Mackay,P98,177.18,17.72,194.90
30/07/2026,Mackay,DIS,198.15,19.82,217.97
30/07/2026,Mackay,PREDIS,200.15,20.02,220.17
30/07/2026,Townsville,ULP,170.92,17.09,188.01
30/07/2026,Townsville,E10,171.92,17.19,189.11
30/07/2026,Townsville,P95,182.67,18.27,200.94
30/07/2026,Townsville,P98,199.97,20.00,219.97
30/07/2026,Townsville,DIS,200.31,20.03,220.34
30/07/2026,Townsville,PREDIS,202.31,20.23,222.54
30/07/2026,Cairns,ULP,169.92,16.99,186.91
30/07/2026,Cairns,E10,172.79,17.28,190.07
30/07/2026,Cairns,P95,178.65,17.87,196.52
30/07/2026,Cairns,P98,,,
30/07/2026,Cairns,DIS,198.61,19.86,218.48
30/07/2026,Cairns,PREDIS,200.61,20.06,220.68
30/07/2026,Port Alma,DIS,197.65,19.77,217.42
30/07/2026,Adelaide,ULP,161.96,16.20,178.16
30/07/2026,Adelaide,E10,159.30,15.93,175.23
30/07/2026,Adelaide,P95,170.63,17.06,187.69
30/07/2026,Adelaide,P98,185.08,18.51,203.58
30/07/2026,Adelaide,DIS,193.70,19.37,213.07
30/07/2026,Adelaide,PREDIS,195.70,19.57,215.27
30/07/2026,Perth,ULP,164.32,16.43,180.75
30/07/2026,Perth,E10,,,
30/07/2026,Perth,P95,174.65,17.46,192.11
30/07/2026,Perth,P98,189.48,18.95,208.43
30/07/2026,Perth,DIS,194.79,19.48,214.27
30/07/2026,Perth,PREDIS,196.79,19.68,216.47
30/07/2026,Darwin,ULP,168.35,16.84,185.19
30/07/2026,Darwin,E10,,,
30/07/2026,Darwin,P95,178.64,17.86,196.50
30/07/2026,Darwin,P98,,,
30/07/2026,Darwin,DIS,197.22,19.72,216.94
30/07/2026,Darwin,PREDIS,199.22,19.92,219.14
30/07/2026,Bell Bay,ULP,167.94,16.79,184.74
30/07/2026,Bell Bay,E10,169.62,16.96,186.59
30/07/2026,Bell Bay,P95,177.63,17.76,195.39
30/07/2026,Bell Bay,P98,181.14,18.11,199.25
30/07/2026,Bell Bay,DIS,201.58,20.16,221.73
30/07/2026,Bell Bay,PREDIS,203.58,20.36,223.93
30/07/2026,Broome,ULP,193.07,19.31,212.37
30/07/2026,Broome,E10,,,
30/07/2026,Broome,P95,202.51,20.25,222.76
30/07/2026,Broome,P98,,,
30/07/2026,Broome,DIS,204.60,20.46,225.06
31/07/2026,Hastings,ULP,164.15,16.41,180.56
31/07/2026,Hastings,E10,164.11,16.41,180.52
31/07/2026,Hastings,P95,177.70,17.77,195.47
31/07/2026,Hastings,P98,184.81,18.48,203.29
31/07/2026,Hastings,DIS,198.21,19.82,218.03
31/07/2026,Hastings,PREDIS,200.21,20.02,220.23
31/07/2026,Yarraville,ULP,167.34,16.73,184.07
31/07/2026,Yarraville,E10,165.28,16.53,181.81
31/07/2026,Yarraville,P95,178.99,17.90,196.88
31/07/2026,Yarraville,P98,185.10,18.51,203.61
31/07/2026,Yarraville,DIS,200.78,20.08,220.85
31/07/2026,Yarraville,PREDIS,202.78,20.28,223.05
31/07/2026,Sydney,ULP,163.41,16.34,179.75
31/07/2026,Sydney,E10,163.28,16.33,179.61
31/07/2026,Sydney,P95,178.29,17.83,196.12
31/07/2026,Sydney,P98,186.33,18.63,204.97
31/07/2026,Sydney,DIS,198.41,19.84,218.25
31/07/2026,Sydney,PREDIS,200.41,20.04,220.45
31/07/2026,Brisbane,ULP,165.56,16.56,182.11
31/07/2026,Brisbane,E10,163.10,16.31,179.40
31/07/2026,Brisbane,P95,175.42,17.54,192.97
31/07/2026,Brisbane,P98,189.26,18.93,208.18
31/07/2026,Brisbane,DIS,199.08,19.91,218.99
31/07/2026,Brisbane,PREDIS,201.08,20.11,221.19
31/07/2026,Brisbane,B5,202.73,20.27,223.01
31/07/2026,Gladstone,ULP,171.48,17.15,188.63
31/07/2026,Gladstone,E10,169.57,16.96,186.53
31/07/2026,Gladstone,P95,173.17,17.32,190.48
31/07/2026,Gladstone,P98,,,
31/07/2026,Gladstone,DIS,198.71,19.87,218.58
31/07/2026,Gladstone,PREDIS,200.71,20.07,220.78
31/07/2026,Mackay,ULP,171.34,17.13,188.47
31/07/2026,Mackay,E10,171.95,17.20,189.15
31/07/2026,Mackay,P95,174.53,17.45,191.98
31/07/2026,Mackay,P98,177.45,17.75,195.20
31/07/2026,Mackay,DIS,199.21,19.92,219.13
31/07/2026,Mackay,PREDIS,201.21,20.12,221.33
31/07/2026,Townsville,ULP,171.36,17.14,188.49
31/07/2026,Townsville,E10,172.36,17.24,189.59
31/07/2026,Townsville,P95,182.94,18.29,201.23
31/07/2026,Townsville,P98,200.24,20.02,220.26
31/07/2026,Townsville,DIS,201.37,20.14,221.51
31/07/2026,Townsville,PREDIS,203.37,20.34,223.71
31/07/2026,Cairns,ULP,170.36,17.04,187.40
31/07/2026,Cairns,E10,173.17,17.32,190.49
31/07/2026,Cairns,P95,179.04,17.90,196.95
31/07/2026,Cairns,P98,,,
31/07/2026,Cairns,DIS,199.67,19.97,219.64
31/07/2026,Cairns,PREDIS,201.67,20.17,221.84
31/07/2026,Port Alma,DIS,198.71,19.87,218.58
31/07/2026,Adelaide,ULP,162.41,16.24,178.65
31/07/2026,Adelaide,E10,159.74,15.97,175.71
31/07/2026,Adelaide,P95,171.02,17.10,188.12
31/07/2026,Adelaide,P98,185.35,18.53,203.88
31/07/2026,Adelaide,DIS,194.76,19.48,214.24
31/07/2026,Adelaide,PREDIS,196.76,19.68,216.44
31/07/2026,Perth,ULP,164.77,16.48,181.24
31/07/2026,Perth,E10,,,
31/07/2026,Perth,P95,175.04,17.50,192.54
31/07/2026,Perth,P98,189.76,18.98,208.73
31/07/2026,Perth,DIS,195.86,19.59,215.45
31/07/2026,Perth,PREDIS,197.86,19.79,217.65
31/07/2026,Darwin,ULP,168.81,16.88,185.69
31/07/2026,Darwin,E10,,,
31/07/2026,Darwin,P95,178.92,17.89,196.81
31/07/2026,Darwin,P98,,,
31/07/2026,Darwin,DIS,198.29,19.83,218.12
31/07/2026,Darwin,PREDIS,200.29,20.03,220.32
31/07/2026,Bell Bay,ULP,168.37,16.84,185.21
31/07/2026,Bell Bay,E10,170.05,17.01,187.06
31/07/2026,Bell Bay,P95,177.94,17.79,195.73
31/07/2026,Bell Bay,P98,181.39,18.14,199.53
31/07/2026,Bell Bay,DIS,202.62,20.26,222.88
31/07/2026,Bell Bay,PREDIS,204.62,20.46,225.08
31/07/2026,Broome,ULP,193.35,19.34,212.69
31/07/2026,Broome,E10,,,
31/07/2026,Broome,P95,202.74,20.27,223.01
31/07/2026,Broome,P98,,,
31/07/2026,Broome,DIS,205.63,20.56,226.19
1/08/26 to 2/08/26,Hastings,ULP,164.80,16.48,181.28
1/08/26 to 2/08/26,Hastings,E10,164.75,16.48,181.23
1/08/26 to 2/08/26,Hastings,P95,178.22,17.82,196.04
1/08/26 to 2/08/26,Hastings,P98,185.29,18.53,203.82
1/08/26 to 2/08/26,Hastings,DIS,199.46,19.95,219.41
1/08/26 to 2/08/26,Hastings,PREDIS,201.46,20.15,221.61
1/08/26 to 2/08/26,Yarraville,ULP,167.93,16.79,184.72
1/08/26 to 2/08/26,Yarraville,E10,165.81,16.58,182.39
1/08/26 to 2/08/26,Yarraville,P95,179.47,17.95,197.42
1/08/26 to 2/08/26,Yarraville,P98,185.59,18.56,204.15
1/08/26 to 2/08/26,Yarraville,DIS,202.04,20.20,222.24
1/08/26 to 2/08/26,Yarraville,PREDIS,204.04,20.40,224.44
1/08/26 to 2/08/26,Sydney,ULP,164.06,16.41,180.47
1/08/26 to 2/08/26,Sydney,E10,163.92,16.39,180.32
1/08/26 to 2/08/26,Sydney,P95,178.81,17.88,196.69
1/08/26 to 2/08/26,Sydney,P98,186.81,18.68,205.49
1/08/26 to 2/08/26,Sydney,DIS,199.66,19.97,219.63
1/08/26 to 2/08/26,Sydney,PREDIS,201.66,20.17,221.83
1/08/26 to 2/08/26,Brisbane,ULP,166.16,16.62,182.77
1/08/26 to 2/08/26,Brisbane,E10,163.70,16.37,180.06
1/08/26 to 2/08/26,Brisbane,P95,175.95,17.60,193.55
1/08/26 to 2/08/26,Brisbane,P98,189.68,18.97,208.65
1/08/26 to 2/08/26,Brisbane,DIS,200.28,20.03,220.30
1/08/26 to 2/08/26,Brisbane,PREDIS,202.28,20.23,222.50
1/08/26 to 2/08/26,Brisbane,B5,203.93,20.39,224.32
1/08/26 to 2/08/26,Gladstone,ULP,172.13,17.21,189.34
1/08/26 to 2/08/26,Gladstone,E10,170.16,17.02,187.18
1/08/26 to 2/08/26,Gladstone,P95,173.75,17.37,191.12
1/08/26 to 2/08/26,Gladstone,P98,,,
1/08/26 to 2/08/26,Gladstone,DIS,199.97,20.00,219.97
1/08/26 to 2/08/26,Gladstone,PREDIS,201.97,20.20,222.17
1/08/26 to 2/08/26,Mackay,ULP,171.99,17.20,189.19
1/08/26 to 2/08/26,Mackay,E10,172.54,17.25,189.80
1/08/26 to 2/08/26,Mackay,P95,175.01,17.50,192.51
1/08/26 to 2/08/26,Mackay,P98,177.93,17.79,195.73
1/08/26 to 2/08/26,Mackay,DIS,200.47,20.05,220.52
1/08/26 to 2/08/26,Mackay,PREDIS,202.47,20.25,222.72
1/08/26 to 2/08/26,Townsville,ULP,172.01,17.20,189.21
1/08/26 to 2/08/26,Townsville,E10,173.01,17.30,190.31
1/08/26 to 2/08/26,Townsville,P95,183.42,18.34,201.76
1/08/26 to 2/08/26,Townsville,P98,200.72,20.07,220.79
1/08/26 to 2/08/26,Townsville,DIS,202.62,20.26,222.89
1/08/26 to 2/08/26,Townsville,PREDIS,204.62,20.46,225.09
1/08/26 to 2/08/26,Cairns,ULP,171.02,17.10,188.12
1/08/26 to 2/08/26,Cairns,E10,173.75,17.38,191.13
1/08/26 to 2/08/26,Cairns,P95,179.63,17.96,197.59
1/08/26 to 2/08/26,Cairns,P98,,,
1/08/26 to 2/08/26,Cairns,DIS,200.93,20.09,221.02
1/08/26 to 2/08/26,Cairns,PREDIS,202.93,20.29,223.22
1/08/26 to 2/08/26,Port Alma,DIS,199.97,20.00,219.97
1/08/26 to 2/08/26,Adelaide,ULP,163.07,16.31,179.38
1/08/26 to 2/08/26,Adelaide,E10,160.39,16.04,176.43
1/08/26 to 2/08/26,Adelaide,P95,171.61,17.16,188.77
1/08/26 to 2/08/26,Adelaide,P98,185.84,18.58,204.42
1/08/26 to 2/08/26,Adelaide,DIS,196.02,19.60,215.63
1/08/26 to 2/08/26,Adelaide,PREDIS,198.02,19.80,217.83
1/08/26 to 2/08/26,Perth,ULP,165.43,16.54,181.97
1/08/26 to 2/08/26,Perth,E10,,,
1/08/26 to 2/08/26,Perth,P95,175.63,17.56,193.19
1/08/26 to 2/08/26,Perth,P98,190.25,19.02,209.27
1/08/26 to 2/08/26,Perth,DIS,197.14,19.71,216.85
1/08/26 to 2/08/26,Perth,PREDIS,199.14,19.91,219.05
1/08/26 to 2/08/26,Darwin,ULP,169.48,16.95,186.43
1/08/26 to 2/08/26,Darwin,E10,,,
1/08/26 to 2/08/26,Darwin,P95,179.42,17.94,197.36
1/08/26 to 2/08/26,Darwin,P98,,,
1/08/26 to 2/08/26,Darwin,DIS,199.56,19.96,219.52
1/08/26 to 2/08/26,Darwin,PREDIS,201.56,20.16,221.72
1/08/26 to 2/08/26,Bell Bay,ULP,169.02,16.90,185.92
1/08/26 to 2/08/26,Bell Bay,E10,170.69,17.07,187.76
1/08/26 to 2/08/26,Bell Bay,P95,178.45,17.84,196.29
1/08/26 to 2/08/26,Bell Bay,P98,181.87,18.19,200.05
1/08/26 to 2/08/26,Bell Bay,DIS,203.86,20.39,224.25
1/08/26 to 2/08/26,Bell Bay,PREDIS,205.86,20.59,226.45
1/08/26 to 2/08/26,Broome,ULP,193.85,19.39,213.24
1/08/26 to 2/08/26,Broome,E10,,,
1/08/26 to 2/08/26,Broome,P95,203.17,20.32,223.48
1/08/26 to 2/08/26,Broome,P98,,,
1/08/26 to 2/08/26,Broome,DIS,206.86,20.69,227.55
4/08/2026,Hastings,ULP,180.81,18.08,198.90
4/08/2026,Hastings,E10,180.75,18.08,198.83
4/08/2026,Hastings,P95,194.28,19.43,213.71
4/08/2026,Hastings,P98,201.27,20.13,221.40
4/08/2026,Hastings,DIS,216.01,21.60,237.61
4/08/2026,Hastings,PREDIS,218.01,21.80,239.81
4/08/2026,Yarraville,ULP,184.13,18.41,202.54
4/08/2026,Yarraville,E10,181.00,18.10,199.10
4/08/2026,Yarraville,P95,195.47,19.55,215.02
4/08/2026,Yarraville,P98,201.58,20.16,221.74
4/08/2026,Yarraville,DIS,218.60,21.86,240.46
4/08/2026,Yarraville,PREDIS,220.60,22.06,242.66
4/08/2026,Sydney,ULP,180.08,18.01,198.08
4/08/2026,Sydney,E10,179.92,17.99,197.92
4/08/2026,Sydney,P95,194.88,19.49,214.36
4/08/2026,Sydney,P98,202.79,20.28,223.07
4/08/2026,Sydney,DIS,216.21,21.62,237.83
4/08/2026,Sydney,PREDIS,218.21,21.82,240.03
4/08/2026,Brisbane,ULP,182.12,18.21,200.33
4/08/2026,Brisbane,E10,178.51,17.85,196.36
4/08/2026,Brisbane,P95,192.09,19.21,211.30
4/08/2026,Brisbane,P98,205.62,20.56,226.18
4/08/2026,Brisbane,DIS,216.77,21.68,238.45
4/08/2026,Brisbane,PREDIS,218.77,21.88,240.65
4/08/2026,Brisbane,B5,220.42,22.04,242.46
4/08/2026,Gladstone,ULP,188.15,18.81,206.96
4/08/2026,Gladstone,E10,185.13,18.51,203.65
4/08/2026,Gladstone,P95,189.94,18.99,208.93
4/08/2026,Gladstone,P98,,,
4/08/2026,Gladstone,DIS,216.53,21.65,238.18
4/08/2026,Gladstone,PREDIS,218.53,21.85,240.38
4/08/2026,Mackay,ULP,188.01,18.80,206.81
4/08/2026,Mackay,E10,187.52,18.75,206.27
4/08/2026,Mackay,P95,191.00,19.10,210.10
4/08/2026,Mackay,P98,193.92,19.39,213.31
4/08/2026,Mackay,DIS,217.03,21.70,238.74
4/08/2026,Mackay,PREDIS,219.03,21.90,240.94
4/08/2026,Townsville,ULP,188.03,18.80,206.83
4/08/2026,Townsville,E10,189.03,18.90,207.93
4/08/2026,Townsville,P95,199.41,19.94,219.35
4/08/2026,Townsville,P98,216.71,21.67,238.38
4/08/2026,Townsville,DIS,219.18,21.92,241.10
4/08/2026,Townsville,PREDIS,221.18,22.12,243.30
4/08/2026,Cairns,ULP,187.04,18.70,205.75
4/08/2026,Cairns,E10,189.84,18.98,208.83
4/08/2026,Cairns,P95,195.82,19.58,215.41
4/08/2026,Cairns,P98,,,
4/08/2026,Cairns,DIS,217.49,21.75,239.24
4/08/2026,Cairns,PREDIS,219.49,21.95,241.44
4/08/2026,Port Alma,DIS,216.53,21.65,238.18
4/08/2026,Adelaide,ULP,179.10,17.91,197.01
4/08/2026,Adelaide,E10,175.27,17.53,192.80
4/08/2026,Adelaide,P95,187.80,18.78,206.58
4/08/2026,Adelaide,P98,201.83,20.18,222.01
4/08/2026,Adelaide,DIS,212.59,21.26,233.85
4/08/2026,Adelaide,PREDIS,214.59,21.46,236.05
4/08/2026,Perth,ULP,181.45,18.15,199.60
4/08/2026,Perth,E10,,,
4/08/2026,Perth,P95,191.83,19.18,211.01
4/08/2026,Perth,P98,206.24,20.62,226.86
4/08/2026,Perth,DIS,213.71,21.37,235.09
4/08/2026,Perth,PREDIS,215.71,21.57,237.29
4/08/2026,Darwin,ULP,185.52,18.55,204.07
4/08/2026,Darwin,E10,,,
4/08/2026,Darwin,P95,195.43,19.54,214.97
4/08/2026,Darwin,P98,,,
4/08/2026,Darwin,DIS,216.14,21.61,237.75
4/08/2026,Darwin,PREDIS,218.14,21.81,239.95
4/08/2026,Bell Bay,ULP,185.02,18.50,203.52
4/08/2026,Bell Bay,E10,186.68,18.67,205.35
4/08/2026,Bell Bay,P95,194.50,19.45,213.95
4/08/2026,Bell Bay,P98,197.84,19.78,217.62
4/08/2026,Bell Bay,DIS,220.40,22.04,242.44
4/08/2026,Bell Bay,PREDIS,222.40,22.24,244.64
4/08/2026,Broome,ULP,209.68,20.97,230.64
4/08/2026,Broome,E10,,,
4/08/2026,Broome,P95,219.16,21.92,241.08
4/08/2026,Broome,P98,,,
4/08/2026,Broome,DIS,223.39,22.34,245.73
